M,seed,method,presolve,solver,status,rounded_optimal,rounded_optimal_within_eta,integer_error,objective_rounded,true_optimum,prep_seconds,solver_seconds,exported_rows,nnz,max_exported_violation,x
1000000,50,Base,False,highs,kOptimal,True,True,0.0,347.0,347,1.8709997675614432e-06,0.018943193000268366,13,108,0.0,"[0.0, 1.0, 1.0, 0.0, 0.0, 0.0, 1.0, 0.0, 0.0, 0.0, 1.0, 0.0, 0.0, 1.0, 1.0, 0.0, 0.0, 0.0, 1.0, 0.0, 1.0, 1.0, 0.0, 0.0, 1.0, 1.0, -0.0, -0.0, -0.0, 0.0, 0.0, 0.0, 1.0, 0.0, 0.0, 1.0]"
1000000,50,Base,False,gurobi,2,True,True,0.0,347.0,347,1.8709997675614432e-06,0.004119995000110066,13,108,0.0,"[-0.0, 1.0, 1.0, -0.0, -0.0, -0.0, 1.0, -0.0, -0.0, -0.0, 1.0, -0.0, -0.0, 1.0, 1.0, -0.0, -0.0, -0.0, 1.0, -0.0, 1.0, 1.0, -0.0, -0.0, 1.0, 1.0, -0.0, -0.0, -0.0, -0.0, -0.0, -0.0, 1.0, -0.0, -0.0, 1.0]"
1000000,50,Base,True,highs,kOptimal,True,True,0.0,347.0,347,1.8709997675614432e-06,0.002500385000530514,13,108,0.0,"[0.0, 1.0, 1.0, 0.0, 0.0, 0.0, 1.0, 0.0, 0.0, 0.0, 1.0, 0.0, 0.0, 1.0, 1.0, 0.0, 0.0, 0.0, 1.0, 0.0, 1.0, 1.0, 0.0, 0.0, 1.0, 1.0, 0.0, 0.0, 0.0, 0.0, 0.0, 0.0, 1.0, 0.0, 0.0, 1.0]"
1000000,50,Base,True,gurobi,2,True,True,0.0,347.0,347,1.8709997675614432e-06,0.0016759370000727358,13,108,0.0,"[0.0, 1.0, 1.0, 0.0, 0.0, 0.0, 1.0, -0.0, -0.0, -0.0, 1.0, -0.0, -0.0, 1.0, 1.0, 0.0, -0.0, 0.0, 1.0, 0.0, 1.0, 1.0, 0.0, 0.0, 1.0, 1.0, -0.0, -0.0, -0.0, 0.0, 0.0, -0.0, 1.0, 0.0, 0.0, 1.0]"
1000000,50,GCD-floor,False,highs,kOptimal,True,True,0.0,347.0,347,9.240700001100777e-05,0.013944361000540084,13,108,0.0,"[0.0, 1.0, 1.0, 0.0, 0.0, 0.0, 1.0, 0.0, 0.0, 0.0, 1.0, 0.0, 0.0, 1.0, 1.0, 0.0, 0.0, 0.0, 1.0, 0.0, 1.0, 1.0, 0.0, 0.0, 1.0, 1.0, -0.0, -0.0, -0.0, 0.0, 0.0, 0.0, 1.0, 0.0, 0.0, 1.0]"
1000000,50,GCD-floor,False,gurobi,2,True,True,0.0,347.0,347,9.240700001100777e-05,0.003719705999174039,13,108,0.0,"[-0.0, 1.0, 1.0, -0.0, -0.0, -0.0, 1.0, -0.0, -0.0, -0.0, 1.0, -0.0, -0.0, 1.0, 1.0, -0.0, -0.0, -0.0, 1.0, -0.0, 1.0, 1.0, -0.0, -0.0, 1.0, 1.0, -0.0, -0.0, -0.0, -0.0, -0.0, -0.0, 1.0, -0.0, -0.0, 1.0]"
1000000,50,GCD-floor,True,highs,kOptimal,True,True,0.0,347.0,347,9.240700001100777e-05,0.0018992960003743065,13,108,0.0,"[0.0, 1.0, 1.0, 0.0, 0.0, 0.0, 1.0, 0.0, 0.0, 0.0, 1.0, 0.0, 0.0, 1.0, 1.0, 0.0, 0.0, 0.0, 1.0, 0.0, 1.0, 1.0, 0.0, 0.0, 1.0, 1.0, 0.0, 0.0, 0.0, 0.0, 0.0, 0.0, 1.0, 0.0, 0.0, 1.0]"
1000000,50,GCD-floor,True,gurobi,2,True,True,0.0,347.0,347,9.240700001100777e-05,0.0012406519999785814,13,108,0.0,"[0.0, 1.0, 1.0, 0.0, 0.0, 0.0, 1.0, -0.0, -0.0, -0.0, 1.0, -0.0, -0.0, 1.0, 1.0, 0.0, -0.0, 0.0, 1.0, 0.0, 1.0, 1.0, 0.0, 0.0, 1.0, 1.0, -0.0, -0.0, -0.0, 0.0, 0.0, -0.0, 1.0, 0.0, 0.0, 1.0]"
1000000,50,Dyadic-GM,False,highs,kOptimal,False,False,0.0,396.0,347,0.09991997399993124,0.02131394200023351,13,108,2.384185791015625e-07,"[0.0, 1.0, 1.0, 0.0, 0.0, 0.0, 1.0, 0.0, 0.0, 0.0, 1.0, 0.0, 1.0, 1.0, 1.0, -0.0, 1.0, 0.0, 1.0, 0.0, 1.0, 0.0, -0.0, 1.0, 1.0, -0.0, 1.0, -0.0, -0.0, 1.0, 0.0, 0.0, 1.0, -0.0, 0.0, 1.0]"
1000000,50,Dyadic-GM,False,gurobi,2,False,False,0.0,426.0,347,0.09991997399993124,0.0015483269999094773,13,108,7.152557373046875e-07,"[0.0, 1.0, 1.0, -0.0, -0.0, -0.0, 1.0, 0.0, 0.0, 0.0, 1.0, 0.0, 1.0, 1.0, 1.0, 0.0, 1.0, 0.0, 1.0, 0.0, 1.0, 0.0, 0.0, 1.0, 1.0, 1.0, 1.0, 1.0, 0.0, 0.0, 0.0, 0.0, 1.0, 0.0, 0.0, 1.0]"
1000000,50,Dyadic-GM,True,highs,kOptimal,False,False,0.0,395.0,347,0.09991997399993124,0.004410460999679344,13,108,2.384185791015625e-07,"[0.0, 1.0, 1.0, 0.0, 0.0, 0.0, 1.0, 0.0, 0.0, 0.0, 1.0, 0.0, 0.0, 1.0, 1.0, 0.0, 0.0, 0.0, 1.0, 0.0, 1.0, 0.0, 0.0, 1.0, 1.0, 0.0, 1.0, 0.0, 0.0, 1.0, 1.0, 0.0, 0.0, 0.0, 1.0, 1.0]"
1000000,50,Dyadic-GM,True,gurobi,2,False,False,0.0,436.0,347,0.09991997399993124,0.0015579109995087492,13,108,8.344650268554688e-07,"[0.0, 1.0, 1.0, 0.0, 0.0, 0.0, 1.0, 1.0, 1.0, 0.0, 1.0, 0.0, 0.0, 1.0, 1.0, 0.0, 0.0, 0.0, 1.0, 0.0, 1.0, 0.0, 0.0, 1.0, 1.0, 0.0, 1.0, 0.0, 0.0, 1.0, 1.0, 0.0, 0.0, 1.0, 0.0, 0.0]"
1000000,50,Pair-sum,False,highs,kOptimal,False,False,4.999985001585827e-07,396.0,347,0.10018345600019529,0.020566780000081053,19,144,2.384185791015625e-07,"[0.0, 1.0, 1.0, 0.0, 0.0, 0.0, 1.0, -0.0, 0.0, 0.0, 1.0, 0.0, 1.0, 1.0, 1.0, 0.0, 0.9999998333333889, 0.0, 1.0, 0.0, 1.0, 0.0, -0.0, 1.0, 0.9999995000015, -0.0, 1.0, 4.999985001585827e-07, 4.999985001585827e-07, 0.9999995000014998, -0.0, 0.0, 1.0000000000000004, 0.0, 0.0, 1.0]"
1000000,50,Pair-sum,False,gurobi,2,False,False,8.749989063345601e-07,396.0,347,0.10018345600019529,0.0032674109997969936,19,144,4.643148743228376e-17,"[0.0, 1.0, 1.0, -0.0, -0.0, -0.0, 1.0, 8.749989063345601e-07, 8.749989062195596e-07, -0.0, 0.9999991250010938, -0.0, 1.0, 1.0000004999994998, 1.0, -0.0, 1.0, -4.999994998287435e-07, 1.0, -0.0, 1.0, -0.0, -0.0, 1.0000001250001562, 1.0, -0.0, 0.999999500002, 0.0, -0.0, 1.0, 0.0, -0.0, 1.0, 0.0, -0.0, 1.0]"
1000000,50,Pair-sum,True,highs,kOptimal,False,False,2.4999981240725333e-07,396.0,347,0.10018345600019529,0.004027869999845279,19,144,2.384185791015625e-07,"[0.0, 1.0, 1.0, 0.0, 0.0, 0.0, 1.0, 0.0, 0.0, 0.0, 1.0, 0.0, 1.0, 1.0, 1.0, 0.0, 1.0, 0.0, 1.0, 0.0, 1.0, 0.0, 0.0, 1.0000002499998124, 0.9999998333332498, 0.0, 1.0, 0.0, 0.0, 1.0, -0.0, 0.0, 1.0, 0.0, 0.0, 1.0]"
1000000,50,Pair-sum,True,gurobi,2,False,False,0.0,396.0,347,0.10018345600019529,0.002088614999593119,19,144,2.384185791015625e-07,"[-0.0, 1.0, 1.0, 0.0, 0.0, 0.0, 1.0, -0.0, -0.0, -0.0, 1.0, -0.0, 1.0, 1.0, 1.0, 0.0, 1.0, 0.0, 1.0, -0.0, 1.0, -0.0, -0.0, 1.0, 1.0, -0.0, 1.0, -0.0, -0.0, 1.0, -0.0, -0.0, 1.0, -0.0, 0.0, 1.0]"
1000000,50,All-elimination,False,highs,kOptimal,False,False,1.2500000014266414e-07,396.0,347,0.09849425300035364,0.010305894000339322,55,324,2.384185791015625e-07,"[0.0, 1.0, 1.0, 0.0, 0.0, 0.0, 1.0, -0.0, -0.0, 0.0, 1.0, 0.0, 1.0, 1.0, 1.0, 0.0, 1.0, 0.0, 1.0, 0.0, 1.0, 0.0, 0.0, 1.0, 0.9999998750000001, -0.0, 1.0, 0.0, 1.2500000014266414e-07, 1.0, -0.0, -0.0, 1.0, -0.0, 0.0, 1.0]"
1000000,50,All-elimination,False,gurobi,2,False,False,0.0,396.0,347,0.09849425300035364,0.0022720719998687855,55,324,2.384185791015625e-07,"[-0.0, 1.0, 1.0, -0.0, -0.0, -0.0, 1.0, -0.0, -0.0, -0.0, 1.0, -0.0, 1.0, 1.0, 1.0, -0.0, 1.0, -0.0, 1.0, -0.0, 1.0, -0.0, -0.0, 1.0, 1.0, -0.0, 1.0, -0.0, -0.0, 1.0, -0.0, -0.0, 1.0, -0.0, -0.0, 1.0]"
1000000,50,All-elimination,True,highs,kOptimal,False,False,4.999991666680555e-07,396.0,347,0.09849425300035364,0.005013112000597175,55,324,2.384185791015625e-07,"[0.0, 1.0, 1.0, 0.0, 0.0, 0.0, 1.0, 0.0, 0.0, 0.0, 1.0, 0.0, 1.0, 1.0, 1.0, 0.0, 1.0, 0.0, 1.0, -0.0, 1.0, 0.0, -0.0, 1.0, 1.0, 4.999991666680555e-07, 1.0, 0.0, 0.0, 1.0, -0.0, 0.0, 1.0, 0.0, 0.0, 1.0]"
1000000,50,All-elimination,True,gurobi,2,False,False,0.0,396.0,347,0.09849425300035364,0.0012994419994356576,55,324,2.384185791015625e-07,"[0.0, 1.0, 1.0, 0.0, 0.0, 0.0, 1.0, 0.0, 0.0, 0.0, 1.0, 0.0, 1.0, 1.0, 1.0, 0.0, 1.0, 0.0, 1.0, -0.0, 1.0, 0.0, 0.0, 1.0, 1.0, -0.0, 1.0, -0.0, 0.0, 1.0, 0.0, -0.0, 1.0, 0.0, 0.0, 1.0]"
1000000,50,Selected-guards,False,highs,ABSTAIN,False,False,,,347,0.016273055999590724,0.0,,,,null
1000000,50,Selected-guards,False,gurobi,ABSTAIN,False,False,,,347,0.016273055999590724,0.0,,,,null
1000000,50,Selected-guards,True,highs,ABSTAIN,False,False,,,347,0.016273055999590724,0.0,,,,null
1000000,50,Selected-guards,True,gurobi,ABSTAIN,False,False,,,347,0.016273055999590724,0.0,,,,null
1000000,50,Unsafe-clauses,False,highs,kOptimal,True,True,0.0,347.0,347,0.12196318000042083,0.005513814000551065,19,120,0.0,"[0.0, 1.0, 1.0, 0.0, 0.0, 0.0, 1.0, 0.0, 0.0, 0.0, 1.0, 0.0, 0.0, 1.0, 1.0, 0.0, 0.0, 0.0, 1.0, 0.0, 1.0, 1.0, 0.0, 0.0, 1.0, 1.0, 0.0, 0.0, 0.0, 0.0, 0.0, 0.0, 1.0, 0.0, 0.0, 1.0]"
1000000,50,Unsafe-clauses,False,gurobi,2,True,True,0.0,347.0,347,0.12196318000042083,0.0016149960001712316,19,120,0.0,"[0.0, 1.0, 1.0, -0.0, -0.0, -0.0, 1.0, 0.0, -0.0, -0.0, 1.0, -0.0, -0.0, 1.0, 1.0, 0.0, -0.0, -0.0, 1.0, 0.0, 1.0, 1.0, -0.0, -0.0, 1.0, 1.0, -0.0, 0.0, 0.0, -0.0, 0.0, -0.0, 1.0, -0.0, -0.0, 1.0]"
1000000,50,Unsafe-clauses,True,highs,kOptimal,True,True,0.0,347.0,347,0.12196318000042083,0.004499476000091818,19,120,0.0,"[0.0, 1.0, 1.0, 0.0, 0.0, 0.0, 1.0, 0.0, 0.0, 0.0, 1.0, 0.0, 0.0, 1.0, 1.0, 0.0, 0.0, 0.0, 1.0, 0.0, 1.0, 1.0, 0.0, 0.0, 1.0, 1.0, 0.0, 0.0, 0.0, 0.0, 0.0, 0.0, 1.0, 0.0, 0.0, 1.0]"
1000000,50,Unsafe-clauses,True,gurobi,2,True,True,0.0,347.0,347,0.12196318000042083,0.0009009320001496235,19,120,0.0,"[0.0, 1.0, 1.0, 0.0, 0.0, 0.0, 1.0, 0.0, 0.0, 0.0, 1.0, 0.0, 0.0, 1.0, 1.0, 0.0, 0.0, 0.0, 1.0, 0.0, 1.0, 1.0, -0.0, 0.0, 1.0, 1.0, -0.0, -0.0, 0.0, 0.0, 0.0, -0.0, 1.0, 0.0, 0.0, 1.0]"
1000000,50,All-clauses,False,highs,kOptimal,True,True,0.0,347.0,347,0.12300621699978365,0.003599450000365323,60,205,0.0,"[0.0, 1.0, 1.0, 0.0, 0.0, 0.0, 1.0, 0.0, 0.0, 0.0, 1.0, 0.0, 0.0, 1.0, 1.0, 0.0, 0.0, 0.0, 1.0, 0.0, 1.0, 1.0, 0.0, 0.0, 1.0, 1.0, 0.0, 0.0, 0.0, 0.0, 0.0, 0.0, 1.0, 0.0, 0.0, 1.0]"
1000000,50,All-clauses,False,gurobi,2,True,True,0.0,347.0,347,0.12300621699978365,0.0006105040001784801,60,205,0.0,"[0.0, 1.0, 1.0, -0.0, -0.0, -0.0, 1.0, -0.0, -0.0, -0.0, 1.0, -0.0, -0.0, 1.0, 1.0, -0.0, -0.0, -0.0, 1.0, 0.0, 1.0, 1.0, 0.0, -0.0, 1.0, 1.0, 0.0, 0.0, 0.0, -0.0, 0.0, 0.0, 1.0, 0.0, -0.0, 1.0]"
1000000,50,All-clauses,True,highs,kOptimal,True,True,0.0,347.0,347,0.12300621699978365,0.004769502000272041,60,205,0.0,"[-0.0, 1.0, 1.0, 0.0, 0.0, 0.0, 1.0, 0.0, -0.0, 0.0, 1.0, 0.0, -0.0, 1.0, 1.0, 0.0, -0.0, 0.0, 1.0, -0.0, 1.0, 1.0, -0.0, 0.0, 1.0, 1.0, 0.0, -0.0, 0.0, 0.0, -0.0, 0.0, 1.0, 0.0, 0.0, 1.0]"
1000000,50,All-clauses,True,gurobi,2,True,True,0.0,347.0,347,0.12300621699978365,0.0011740329991880571,60,205,0.0,"[0.0, 1.0, 1.0, 0.0, 0.0, 0.0, 1.0, 0.0, 0.0, 0.0, 1.0, 0.0, -0.0, 1.0, 1.0, 0.0, -0.0, 0.0, 1.0, 0.0, 1.0, 1.0, 0.0, 0.0, 1.0, 1.0, 0.0, 0.0, 0.0, 0.0, 0.0, 0.0, 1.0, 0.0, 0.0, 1.0]"
1000000,51,Base,False,highs,kOptimal,True,True,0.0,298.0,298,1.601999429112766e-06,0.018118838000191317,13,108,0.0,"[1.0, 1.0, 0.0, 0.0, 0.0, 0.0, 1.0, 1.0, 0.0, 0.0, 0.0, 0.0, 1.0, 1.0, 0.0, 0.0, 0.0, -0.0, 1.0, 0.0, 0.0, 0.0, 0.0, 1.0, 0.0, 0.0, 1.0, 0.0, 1.0, 1.0, 1.0, 1.0, 0.0, 0.0, 0.0, 0.0]"
1000000,51,Base,False,gurobi,2,True,True,0.0,298.0,298,1.601999429112766e-06,0.009812620999582577,13,108,0.0,"[1.0, 1.0, 0.0, 0.0, 0.0, 0.0, 1.0, 1.0, 0.0, 0.0, 0.0, 0.0, 1.0, 1.0, 0.0, 0.0, 0.0, 0.0, 1.0, 0.0, 0.0, 0.0, 0.0, 1.0, 0.0, 0.0, 1.0, 0.0, 1.0, 1.0, 1.0, 1.0, 0.0, 0.0, 0.0, 0.0]"
1000000,51,Base,True,highs,kOptimal,True,True,0.0,298.0,298,1.601999429112766e-06,0.0020390619993122527,13,108,0.0,"[1.0, 1.0, 0.0, 0.0, 0.0, 0.0, 1.0, 1.0, 0.0, 0.0, 0.0, 0.0, 1.0, 1.0, 0.0, 0.0, 0.0, 0.0, 1.0, 0.0, 0.0, 0.0, 0.0, 1.0, 0.0, 0.0, 1.0, 0.0, 1.0, 1.0, 1.0, 1.0, 0.0, 0.0, 0.0, 0.0]"
1000000,51,Base,True,gurobi,2,True,True,0.0,298.0,298,1.601999429112766e-06,0.0013413869992291438,13,108,0.0,"[1.0, 1.0, 0.0, 0.0, 0.0, 0.0, 1.0, 1.0, -0.0, -0.0, -0.0, -0.0, 1.0, 1.0, -0.0, -0.0, -0.0, -0.0, 1.0, -0.0, -0.0, -0.0, -0.0, 1.0, -0.0, -0.0, 1.0, -0.0, 1.0, 1.0, 1.0, 1.0, 0.0, 0.0, 0.0, 0.0]"
1000000,51,GCD-floor,False,highs,kOptimal,True,True,0.0,298.0,298,8.08849999884842e-05,0.018332046999603335,13,108,0.0,"[1.0, 1.0, 0.0, 0.0, 0.0, 0.0, 1.0, 1.0, 0.0, 0.0, 0.0, 0.0, 1.0, 1.0, 0.0, 0.0, 0.0, -0.0, 1.0, 0.0, 0.0, 0.0, 0.0, 1.0, 0.0, 0.0, 1.0, 0.0, 1.0, 1.0, 1.0, 1.0, 0.0, 0.0, 0.0, 0.0]"
1000000,51,GCD-floor,False,gurobi,2,True,True,0.0,298.0,298,8.08849999884842e-05,0.003052260999538703,13,108,0.0,"[1.0, 1.0, 0.0, 0.0, 0.0, 0.0, 1.0, 1.0, 0.0, 0.0, 0.0, 0.0, 1.0, 1.0, 0.0, 0.0, 0.0, 0.0, 1.0, 0.0, 0.0, 0.0, 0.0, 1.0, 0.0, 0.0, 1.0, 0.0, 1.0, 1.0, 1.0, 1.0, 0.0, 0.0, 0.0, 0.0]"
1000000,51,GCD-floor,True,highs,kOptimal,True,True,0.0,298.0,298,8.08849999884842e-05,0.0021031819997006096,13,108,0.0,"[1.0, 1.0, 0.0, 0.0, 0.0, 0.0, 1.0, 1.0, 0.0, 0.0, 0.0, 0.0, 1.0, 1.0, 0.0, 0.0, 0.0, 0.0, 1.0, 0.0, 0.0, 0.0, 0.0, 1.0, 0.0, 0.0, 1.0, 0.0, 1.0, 1.0, 1.0, 1.0, 0.0, 0.0, 0.0, 0.0]"
1000000,51,GCD-floor,True,gurobi,2,True,True,0.0,298.0,298,8.08849999884842e-05,0.0008683930000188411,13,108,0.0,"[1.0, 1.0, 0.0, 0.0, 0.0, 0.0, 1.0, 1.0, -0.0, -0.0, -0.0, -0.0, 1.0, 1.0, -0.0, -0.0, -0.0, -0.0, 1.0, -0.0, -0.0, -0.0, -0.0, 1.0, -0.0, -0.0, 1.0, -0.0, 1.0, 1.0, 1.0, 1.0, 0.0, 0.0, 0.0, 0.0]"
1000000,51,Dyadic-GM,False,highs,kOptimal,False,False,9.99998000004e-07,363.0,298,0.09908932100006496,0.013009025999963342,13,108,2.384185791015625e-07,"[0.0, 0.0, 1.0, 0.0, 1.0, 1.0, 1.0, 1.0, 0.0, 0.0, 0.0, 0.0, 1.0, 1.0, 0.0, 0.0, 0.0, 9.99998000004e-07, 0.9999997777782222, 0.0, 0.0, 0.0, 0.0, 0.9999997777782222, 0.0, 0.0, 1.0, 0.0, 1.0, 1.0, 1.0, 1.0, 0.0, 0.0, 0.0, 0.0]"
1000000,51,Dyadic-GM,False,gurobi,2,False,False,7.4999925000075e-07,363.0,298,0.09908932100006496,0.004994289999558532,13,108,2.384185791015625e-07,"[0.0, 0.0, 1.0, 0.0, 1.0, 1.0, 1.0, 1.0, 0.0, -0.0, 0.0, -0.0, 1.0, 1.0, 0.0, 0.0, -0.0, -0.0, 1.0, -0.0, -0.0, -0.0, -0.0, 1.0, 0.0, -0.0, 1.0, 7.4999925000075e-07, 1.0, 1.0, 1.0, 1.0, 0.0, -0.0, 0.0, 0.0]"
1000000,51,Dyadic-GM,True,highs,kOptimal,True,True,0.0,298.0,298,0.09908932100006496,0.00419475600028818,13,108,0.0,"[1.0, 1.0, 0.0, 0.0, 0.0, 0.0, 1.0, 1.0, 0.0, 0.0, 0.0, 0.0, 1.0, 1.0, 0.0, 0.0, 0.0, 0.0, 1.0, 0.0, 0.0, 0.0, 0.0, 1.0, 0.0, 0.0, 1.0, 0.0, 1.0, 1.0, 1.0, 1.0, 0.0, 0.0, 0.0, 0.0]"
1000000,51,Dyadic-GM,True,gurobi,2,False,False,0.0,363.0,298,0.09908932100006496,0.0020599570007107104,13,108,7.152557373046875e-07,"[-0.0, -0.0, 1.0, -0.0, 1.0, 1.0, 1.0, 1.0, -0.0, -0.0, -0.0, -0.0, 0.0, 1.0, 1.0, 0.0, 0.0, 1.0, -0.0, 0.0, 1.0, 1.0, -0.0, -0.0, -0.0, -0.0, 1.0, -0.0, 1.0, 1.0, 1.0, 1.0, 0.0, 0.0, 0.0, 0.0]"
1000000,51,Pair-sum,False,highs,kOptimal,False,False,0.0,363.0,298,0.10029736100023001,0.007715884000390361,19,144,2.384185791015625e-07,"[0.0, 0.0, 1.0, 0.0, 1.0, 1.0, 1.0, 1.0, 0.0, 0.0, 0.0, 0.0, 1.0, 1.0, 0.0, 0.0, 0.0, 0.0, 1.0, 0.0, 0.0, 0.0, 0.0, 1.0, 0.0, 0.0, 1.0, 0.0, 1.0, 1.0, 1.0, 1.0, 0.0, 0.0, 0.0, 0.0]"
1000000,51,Pair-sum,False,gurobi,2,False,False,0.0,363.0,298,0.10029736100023001,0.00297161300022708,19,144,2.384185791015625e-07,"[0.0, 0.0, 1.0, -0.0, 1.0, 1.0, 1.0, 1.0, 0.0, -0.0, 0.0, -0.0, 1.0, 1.0, 0.0, -0.0, -0.0, 0.0, 1.0, -0.0, 0.0, -0.0, -0.0, 1.0, -0.0, -0.0, 1.0, -0.0, 1.0, 1.0, 1.0, 1.0, 0.0, -0.0, -0.0, 0.0]"
1000000,51,Pair-sum,True,highs,kOptimal,True,True,9.99998000004e-07,298.0,298,0.10029736100023001,0.0043315419998180005,19,144,1.0430813485903682e-13,"[1.0, 1.0, 0.0, 0.0, 0.0, 0.0, 1.0, 1.0, 0.0, 7.49998500003e-07, 0.0, 0.0, 1.0, 1.0, 0.0, 0.0, 0.0, 9.99998000004e-07, 1.0, 0.0, 0.0, 0.0, 0.0, 1.0, 6.250000390625025e-08, -6.250000390625023e-08, 1.0, 0.0, 1.0, 1.0, 1.0, 1.0, 0.0, 0.0, 0.0, 0.0]"
1000000,51,Pair-sum,True,gurobi,2,False,False,0.0,363.0,298,0.10029736100023001,0.0018554700000095181,19,144,2.384185791015625e-07,"[-0.0, -0.0, 1.0, -0.0, 1.0, 1.0, 1.0, 1.0, -0.0, -0.0, -0.0, -0.0, 1.0, 1.0, -0.0, 0.0, -0.0, 0.0, 1.0, 0.0, 0.0, 0.0, 0.0, 1.0, -0.0, -0.0, 1.0, -0.0, 1.0, 1.0, 1.0, 1.0, 0.0, 0.0, 0.0, 0.0]"
1000000,51,All-elimination,False,highs,kOptimal,False,False,0.0,363.0,298,0.09933810799975618,0.013765794000391907,54,318,2.384185791015625e-07,"[0.0, 0.0, 1.0, 0.0, 1.0, 1.0, 1.0, 1.0, 0.0, 0.0, 0.0, 0.0, 1.0, 1.0, 0.0, 0.0, 0.0, 0.0, 1.0, 0.0, 0.0, 0.0, 0.0, 1.0, 0.0, 0.0, 1.0, 0.0, 1.0, 1.0, 1.0, 1.0, 0.0, 0.0, 0.0, 0.0]"
1000000,51,All-elimination,False,gurobi,2,False,False,0.0,363.0,298,0.09933810799975618,0.00233094000031997,54,318,2.384185791015625e-07,"[-0.0, -0.0, 1.0, -0.0, 1.0, 1.0, 1.0, 1.0, -0.0, -0.0, -0.0, -0.0, 1.0, 1.0, -0.0, -0.0, -0.0, -0.0, 1.0, -0.0, -0.0, -0.0, -0.0, 1.0, -0.0, -0.0, 1.0, -0.0, 1.0, 1.0, 1.0, 1.0, -0.0, -0.0, -0.0, -0.0]"
1000000,51,All-elimination,True,highs,kOptimal,True,True,0.0,298.0,298,0.09933810799975618,0.005599609999990207,54,318,0.0,"[1.0, 1.0, 0.0, 0.0, 0.0, 0.0, 1.0, 1.0, 0.0, -0.0, 0.0, 0.0, 1.0, 1.0, 0.0, 0.0, 0.0, -0.0, 1.0, 0.0, 0.0, 0.0, 0.0, 1.0, -0.0, -0.0, 1.0, 0.0, 1.0, 1.0, 1.0, 1.0, 0.0, 0.0, 0.0, 0.0]"
1000000,51,All-elimination,True,gurobi,2,False,False,0.0,363.0,298,0.09933810799975618,0.0017598280001038802,54,318,2.384185791015625e-07,"[-0.0, -0.0, 1.0, -0.0, 1.0, 1.0, 1.0, 1.0, -0.0, -0.0, -0.0, -0.0, 1.0, 1.0, 0.0, 0.0, 0.0, -0.0, 1.0, 0.0, -0.0, -0.0, -0.0, 1.0, -0.0, -0.0, 1.0, -0.0, 1.0, 1.0, 1.0, 1.0, 0.0, 0.0, 0.0, 0.0]"
1000000,51,Selected-guards,False,highs,ABSTAIN,False,False,,,298,0.018676630000300065,0.0,,,,null
1000000,51,Selected-guards,False,gurobi,ABSTAIN,False,False,,,298,0.018676630000300065,0.0,,,,null
1000000,51,Selected-guards,True,highs,ABSTAIN,False,False,,,298,0.018676630000300065,0.0,,,,null
1000000,51,Selected-guards,True,gurobi,ABSTAIN,False,False,,,298,0.018676630000300065,0.0,,,,null
1000000,51,Unsafe-clauses,False,highs,kOptimal,True,True,0.0,298.0,298,0.12185010700068233,0.005498805000570428,20,119,0.0,"[1.0, 1.0, 0.0, 0.0, 0.0, 0.0, 1.0, 1.0, 0.0, 0.0, 0.0, 0.0, 1.0, 1.0, 0.0, 0.0, 0.0, 0.0, 1.0, 0.0, 0.0, 0.0, 0.0, 1.0, 0.0, 0.0, 1.0, 0.0, 1.0, 1.0, 1.0, 1.0, 0.0, 0.0, 0.0, 0.0]"
1000000,51,Unsafe-clauses,False,gurobi,2,True,True,0.0,298.0,298,0.12185010700068233,0.0015225939996525995,20,119,0.0,"[1.0, 1.0, -0.0, -0.0, -0.0, -0.0, 1.0, 1.0, 0.0, 0.0, 0.0, 0.0, 1.0, 1.0, -0.0, -0.0, -0.0, 0.0, 1.0, 0.0, 0.0, 0.0, 0.0, 1.0, 0.0, 0.0, 1.0, 0.0, 1.0, 1.0, 1.0, 1.0, 0.0, -0.0, -0.0, 0.0]"
1000000,51,Unsafe-clauses,True,highs,kOptimal,False,False,9.99998000004e-07,273.0,298,0.12185010700068233,0.0040726110000832705,20,119,0.0,"[0.0, 0.0, 0.0, 0.0, 0.0, 0.0, 1.0, 1.0, 0.0, 0.0, 0.0, 0.0, 1.0, 1.0, 0.0, 0.0, 0.0, 9.99998000004e-07, 1.0, 0.0, 0.0, 0.0, 0.0, 1.0, -0.0, 0.0, 1.0, 7.4999925000075e-07, 1.0, 1.0, 0.0, 0.0, 1.0, 0.0, 0.0, 1.0]"
1000000,51,Unsafe-clauses,True,gurobi,2,True,True,0.0,298.0,298,0.12185010700068233,0.000927860000047076,20,119,0.0,"[1.0, 1.0, 0.0, 0.0, 0.0, 0.0, 1.0, 1.0, -0.0, -0.0, -0.0, -0.0, 1.0, 1.0, 0.0, 0.0, 0.0, -0.0, 1.0, 0.0, 0.0, -0.0, 0.0, 1.0, 0.0, 0.0, 1.0, 0.0, 1.0, 1.0, 1.0, 1.0, 0.0, 0.0, 0.0, 0.0]"
1000000,51,All-clauses,False,highs,kOptimal,True,True,0.0,298.0,298,0.12927177299934556,0.003800800999670173,64,211,0.0,"[1.0, 1.0, 0.0, 0.0, 0.0, 0.0, 1.0, 1.0, 0.0, 0.0, 0.0, 0.0, 1.0, 1.0, 0.0, 0.0, 0.0, 0.0, 1.0, 0.0, 0.0, 0.0, 0.0, 1.0, 0.0, 0.0, 1.0, 0.0, 1.0, 1.0, 1.0, 1.0, 0.0, 0.0, 0.0, 0.0]"
1000000,51,All-clauses,False,gurobi,2,True,True,3.749996249080567e-07,298.0,298,0.12927177299934556,0.0006821750002927729,64,211,3.749996249080567e-07,"[1.0, 1.000000374999625, -0.0, -0.0, -0.0, -0.0, 1.0, 1.0, -0.0, 0.0, 0.0, 0.0, 1.0, 1.0, -0.0, -0.0, -0.0, 0.0, 1.0, 0.0, 0.0, 0.0, -0.0, 1.0, 1.249998437501953e-07, 0.0, 1.0, -0.0, 1.0, 1.0, 1.0, 1.0, 0.0, -0.0, -0.0, 0.0]"
1000000,51,All-clauses,True,highs,kOptimal,True,True,0.0,298.0,298,0.12927177299934556,0.004801860999577912,64,211,0.0,"[1.0, 1.0, 0.0, 0.0, 0.0, 0.0, 1.0, 1.0, -0.0, 0.0, 0.0, 0.0, 1.0, 1.0, 0.0, 0.0, 0.0, -0.0, 1.0, -0.0, 0.0, 0.0, 0.0, 1.0, -0.0, -0.0, 1.0, 0.0, 1.0, 1.0, 1.0, 1.0, 0.0, 0.0, 0.0, 0.0]"
1000000,51,All-clauses,True,gurobi,2,True,True,1.2437689589361867e-07,298.0,298,0.12927177299934556,0.0011055300001316937,64,211,1.2437689589361867e-07,"[1.0, 1.0, 0.0, 0.0, 0.0, 0.0, 1.0, 1.0, 0.0, 0.0, 0.0, 0.0, 1.0, 1.0, 0.0, 0.0, 0.0, 0.0, 1.0, 0.0, 0.0, 0.0, 0.0, 1.0, -0.0, -0.0, 1.000000124376896, 0.0, 1.0, 1.0, 1.0, 1.0, 0.0, 0.0, 0.0, 0.0]"
1000000000,50,Base,False,highs,kOptimal,False,False,1.999999998e-09,356.0,347,1.7350002963212319e-06,0.01777106499957881,13,108,0.0,"[1.999999998e-09, 1.0, 1.0, 0.0, 0.0, 0.0, 1.0, 1.4999999985e-09, 0.0, 0.0, 1.0, 0.0, 1.0, 1.0, 1.0, 0.0, 0.9999999996666666, 0.0, 1.0, 0.0, 1.0, 1.0, -0.0, 0.0, 1.0, 1.0, 0.0, 0.0, 0.0, 0.0, 0.0, 0.0, 1.0, 0.0, 0.0, 1.0]"
1000000000,50,Base,False,gurobi,2,True,True,0.0,347.0,347,1.7350002963212319e-06,0.004706156999418454,13,108,0.0,"[-0.0, 1.0, 1.0, -0.0, -0.0, -0.0, 1.0, -0.0, -0.0, -0.0, 1.0, -0.0, -0.0, 1.0, 1.0, -0.0, -0.0, -0.0, 1.0, -0.0, 1.0, 1.0, -0.0, -0.0, 1.0, 1.0, -0.0, -0.0, -0.0, -0.0, -0.0, -0.0, 1.0, -0.0, -0.0, 1.0]"
1000000000,50,Base,True,highs,kOptimal,True,True,0.0,347.0,347,1.7350002963212319e-06,0.003198490000613674,13,108,0.0,"[0.0, 1.0, 1.0, 0.0, 0.0, 0.0, 1.0, 0.0, 0.0, 0.0, 1.0, 0.0, 0.0, 1.0, 1.0, 0.0, 0.0, 0.0, 1.0, 0.0, 1.0, 1.0, 0.0, 0.0, 1.0, 1.0, 0.0, 0.0, 0.0, 0.0, 0.0, 0.0, 1.0, 0.0, 0.0, 1.0]"
1000000000,50,Base,True,gurobi,2,True,True,0.0,347.0,347,1.7350002963212319e-06,0.0016317169993271818,13,108,0.0,"[0.0, 1.0, 1.0, 0.0, 0.0, 0.0, 1.0, -0.0, -0.0, -0.0, 1.0, -0.0, 0.0, 1.0, 1.0, 0.0, 0.0, 0.0, 1.0, -0.0, 1.0, 1.0, 0.0, 0.0, 1.0, 1.0, -0.0, -0.0, -0.0, 0.0, 0.0, 0.0, 1.0, 0.0, 0.0, 1.0]"
1000000000,50,GCD-floor,False,highs,kOptimal,False,False,1.999999998e-09,356.0,347,8.356099988304777e-05,0.01773946100001922,13,108,0.0,"[1.999999998e-09, 1.0, 1.0, 0.0, 0.0, 0.0, 1.0, 1.4999999985e-09, 0.0, 0.0, 1.0, 0.0, 1.0, 1.0, 1.0, 0.0, 0.9999999996666666, 0.0, 1.0, 0.0, 1.0, 1.0, -0.0, 0.0, 1.0, 1.0, 0.0, 0.0, 0.0, 0.0, 0.0, 0.0, 1.0, 0.0, 0.0, 1.0]"
1000000000,50,GCD-floor,False,gurobi,2,True,True,0.0,347.0,347,8.356099988304777e-05,0.004664890999265481,13,108,0.0,"[-0.0, 1.0, 1.0, -0.0, -0.0, -0.0, 1.0, -0.0, -0.0, -0.0, 1.0, -0.0, -0.0, 1.0, 1.0, -0.0, -0.0, -0.0, 1.0, -0.0, 1.0, 1.0, -0.0, -0.0, 1.0, 1.0, -0.0, -0.0, -0.0, -0.0, -0.0, -0.0, 1.0, -0.0, -0.0, 1.0]"
1000000000,50,GCD-floor,True,highs,kOptimal,True,True,0.0,347.0,347,8.356099988304777e-05,0.0031649099992137053,13,108,0.0,"[0.0, 1.0, 1.0, 0.0, 0.0, 0.0, 1.0, 0.0, 0.0, 0.0, 1.0, 0.0, 0.0, 1.0, 1.0, 0.0, 0.0, 0.0, 1.0, 0.0, 1.0, 1.0, 0.0, 0.0, 1.0, 1.0, 0.0, 0.0, 0.0, 0.0, 0.0, 0.0, 1.0, 0.0, 0.0, 1.0]"
1000000000,50,GCD-floor,True,gurobi,2,True,True,0.0,347.0,347,8.356099988304777e-05,0.0016215590003412217,13,108,0.0,"[0.0, 1.0, 1.0, 0.0, 0.0, 0.0, 1.0, -0.0, -0.0, -0.0, 1.0, -0.0, 0.0, 1.0, 1.0, 0.0, 0.0, 0.0, 1.0, -0.0, 1.0, 1.0, 0.0, 0.0, 1.0, 1.0, -0.0, -0.0, -0.0, 0.0, 0.0, 0.0, 1.0, 0.0, 0.0, 1.0]"
1000000000,50,Dyadic-GM,False,highs,kOptimal,False,False,0.0,466.0,347,0.1020982299996831,0.010777993999909086,13,108,8.149072527885437e-10,"[0.0, 1.0, 1.0, 0.0, 0.0, 0.0, 1.0, 1.0, 1.0, 0.0, 1.0, 0.0, 0.0, 1.0, 1.0, 0.0, 0.0, 0.0, 1.0, 0.0, 1.0, 0.0, 0.0, 1.0, 1.0, 1.0, 1.0, 1.0, 0.0, 0.0, 1.0, 0.0, 0.0, 1.0, 0.0, 0.0]"
1000000000,50,Dyadic-GM,False,gurobi,2,False,False,0.0,466.0,347,0.1020982299996831,0.002003841999794531,13,108,8.149072527885437e-10,"[-0.0, 1.0, 1.0, -0.0, -0.0, -0.0, 1.0, 1.0, 1.0, -0.0, 1.0, -0.0, -0.0, 1.0, 1.0, -0.0, -0.0, -0.0, 1.0, -0.0, 1.0, -0.0, -0.0, 1.0, 1.0, 1.0, 1.0, 1.0, -0.0, -0.0, 1.0, -0.0, -0.0, 1.0, -0.0, -0.0]"
1000000000,50,Dyadic-GM,True,highs,kOptimal,False,False,0.0,466.0,347,0.1020982299996831,0.010837095000169938,13,108,8.149072527885437e-10,"[0.0, 1.0, 1.0, 0.0, 0.0, 0.0, 1.0, 1.0, 1.0, 0.0, 1.0, 0.0, 0.0, 1.0, 1.0, 0.0, 0.0, 0.0, 1.0, 0.0, 1.0, 0.0, 0.0, 1.0, 1.0, 1.0, 1.0, 1.0, 0.0, 0.0, 1.0, 0.0, 0.0, 1.0, 0.0, 0.0]"
1000000000,50,Dyadic-GM,True,gurobi,2,False,False,0.0,466.0,347,0.1020982299996831,0.002012532000662759,13,108,8.149072527885437e-10,"[-0.0, 1.0, 1.0, 0.0, -0.0, 0.0, 1.0, 1.0, 1.0, -0.0, 1.0, -0.0, -0.0, 1.0, 1.0, 0.0, -0.0, 0.0, 1.0, -0.0, 1.0, -0.0, -0.0, 1.0, 1.0, 1.0, 1.0, 1.0, -0.0, -0.0, 1.0, -0.0, -0.0, 1.0, -0.0, -0.0]"
1000000000,50,Pair-sum,False,highs,kOptimal,False,False,2.0826387725492168e-08,399.0,347,0.10309441299978062,0.009572203000061563,19,144,1.543796409345575e-08,"[1.0000000000000022, 0.0, 1.0, 0.0, 0.9999999965, 0.0, 1.0, -0.0, 8.7499999890625e-10, 0.0, 1.0, 0.0, 1.0, 0.9999999999999988, 1.0, 0.0, 0.9999999998333333, 0.0, 1.0, -1.1666664691792925e-09, 1.0, 0.0, 0.0, 1.0000000011666665, 1.0, 0.9999999954999956, -0.0, 9.000001687495463e-09, 0.0, 0.0, 0.0, 0.0, 1.0, -2.0826387717924382e-08, 0.0, 1.0000000208263877]"
1000000000,50,Pair-sum,False,gurobi,2,False,False,0.0,399.0,347,0.10309441299978062,0.004247396999744524,19,144,1.6298145055770874e-09,"[1.0, -0.0, 1.0, -0.0, 1.0, -0.0, 1.0, -0.0, -0.0, -0.0, 1.0, -0.0, 1.0, 1.0, 1.0, -0.0, 1.0, -0.0, 1.0, -0.0, 1.0, -0.0, -0.0, 1.0, 1.0, 1.0, -0.0, -0.0, -0.0, -0.0, -0.0, -0.0, 1.0, -0.0, -0.0, 1.0]"
1000000000,50,Pair-sum,True,highs,kOptimal,False,False,1.6749992864456265e-08,391.0,347,0.10309441299978062,0.005558529000154522,19,144,1.4687528925122463e-09,"[0.9999999995000017, -1.7500049715587679e-09, 1.000000002250004, 0.0, 1.0, 0.0, 1.0, -0.0, -0.0, 0.0, 1.0, 0.0, 1.0, 1.0, 1.0, 0.0, 1.0, 0.0, 1.0, -1.1666667631970995e-09, 1.0, 0.0, 0.0, 1.0000000011666668, 1.0000000000000004, 0.9999999832500086, 1.1249994593267782e-08, 0.0, -0.0, 1.6749992864456265e-08, 1.0, -0.0, 0.0, 1.0, 0.0, 0.0]"
1000000000,50,Pair-sum,True,gurobi,2,False,False,0.0,399.0,347,0.10309441299978062,0.002162499999940337,19,144,1.6298145055770874e-09,"[1.0, -0.0, 1.0, 0.0, 1.0, 0.0, 1.0, -0.0, -0.0, -0.0, 1.0, -0.0, 1.0, 1.0, 1.0, 0.0, 1.0, 0.0, 1.0, -0.0, 1.0, -0.0, -0.0, 1.0, 1.0, 1.0, -0.0, -0.0, -0.0, -0.0, -0.0, -0.0, 1.0, -0.0, 0.0, 1.0]"
1000000000,50,All-elimination,False,highs,kOptimal,False,False,1.554999640163146e-08,399.0,347,0.10230299100021512,0.005881873000362248,55,324,2.3283064365386963e-10,"[0.999999999999999, 0.0, 1.0, 0.0, 0.9999999982499995, 0.0, 1.0, -0.0, 8.7499999890625e-10, 0.0, 1.0, -0.0, 1.0, 1.0, 1.0, 0.0, 1.0, 0.0, 1.0, 1.554999640163146e-08, 1.0, 0.0, 0.0, 0.9999999969875009, 1.0, 0.9999999945000104, 0.0, 0.0, -0.0, 5.499989574886399e-09, -1.4999995006363476e-09, -0.0, 1.0, -0.0, 0.0, 1.0]"
1000000000,50,All-elimination,False,gurobi,2,False,False,0.0,399.0,347,0.10230299100021512,0.0023092000001270208,55,324,2.6249996065708103e-09,"[1.0, 0.0, 1.0, -0.0, 1.0, -0.0, 1.0, 0.0, 0.0, 0.0, 1.0, 0.0, 1.0, 1.0, 1.0, -0.0, 1.0, 0.0, 1.0, 0.0, 1.0, 0.0, 0.0, 1.0, 1.0, 1.0, 0.0, 0.0, 0.0, 0.0, 0.0, 0.0, 1.0, 0.0, 0.0, 1.0]"
1000000000,50,All-elimination,True,highs,kOptimal,False,False,0.0,391.0,347,0.10230299100021512,0.005988225000692182,55,324,2.6249996065708103e-09,"[1.0, 0.0, 1.0, 0.0, 1.0, 0.0, 1.0, 0.0, 0.0, 0.0, 1.0, 0.0, 1.0, 1.0, 1.0, 0.0, 1.0, 0.0, 1.0, 0.0, 1.0, 0.0, 0.0, 1.0, 1.0, 1.0, 0.0, 0.0, 0.0, 0.0, 1.0, 0.0, 0.0, 1.0, 0.0, 0.0]"
1000000000,50,All-elimination,True,gurobi,2,False,False,0.0,399.0,347,0.10230299100021512,0.0017074550005418132,55,324,2.6249996065708103e-09,"[1.0, -0.0, 1.0, 0.0, 1.0, 0.0, 1.0, 0.0, 0.0, 0.0, 1.0, 0.0, 1.0, 1.0, 1.0, 0.0, 1.0, 0.0, 1.0, -0.0, 1.0, -0.0, -0.0, 1.0, 1.0, 1.0, -0.0, -0.0, -0.0, -0.0, -0.0, -0.0, 1.0, -0.0, 0.0, 1.0]"
1000000000,50,Selected-guards,False,highs,ABSTAIN,False,False,,,347,0.016871562999767775,0.0,,,,null
1000000000,50,Selected-guards,False,gurobi,ABSTAIN,False,False,,,347,0.016871562999767775,0.0,,,,null
1000000000,50,Selected-guards,True,highs,ABSTAIN,False,False,,,347,0.016871562999767775,0.0,,,,null
1000000000,50,Selected-guards,True,gurobi,ABSTAIN,False,False,,,347,0.016871562999767775,0.0,,,,null
1000000000,50,Unsafe-clauses,False,highs,kOptimal,True,True,8.500000037159339e-09,347.0,347,0.12773068600017723,0.003963877999922261,19,120,5.2544507039485457e-17,"[2.4999999975e-09, 1.0, 1.0, 0.0, 0.0, 0.0, 1.0, 1.624999998375e-09, -0.0, 0.0, 1.0, 0.0, -0.0, 0.9999999945000003, 1.0, 0.0, 0.0, 5.49999978527156e-09, 1.0, 0.0, 1.0, 1.0, -0.0, 0.0, 1.0, 1.0, -0.0, 0.0, 5.4999999835e-09, 0.0, 8.50000000293458e-09, 0.0, 1.0, 8.50000000293458e-09, 0.0, 0.9999999915]"
1000000000,50,Unsafe-clauses,False,gurobi,2,True,True,5.4999999835e-09,347.0,347,0.12773068600017723,0.0015845059997445787,19,120,1.2963398784050882e-17,"[-0.0, 1.0, 1.0000000025, -0.0, -0.0, -0.0, 1.0, -0.0, -0.0, -0.0, 1.000000001625, -0.0, -0.0, 1.0, 1.0, 5.4999999670000005e-09, -0.0, -0.0, 0.9999999987499995, 1.2500005352983397e-09, 1.0, 0.9999999987499995, 2.000000274821675e-09, -0.0, 1.0, 1.0, -0.0, -0.0, 5.4999999835e-09, -0.0, 2.833333247660876e-09, -0.0, 1.0, 2.833333247660876e-09, -0.0, 0.9999999971666668]"
1000000000,50,Unsafe-clauses,True,highs,kOptimal,True,True,5.4999999835e-09,347.0,347,0.12773068600017723,0.003913331000148901,19,120,1.3702454303838532e-16,"[0.0, 1.0, 1.0, 0.0, 0.0, 0.0, 1.0, 0.0, 0.0, 0.0, 1.0, 0.0, 0.0, 1.0, 1.0, 0.0, 0.0, 0.0, 1.0000000011666668, 0.0, 1.0, 1.0000000011666668, 0.0, 0.0, 1.0, 1.0, -0.0, 0.0, 5.4999999835e-09, 0.0, -0.0, 0.0, 1.0, 1.499999997e-09, 0.0, 1.0]"
1000000000,50,Unsafe-clauses,True,gurobi,2,True,True,0.0,347.0,347,0.12773068600017723,0.0009704549993330147,19,120,0.0,"[0.0, 1.0, 1.0, 0.0, 0.0, 0.0, 1.0, 0.0, 0.0, 0.0, 1.0, 0.0, 0.0, 1.0, 1.0, 0.0, 0.0, 0.0, 1.0, 0.0, 1.0, 1.0, 0.0, 0.0, 1.0, 1.0, 0.0, 0.0, 0.0, 0.0, 0.0, 0.0, 1.0, 0.0, 0.0, 1.0]"
1000000000,50,All-clauses,False,highs,kOptimal,True,True,5.4999999835e-09,347.0,347,0.1261962870003117,0.003238733000216598,60,205,5.4999999835e-09,"[-0.0, 1.0, 1.0, 0.0, 0.0, 0.0, 1.0, -0.0, -0.0, 0.0, 1.0, 0.0, -0.0, 1.0, 1.0, 0.0, -0.0, 0.0, 0.9999999965, 3.499999956524391e-09, 1.0, 0.9999999965, 3.499999956524391e-09, 0.0, 1.0, 1.0, -0.0, 0.0, 5.4999999835e-09, 0.0, -0.0, 0.0, 1.0, 1.499999997e-09, 0.0, 1.0]"
1000000000,50,All-clauses,False,gurobi,2,True,True,5.4999999835e-09,347.0,347,0.1261962870003117,0.000418370999796025,60,205,5.4999999835e-09,"[-0.0, 1.0, 1.0000000025, -0.0, -0.0, -0.0, 1.0, -0.0, -0.0, -0.0, 1.0, -0.0, -0.0, 1.0, 1.0, -0.0, -0.0, -0.0, 1.0, 3.499999979e-09, 1.0, 1.0, 0.0, -0.0, 1.0, 1.0, -0.0, -0.0, 5.4999999835e-09, -0.0, 0.0, -0.0, 1.0, 1.499999997e-09, -0.0, 1.0]"
1000000000,50,All-clauses,True,highs,kOptimal,True,True,5.4999999835e-09,347.0,347,0.1261962870003117,0.004253203000189387,60,205,5.4999999835e-09,"[-0.0, 1.0, 1.0, 0.0, 0.0, 0.0, 1.0, -0.0, -0.0, 0.0, 1.0, 0.0, -0.0, 1.0, 1.0, 0.0, -0.0, 0.0, 1.0, 8.333334004780868e-10, 1.0, 0.9999999991666666, -0.0, 0.0, 1.0, 1.0, -0.0, 0.0, 5.4999999835e-09, 0.0, -0.0, 0.0, 1.0, 1.499999997e-09, 0.0, 1.0]"
1000000000,50,All-clauses,True,gurobi,2,True,True,0.0,347.0,347,0.1261962870003117,0.0013993009997648187,60,205,0.0,"[0.0, 1.0, 1.0, 0.0, 0.0, 0.0, 1.0, 0.0, 0.0, 0.0, 1.0, 0.0, -0.0, 1.0, 1.0, 0.0, -0.0, 0.0, 1.0, 0.0, 1.0, 1.0, 0.0, 0.0, 1.0, 1.0, 0.0, 0.0, 0.0, 0.0, 0.0, 0.0, 1.0, 0.0, 0.0, 1.0]"
1000000000,51,Base,False,highs,kOptimal,False,False,1.034999975437328e-08,363.0,298,1.8390001059742644e-06,0.027920373999222647,13,108,0.0,"[5.400000980821985e-09, 6.15000024792504e-09, 1.0, 9.617959248699607e-16, 1.0, 1.0, 1.0, 0.9999999936500003, 1.034999975437328e-08, 0.0, 6.349999775898279e-09, 0.0, 1.0, 1.0, 0.0, 0.0, 0.0, -0.0, 1.0, 0.0, -9.536743125915528e-16, 0.0, 0.0, 0.9999999969999995, 0.0, 2.499999996875e-10, 1.0, -0.0, 1.0, 1.0, 1.0, 1.0, -0.0, 0.0, 0.0, 0.0]"
1000000000,51,Base,False,gurobi,2,False,False,3.750000088231786e-09,309.0,298,1.8390001059742644e-06,0.011268861999269575,13,108,1.8771357290781054e-07,"[1.0, -0.0, 0.0, 1.0, 1.0000000015, -0.0, 1.0, 0.0, 1.0, -0.0, 1.0, -0.0, 1.0, 1.0, 1.37499999759375e-09, -0.0, -0.0, -0.0, 0.0, 0.0, 1.0, 1.0, -0.0, 0.0, 0.0, 0.0, 1.0, 0.0, 1.0, 1.0, 1.00000000375, 1.0, -0.0, -0.0, -0.0, 0.0]"
1000000000,51,Base,True,highs,kOptimal,True,True,1.3333333311111111e-09,298.0,298,1.8390001059742644e-06,0.0023653759999433532,13,108,0.0,"[1.0, 1.0, 0.0, 0.0, 0.0, 0.0, 1.0, 1.0, -0.0, 0.0, 1.3333333311111111e-09, -0.0, 1.0, 1.0, 0.0, 0.0, 0.0, -0.0, 1.0, 0.0, -0.0, -0.0, 0.0, 1.0, -0.0, -0.0, 1.0, 0.0, 1.0, 1.0, 1.0, 1.0, 0.0, 0.0, 0.0, 0.0]"
1000000000,51,Base,True,gurobi,2,True,True,0.0,298.0,298,1.8390001059742644e-06,0.0014834800003882265,13,108,0.0,"[1.0, 1.0, 0.0, 0.0, 0.0, 0.0, 1.0, 1.0, -0.0, -0.0, -0.0, -0.0, 1.0, 1.0, -0.0, -0.0, -0.0, -0.0, 1.0, -0.0, -0.0, -0.0, -0.0, 1.0, -0.0, -0.0, 1.0, -0.0, 1.0, 1.0, 1.0, 1.0, 0.0, 0.0, 0.0, 0.0]"
1000000000,51,GCD-floor,False,highs,kOptimal,False,False,1.034999975437328e-08,363.0,298,8.457399962935597e-05,0.02795120799964934,13,108,2.562966089146195e-15,"[5.400000980821985e-09, 6.15000024792504e-09, 1.0, 9.617959248699607e-16, 1.0, 1.0, 1.0, 0.9999999936500003, 1.034999975437328e-08, 0.0, 6.349999775898279e-09, 0.0, 1.0, 1.0, 0.0, 0.0, 0.0, -0.0, 1.0, 0.0, -9.536743125915528e-16, 0.0, 0.0, 0.9999999969999995, 0.0, 2.499999996875e-10, 1.0, -0.0, 1.0, 1.0, 1.0, 1.0, -0.0, 0.0, 0.0, 0.0]"
1000000000,51,GCD-floor,False,gurobi,2,True,True,0.0,298.0,298,8.457399962935597e-05,0.0033089369999288465,13,108,0.0,"[1.0, 1.0, -0.0, -0.0, -0.0, -0.0, 1.0, 1.0, 0.0, -0.0, 0.0, -0.0, 1.0, 1.0, -0.0, -0.0, -0.0, -0.0, 1.0, 0.0, 0.0, -0.0, -0.0, 1.0, -0.0, -0.0, 1.0, -0.0, 1.0, 1.0, 1.0, 1.0, -0.0, -0.0, -0.0, -0.0]"
1000000000,51,GCD-floor,True,highs,kOptimal,True,True,1.3333333311111111e-09,298.0,298,8.457399962935597e-05,0.0023445999995601596,13,108,1.522272682195372e-18,"[1.0, 1.0, 0.0, 0.0, 0.0, 0.0, 1.0, 1.0, -0.0, 0.0, 1.3333333311111111e-09, -0.0, 1.0, 1.0, 0.0, 0.0, 0.0, -0.0, 1.0, 0.0, -0.0, -0.0, 0.0, 1.0, -0.0, -0.0, 1.0, 0.0, 1.0, 1.0, 1.0, 1.0, 0.0, 0.0, 0.0, 0.0]"
1000000000,51,GCD-floor,True,gurobi,2,True,True,0.0,298.0,298,8.457399962935597e-05,0.0014410359999601496,13,108,0.0,"[1.0, 1.0, 0.0, 0.0, 0.0, 0.0, 1.0, 1.0, -0.0, -0.0, -0.0, -0.0, 1.0, 1.0, -0.0, -0.0, -0.0, -0.0, 1.0, -0.0, -0.0, -0.0, -0.0, 1.0, -0.0, -0.0, 1.0, -0.0, 1.0, 1.0, 1.0, 1.0, 0.0, 0.0, 0.0, 0.0]"
1000000000,51,Dyadic-GM,False,highs,kOptimal,False,False,0.0,369.0,298,0.10196287400049187,0.026131702000384394,13,108,1.6298145055770874e-09,"[0.0, 0.0, 1.0, 0.0, 1.0, 1.0, 1.0, 1.0, 0.0, 0.0, 0.0, 0.0, 0.0, 1.0, 1.0, 0.0, 0.0, 1.0, 1.0, 0.0, 0.0, 0.0, 0.0, 1.0, 0.0, 0.0, 0.0, 0.0, 0.0, 0.0, 1.0, 1.0, 1.0, 0.0, 0.0, 1.0]"
1000000000,51,Dyadic-GM,False,gurobi,2,False,False,0.0,369.0,298,0.10196287400049187,0.015057921999868995,13,108,1.6298145055770874e-09,"[-0.0, -0.0, 1.0, -0.0, 1.0, 1.0, 1.0, 1.0, -0.0, -0.0, -0.0, -0.0, -0.0, 1.0, 1.0, -0.0, -0.0, 1.0, 1.0, -0.0, 0.0, 0.0, -0.0, 1.0, -0.0, -0.0, -0.0, -0.0, -0.0, -0.0, 1.0, 1.0, 1.0, -0.0, -0.0, 1.0]"
1000000000,51,Dyadic-GM,True,highs,kOptimal,False,False,0.0,335.0,298,0.10196287400049187,0.011456698000074539,13,108,6.984919309616089e-10,"[0.0, 0.0, 1.0, 0.0, 1.0, 1.0, 1.0, 1.0, 0.0, 0.0, 0.0, 0.0, 0.0, 1.0, 1.0, 0.0, 0.0, 1.0, 0.0, 0.0, 0.0, 0.0, 0.0, 0.0, 0.0, 0.0, 1.0, 0.0, 1.0, 1.0, 0.0, 0.0, 1.0, 0.0, 0.0, 1.0]"
1000000000,51,Dyadic-GM,True,gurobi,2,False,False,0.0,369.0,298,0.10196287400049187,0.012414275000082853,13,108,1.6298145055770874e-09,"[-0.0, -0.0, 1.0, -0.0, 1.0, 1.0, 1.0, 1.0, -0.0, -0.0, -0.0, -0.0, -0.0, 1.0, 1.0, 0.0, -0.0, 1.0, 1.0, 0.0, 0.0, 0.0, -0.0, 1.0, -0.0, -0.0, -0.0, -0.0, -0.0, -0.0, 1.0, 1.0, 1.0, 0.0, 0.0, 1.0]"
1000000000,51,Pair-sum,False,highs,kOptimal,False,False,0.0,363.0,298,0.10249572800057649,0.009050263999597519,19,144,2.3283064365386963e-10,"[0.0, 0.0, 1.0, 0.0, 1.0, 1.0, 1.0, 1.0, 0.0, 0.0, 0.0, 0.0, 1.0, 1.0, 0.0, 0.0, 0.0, 0.0, 1.0, 0.0, 0.0, 0.0, 0.0, 1.0, 0.0, 0.0, 1.0, 0.0, 1.0, 1.0, 1.0, 1.0, 0.0, 0.0, 0.0, 0.0]"
1000000000,51,Pair-sum,False,gurobi,2,False,False,1.5428570643294393e-08,363.0,298,0.10249572800057649,0.003250696000577591,19,144,2.3283064365386963e-10,"[-0.0, 0.0, 1.0, 0.0, 1.0, 1.0, 1.0, 1.0, 0.0, -0.0, 0.0, -0.0, 0.9999999850000004, 1.0, 1.3749999598252115e-08, -0.0, -0.0, 1.5249999611872134e-08, 1.0000000154285706, -0.0, 0.0, -0.0, -0.0, 1.0000000154285706, -0.0, -0.0, 1.0, -0.0, 1.0, 1.0, 1.0, 1.0, 0.0, -0.0, -0.0, 0.0]"
1000000000,51,Pair-sum,True,highs,kOptimal,False,False,1.6666666672222223e-10,316.0,298,0.10249572800057649,0.010170536999794422,19,144,1.8973455507230225e-17,"[0.0, 0.0, 1.0, 1.6666666672222223e-10, 1.0, 1.0, 1.0, 1.0, 0.0, 0.0, 0.0, 0.0, 1.0, 1.0, 0.0, 0.0, 0.0, 0.0, 0.0, 0.0, 0.0, 0.0, 0.0, 0.0, 0.0, 0.0, 1.0, 0.0, 0.999999999875, 0.999999999875, 0.0, 0.0, 1.0, 0.0, 0.0, 1.0]"
1000000000,51,Pair-sum,True,gurobi,2,False,False,0.0,363.0,298,0.10249572800057649,0.0023117549999369658,19,144,2.3283064365386963e-10,"[-0.0, -0.0, 1.0, -0.0, 1.0, 1.0, 1.0, 1.0, -0.0, -0.0, -0.0, -0.0, 1.0, 1.0, -0.0, 0.0, -0.0, 0.0, 1.0, 0.0, 0.0, 0.0, 0.0, 1.0, -0.0, -0.0, 1.0, -0.0, 1.0, 1.0, 1.0, 1.0, 0.0, 0.0, 0.0, 0.0]"
1000000000,51,All-elimination,False,highs,kOptimal,False,False,0.0,363.0,298,0.10224779899999703,0.012734756999634556,54,318,2.3283064365386963e-10,"[0.0, 0.0, 1.0, 0.0, 1.0, 1.0, 1.0, 1.0, 0.0, 0.0, 0.0, 0.0, 1.0, 1.0, 0.0, 0.0, 0.0, 0.0, 1.0, 0.0, 0.0, 0.0, 0.0, 1.0, 0.0, 0.0, 1.0, 0.0, 1.0, 1.0, 1.0, 1.0, 0.0, 0.0, 0.0, 0.0]"
1000000000,51,All-elimination,False,gurobi,2,False,False,0.0,363.0,298,0.10224779899999703,0.002266946999952779,54,318,2.3283064365386963e-10,"[-0.0, 0.0, 1.0, 0.0, 1.0, 1.0, 1.0, 1.0, 0.0, -0.0, -0.0, -0.0, 1.0, 1.0, 0.0, 0.0, -0.0, -0.0, 1.0, -0.0, 0.0, -0.0, -0.0, 1.0, 0.0, -0.0, 1.0, 0.0, 1.0, 1.0, 1.0, 1.0, 0.0, -0.0, 0.0, -0.0]"
1000000000,51,All-elimination,True,highs,kOptimal,False,False,4.49999992824246e-09,316.0,298,0.10224779899999703,0.007110183999429864,54,318,1.8973455507230225e-17,"[0.0, 0.0, 1.0, 1.6666666672222223e-10, 1.0, 1.0, 1.0, 0.9999999955000001, 0.0, 0.0, 4.49999992599246e-09, 0.0, 1.0, 1.0, 0.0, 0.0, 0.0, -0.0, 0.0, 0.0, 0.0, 0.0, 0.0, 0.0, 0.0, 0.0, 1.0, 0.0, 0.999999999875, 0.999999999875, 0.0, 0.0, 1.0, 0.0, 0.0, 1.0]"
1000000000,51,All-elimination,True,gurobi,2,False,False,0.0,363.0,298,0.10224779899999703,0.0019300909998491989,54,318,2.3283064365386963e-10,"[-0.0, -0.0, 1.0, -0.0, 1.0, 1.0, 1.0, 1.0, -0.0, -0.0, -0.0, -0.0, 1.0, 1.0, 0.0, 0.0, 0.0, -0.0, 1.0, 0.0, -0.0, -0.0, -0.0, 1.0, -0.0, -0.0, 1.0, -0.0, 1.0, 1.0, 1.0, 1.0, 0.0, 0.0, 0.0, 0.0]"
1000000000,51,Selected-guards,False,highs,ABSTAIN,False,False,,,298,0.018759169000077236,0.0,,,,null
1000000000,51,Selected-guards,False,gurobi,ABSTAIN,False,False,,,298,0.018759169000077236,0.0,,,,null
1000000000,51,Selected-guards,True,highs,ABSTAIN,False,False,,,298,0.018759169000077236,0.0,,,,null
1000000000,51,Selected-guards,True,gurobi,ABSTAIN,False,False,,,298,0.018759169000077236,0.0,,,,null
1000000000,51,Unsafe-clauses,False,highs,kOptimal,True,True,6.499996860236159e-09,298.0,298,0.12407569000060903,0.00461779099987325,20,119,5.849197349638963e-17,"[1.0, 1.000000000375, 0.0, 0.0, 0.0, 0.0, 1.0, 1.0, 2.249999992125e-09, 0.0, 2.249999992125e-09, -0.0, 1.0, 1.0, 0.0, 0.0, 0.0, 2.7499999945e-09, 1.0, -0.0, 6.499996860236159e-09, -0.0, 0.0, 1.0, -0.0, 0.0, 1.0, 7.4999999925e-10, 1.0, 1.0, 0.99999999675, 1.0, 3.2499999934999988e-09, 0.0, 0.0, 3.2499999934999996e-09]"
1000000000,51,Unsafe-clauses,False,gurobi,2,True,True,0.0,298.0,298,0.12407569000060903,0.001479718000155117,20,119,0.0,"[1.0, 1.0, -0.0, -0.0, -0.0, -0.0, 1.0, 1.0, -0.0, -0.0, -0.0, -0.0, 1.0, 1.0, -0.0, -0.0, -0.0, 0.0, 1.0, -0.0, -0.0, -0.0, -0.0, 1.0, -0.0, 0.0, 1.0, 0.0, 1.0, 1.0, 1.0, 1.0, -0.0, -0.0, -0.0, -0.0]"
1000000000,51,Unsafe-clauses,True,highs,kOptimal,False,False,0.0,273.0,298,0.12407569000060903,0.004206891000649193,20,119,0.0,"[0.0, 0.0, 0.0, 0.0, 0.0, 0.0, 1.0, 1.0, 0.0, 0.0, 0.0, 0.0, 1.0, 1.0, 0.0, 0.0, 0.0, 0.0, 1.0, 0.0, 0.0, 0.0, 0.0, 1.0, 0.0, 0.0, 1.0, 0.0, 1.0, 1.0, 0.0, 0.0, 1.0, 0.0, 0.0, 1.0]"
1000000000,51,Unsafe-clauses,True,gurobi,2,True,True,0.0,298.0,298,0.12407569000060903,0.0010213360001216643,20,119,0.0,"[1.0, 1.0, 0.0, 0.0, 0.0, 0.0, 1.0, 1.0, -0.0, -0.0, -0.0, -0.0, 1.0, 1.0, 0.0, 0.0, 0.0, 0.0, 1.0, 0.0, 0.0, -0.0, 0.0, 1.0, 0.0, 0.0, 1.0, 0.0, 1.0, 1.0, 1.0, 1.0, 0.0, 0.0, 0.0, 0.0]"
1000000000,51,All-clauses,False,highs,kOptimal,True,True,2.749999993125e-09,298.0,298,0.1266869070004759,0.003379445000064152,64,211,2.749999993125e-09,"[1.0, 1.0, 0.0, 0.0, 0.0, 0.0, 1.0, 1.0000000015000001, -1.4999997645814204e-09, 0.0, 0.0, -0.0, 1.0, 1.0, 0.0, 0.0, 0.0, -0.0, 1.0, 2.749999993125e-09, -0.0, -0.0, 0.0, 1.0, -0.0, -0.0, 1.0, 0.0, 1.0, 1.0, 1.0, 1.0, -0.0, 0.0, 0.0, -0.0]"
1000000000,51,All-clauses,False,gurobi,2,True,True,2.7500000054914153e-09,298.0,298,0.1266869070004759,0.0005406329992183601,64,211,2.7500000054914153e-09,"[1.0, 1.0, -0.0, -0.0, -0.0, -0.0, 1.0, 1.0, 0.0, -0.0, 1.4999999975e-09, 0.0, 1.0, 1.00000000275, -0.0, -0.0, -0.0, -0.0, 0.9999999981666666, 0.0, 0.0, 1.8333333315e-09, -0.0, 1.0, -0.0, 0.0, 1.0, -0.0, 1.0, 1.0, 1.0, 1.0, 0.0, -0.0, -0.0, 2.1666666630555555e-09]"
1000000000,51,All-clauses,True,highs,kOptimal,True,True,1.4999999758308198e-09,298.0,298,0.1266869070004759,0.0045298930008357274,64,211,1.4999999758308198e-09,"[1.0, 1.0, 0.0, 0.0, 0.0, 0.0, 1.0, 1.0, 0.0, 0.0, 1.4999999758308198e-09, -0.0, 1.0, 1.0, 0.0, 0.0, 0.0, -0.0, 1.0, -0.0, 0.0, 0.0, 0.0, 1.0, -0.0, -0.0, 1.0, 0.0, 1.0, 1.0, 1.0, 1.0, 0.0, 0.0, 0.0, 0.0]"
1000000000,51,All-clauses,True,gurobi,2,True,True,0.0,298.0,298,0.1266869070004759,0.0011468130005596322,64,211,0.0,"[1.0, 1.0, 0.0, 0.0, 0.0, 0.0, 1.0, 1.0, 0.0, 0.0, 0.0, 0.0, 1.0, 1.0, 0.0, 0.0, 0.0, 0.0, 1.0, 0.0, 0.0, 0.0, 0.0, 1.0, -0.0, -0.0, 1.0, 0.0, 1.0, 1.0, 1.0, 1.0, 0.0, 0.0, 0.0, 0.0]"
1000000000000,50,Base,False,highs,kOptimal,True,True,0.0,347.0,347,1.5559999155811965e-06,0.5537088789997142,13,108,0.0,"[0.0, 1.0, 1.0, 0.0, 0.0, 0.0, 1.0, 0.0, 0.0, 0.0, 1.0, 0.0, 0.0, 1.0, 1.0, 0.0, 0.0, 0.0, 1.0, 0.0, 1.0, 1.0, 0.0, 0.0, 1.0, 1.0, 0.0, 0.0, 0.0, 0.0, 0.0, 0.0, 1.0, 0.0, 0.0, 1.0]"
1000000000000,50,Base,False,gurobi,2,False,False,8.499978498832661e-12,356.0,347,1.5559999155811965e-06,0.003135930000098597,13,108,4.0284904635113335e-16,"[2.4999999999975e-12, 1.0, 1.0, -0.0, -0.0, -0.0, 1.0, 0.0, 8.749999999989063e-13, -0.0, 1.0, -0.0, 1.0, 0.99999999999975, 1.0, 2.500002384170791e-13, 1.0, -0.0, 1.0, -0.0, 1.0, 1.0, -0.0, -0.0, 1.0, 1.0, 0.0, -0.0, 5.4999999999835e-12, -0.0, 0.0, -0.0, 1.0, 0.0, -0.0, 0.9999999999915]"
1000000000000,50,Base,True,highs,kOptimal,True,True,0.0,347.0,347,1.5559999155811965e-06,0.003211578999980702,13,108,0.0,"[0.0, 1.0, 1.0, 0.0, 0.0, 0.0, 1.0, 0.0, 0.0, 0.0, 1.0, 0.0, 0.0, 1.0, 1.0, 0.0, 0.0, 0.0, 1.0, 0.0, 1.0, 1.0, 0.0, 0.0, 1.0, 1.0, 0.0, 0.0, 0.0, 0.0, 0.0, 0.0, 1.0, 0.0, 0.0, 1.0]"
1000000000000,50,Base,True,gurobi,2,False,False,0.0,71.0,347,1.5559999155811965e-06,0.000504323999848566,13,108,0.0,"[0.0, 1.0, 1.0, 0.0, 0.0, 0.0, 0.0, 0.0, 0.0, 0.0, 0.0, 0.0, 0.0, 0.0, 0.0, 0.0, 0.0, 0.0, 0.0, 0.0, 0.0, 0.0, 0.0, 0.0, 0.0, 0.0, 0.0, 0.0, 0.0, 0.0, 0.0, 0.0, 0.0, 0.0, 0.0, 0.0]"
1000000000000,50,GCD-floor,False,highs,kOptimal,True,True,0.0,347.0,347,8.410299960814882e-05,0.5526949810000588,13,108,0.0,"[0.0, 1.0, 1.0, 0.0, 0.0, 0.0, 1.0, 0.0, 0.0, 0.0, 1.0, 0.0, 0.0, 1.0, 1.0, 0.0, 0.0, 0.0, 1.0, 0.0, 1.0, 1.0, 0.0, 0.0, 1.0, 1.0, 0.0, 0.0, 0.0, 0.0, 0.0, 0.0, 1.0, 0.0, 0.0, 1.0]"
1000000000000,50,GCD-floor,False,gurobi,2,False,False,2.4994460387400566e-13,382.0,347,8.410299960814882e-05,0.0033920000005309703,13,108,0.0002215845044772576,"[-0.0, 1.0, 1.0, -0.0, -0.0, -0.0, 1.0, 0.0, 0.0, -0.0, 1.0, -0.0, -0.0, 1.0, 1.0, -0.0, -0.0, -0.0, 1.0, -0.0, 1.0, 2.4994460387400566e-13, -0.0, 1.0, 1.0, 1.0, -0.0, -0.0, -0.0, -0.0, -0.0, -0.0, 1.0, -0.0, -0.0, 1.0]"
1000000000000,50,GCD-floor,True,highs,kOptimal,True,True,0.0,347.0,347,8.410299960814882e-05,0.0032712199999878067,13,108,0.0,"[0.0, 1.0, 1.0, 0.0, 0.0, 0.0, 1.0, 0.0, 0.0, 0.0, 1.0, 0.0, 0.0, 1.0, 1.0, 0.0, 0.0, 0.0, 1.0, 0.0, 1.0, 1.0, 0.0, 0.0, 1.0, 1.0, 0.0, 0.0, 0.0, 0.0, 0.0, 0.0, 1.0, 0.0, 0.0, 1.0]"
1000000000000,50,GCD-floor,True,gurobi,2,False,False,0.0,71.0,347,8.410299960814882e-05,0.0004918089998682262,13,108,0.0,"[0.0, 1.0, 1.0, 0.0, 0.0, 0.0, 0.0, 0.0, 0.0, 0.0, 0.0, 0.0, 0.0, 0.0, 0.0, 0.0, 0.0, 0.0, 0.0, 0.0, 0.0, 0.0, 0.0, 0.0, 0.0, 0.0, 0.0, 0.0, 0.0, 0.0, 0.0, 0.0, 0.0, 0.0, 0.0, 0.0]"
1000000000000,50,Dyadic-GM,False,highs,kOptimal,False,False,0.0,466.0,347,0.1021486769996045,0.01087170699975104,13,108,7.958078640513122e-13,"[0.0, 1.0, 1.0, 0.0, 0.0, 0.0, 1.0, 1.0, 1.0, 0.0, 1.0, 0.0, 0.0, 1.0, 1.0, 0.0, 0.0, 0.0, 1.0, 0.0, 1.0, 0.0, 0.0, 1.0, 1.0, 1.0, 1.0, 1.0, 0.0, 0.0, 1.0, 0.0, 0.0, 1.0, 0.0, 0.0]"
1000000000000,50,Dyadic-GM,False,gurobi,2,False,False,0.0,466.0,347,0.1021486769996045,0.00178115800008527,13,108,7.958078640513122e-13,"[-0.0, 1.0, 1.0, -0.0, -0.0, -0.0, 1.0, 1.0, 1.0, -0.0, 1.0, -0.0, -0.0, 1.0, 1.0, -0.0, -0.0, -0.0, 1.0, -0.0, 1.0, -0.0, -0.0, 1.0, 1.0, 1.0, 1.0, 1.0, -0.0, -0.0, 1.0, -0.0, -0.0, 1.0, -0.0, -0.0]"
1000000000000,50,Dyadic-GM,True,highs,kOptimal,False,False,0.0,466.0,347,0.1021486769996045,0.010690909000004467,13,108,7.958078640513122e-13,"[0.0, 1.0, 1.0, 0.0, 0.0, 0.0, 1.0, 1.0, 1.0, 0.0, 1.0, 0.0, 0.0, 1.0, 1.0, 0.0, 0.0, 0.0, 1.0, 0.0, 1.0, 0.0, 0.0, 1.0, 1.0, 1.0, 1.0, 1.0, 0.0, 0.0, 1.0, 0.0, 0.0, 1.0, 0.0, 0.0]"
1000000000000,50,Dyadic-GM,True,gurobi,2,False,False,0.0,466.0,347,0.1021486769996045,0.0015135749999899417,13,108,7.958078640513122e-13,"[-0.0, 1.0, 1.0, 0.0, -0.0, 0.0, 1.0, 1.0, 1.0, -0.0, 1.0, -0.0, -0.0, 1.0, 1.0, 0.0, -0.0, 0.0, 1.0, -0.0, 1.0, -0.0, -0.0, 1.0, 1.0, 1.0, 1.0, 1.0, -0.0, -0.0, 1.0, 0.0, -0.0, 1.0, -0.0, -0.0]"
1000000000000,50,Pair-sum,False,highs,kOptimal,False,False,0.0,399.0,347,0.10266500099987752,0.00994487499974639,19,144,1.5916157281026244e-12,"[1.0, 0.0, 1.0, 0.0, 1.0, 0.0, 1.0, 0.0, 0.0, 0.0, 1.0, 0.0, 1.0, 1.0, 1.0, 0.0, 1.0, 0.0, 1.0, 0.0, 1.0, 0.0, 0.0, 1.0, 1.0, 1.0, 0.0, 0.0, 0.0, 0.0, -0.0, 0.0, 1.0, 0.0, 0.0, 1.0]"
1000000000000,50,Pair-sum,False,gurobi,2,False,False,0.0,399.0,347,0.10266500099987752,0.0039850430002843495,19,144,1.5916157281026244e-12,"[1.0, -0.0, 1.0, -0.0, 1.0, -0.0, 1.0, -0.0, -0.0, -0.0, 1.0, -0.0, 1.0, 1.0, 1.0, -0.0, 1.0, -0.0, 1.0, -0.0, 1.0, -0.0, -0.0, 1.0, 1.0, 1.0, -0.0, -0.0, -0.0, -0.0, -0.0, -0.0, 1.0, -0.0, -0.0, 1.0]"
1000000000000,50,Pair-sum,True,highs,kOptimal,False,False,0.0,399.0,347,0.10266500099987752,0.009307471999818517,19,144,1.5916157281026244e-12,"[1.0, 0.0, 1.0, 0.0, 1.0, 0.0, 1.0, 0.0, 0.0, 0.0, 1.0, 0.0, 1.0, 1.0, 1.0, 0.0, 1.0, 0.0, 1.0, 0.0, 1.0, 0.0, 0.0, 1.0, 1.0, 1.0, 0.0, 0.0, 0.0, 0.0, -0.0, 0.0, 1.0, 0.0, 0.0, 1.0]"
1000000000000,50,Pair-sum,True,gurobi,2,False,False,0.0,399.0,347,0.10266500099987752,0.0022605049998674076,19,144,1.5916157281026244e-12,"[1.0, 0.0, 1.0, 0.0, 1.0, 0.0, 1.0, 0.0, 0.0, -0.0, 1.0, -0.0, 1.0, 1.0, 1.0, 0.0, 1.0, 0.0, 1.0, -0.0, 1.0, -0.0, -0.0, 1.0, 1.0, 1.0, 0.0, -0.0, -0.0, 0.0, 0.0, 0.0, 1.0, -0.0, 0.0, 1.0]"
1000000000000,50,All-elimination,False,highs,kOptimal,False,False,1.5550292968656697e-11,399.0,347,0.10237600799973734,0.0060329729994919035,55,324,2.2737367544323206e-13,"[0.9999999999999998, 0.0, 1.0, 0.0, 0.99999999999825, 0.0, 1.0, -0.0, 8.749999999989063e-13, 0.0, 1.0, -0.0, 1.0, 1.0, 1.0, 0.0, 1.0, 0.0, 1.0, 1.5550292968656697e-11, 1.0, 0.0, 0.0, 0.9999999999969874, 1.0, 0.9999999999945, 0.0, 0.0, -0.0, 5.5000448640040244e-12, -1.5000000000035e-12, -0.0, 1.0, -0.0, 0.0, 1.0]"
1000000000000,50,All-elimination,False,gurobi,2,False,False,0.0,399.0,347,0.10237600799973734,0.002227941999990435,55,324,2.62456723021387e-12,"[1.0, 0.0, 1.0, -0.0, 1.0, -0.0, 1.0, 0.0, 0.0, 0.0, 1.0, 0.0, 1.0, 1.0, 1.0, -0.0, 1.0, 0.0, 1.0, 0.0, 1.0, 0.0, 0.0, 1.0, 1.0, 1.0, 0.0, 0.0, 0.0, 0.0, 0.0, 0.0, 1.0, 0.0, 0.0, 1.0]"
1000000000000,50,All-elimination,True,highs,kOptimal,False,False,0.0,396.0,347,0.10237600799973734,0.01046073100042122,55,324,2.2737367544323206e-13,"[0.0, 1.0, 1.0, 0.0, 0.0, 0.0, 1.0, 0.0, 0.0, 0.0, 1.0, 0.0, 1.0, 1.0, 1.0, 0.0, 1.0, 0.0, 1.0, 0.0, 1.0, 0.0, 0.0, 1.0, 1.0, 0.0, 1.0, 0.0, 0.0, 1.0, -0.0, 0.0, 1.0, 0.0, 0.0, 1.0]"
1000000000000,50,All-elimination,True,gurobi,2,False,False,0.0,399.0,347,0.10237600799973734,0.0015239280000969302,55,324,2.62456723021387e-12,"[1.0, -0.0, 1.0, 0.0, 1.0, 0.0, 1.0, 0.0, 0.0, 0.0, 1.0, 0.0, 1.0, 1.0, 1.0, 0.0, 1.0, 0.0, 1.0, 0.0, 1.0, -0.0, 0.0, 1.0, 1.0, 1.0, 0.0, -0.0, -0.0, 0.0, 0.0, 0.0, 1.0, 0.0, 0.0, 1.0]"
1000000000000,50,Selected-guards,False,highs,ABSTAIN,False,False,,,347,0.016941976000452996,0.0,,,,null
1000000000000,50,Selected-guards,False,gurobi,ABSTAIN,False,False,,,347,0.016941976000452996,0.0,,,,null
1000000000000,50,Selected-guards,True,highs,ABSTAIN,False,False,,,347,0.016941976000452996,0.0,,,,null
1000000000000,50,Selected-guards,True,gurobi,ABSTAIN,False,False,,,347,0.016941976000452996,0.0,,,,null
1000000000000,50,Unsafe-clauses,False,highs,kOptimal,True,True,8.499978498832661e-12,347.0,347,0.1253201290001016,0.003921530000297935,19,120,1.8319453663531629e-28,"[2.4999999999975e-12, 1.0, 1.0, 0.0, 0.0, 0.0, 1.0, 0.0, -0.0, 0.0, 1.000000000001625, 0.0, -0.0, 0.9999999999944996, 1.0, 0.0, 0.0, 5.500266908594284e-12, 1.0, 0.0, 1.0, 1.0, -0.0, 0.0, 1.0, 1.0, -0.0, 0.0, 5.4999999999835e-12, 0.0, 8.499889805045748e-12, 0.0, 1.0, 8.499889805045749e-12, 0.0, 0.9999999999915]"
1000000000000,50,Unsafe-clauses,False,gurobi,2,True,True,0.0,347.0,347,0.1253201290001016,0.0012598020002769772,19,120,0.0,"[-0.0, 1.0, 1.0, -0.0, -0.0, -0.0, 1.0, -0.0, -0.0, -0.0, 1.0, -0.0, -0.0, 1.0, 1.0, 0.0, -0.0, -0.0, 1.0, 0.0, 1.0, 1.0, 0.0, -0.0, 1.0, 1.0, -0.0, -0.0, 0.0, -0.0, 0.0, -0.0, 1.0, 0.0, -0.0, 1.0]"
1000000000000,50,Unsafe-clauses,True,highs,kOptimal,True,True,1.1499999999954e-11,347.0,347,0.1253201290001016,0.004161073999966902,19,120,1.1499999999954e-11,"[0.0, 1.0, 1.0, 0.0, 0.0, 0.0, 1.0, 0.0, 0.0, 0.0, 1.0, 0.0, 0.0, 1.0, 1.0, 0.0, 0.0, 0.0, 0.9999999999991666, 0.0, 1.0, 0.9999999999991667, 0.0, 0.0, 1.0, 1.0, 1.1499999999954e-11, -0.0, 0.0, 0.0, -0.0, 0.0, 1.0, 0.0, 0.0, 1.0]"
1000000000000,50,Unsafe-clauses,True,gurobi,2,True,True,0.0,347.0,347,0.1253201290001016,0.0007122239994714619,19,120,0.0,"[0.0, 1.0, 1.0, 0.0, 0.0, 0.0, 1.0, 0.0, 0.0, 0.0, 1.0, 0.0, 0.0, 1.0, 1.0, 0.0, 0.0, 0.0, 1.0, 0.0, 1.0, 1.0, 0.0, 0.0, 1.0, 1.0, 0.0, 0.0, 0.0, 0.0, 0.0, 0.0, 1.0, 0.0, 0.0, 1.0]"
1000000000000,50,All-clauses,False,highs,kOptimal,True,True,5.499999999978e-12,347.0,347,0.1277072880002379,0.003370021000591805,60,205,5.499999999978e-12,"[-0.0, 1.0, 1.0, 0.0, 0.0, 0.0, 1.0, -0.0, -0.0, 0.0, 1.0, 0.0, -0.0, 1.0, 1.0, 0.0, -0.0, 0.0, 0.9999999999965, 3.499978085130806e-12, 1.0, 0.9999999999965, 3.499978085130806e-12, 0.0, 1.0, 1.0, -0.0, 5.499999999978e-12, -0.0, 0.0, -1.4999999999985e-12, 0.0, 1.0000000000015, 0.0, 0.0, 1.0000000000015]"
1000000000000,50,All-clauses,False,gurobi,2,True,True,0.0,347.0,347,0.1277072880002379,0.000452420000328857,60,205,0.0,"[-0.0, 1.0, 1.0, -0.0, -0.0, -0.0, 1.0, -0.0, -0.0, -0.0, 1.0, -0.0, -0.0, 1.0, 1.0, -0.0, -0.0, -0.0, 1.0, 0.0, 1.0, 1.0, 0.0, -0.0, 1.0, 1.0, -0.0, -0.0, 0.0, -0.0, 0.0, -0.0, 1.0, 0.0, -0.0, 1.0]"
1000000000000,50,All-clauses,True,highs,kOptimal,True,True,1.4499512701604544e-11,347.0,347,0.1277072880002379,0.004636981999283307,60,205,1.849942421472406e-11,"[-0.0, 1.0, 1.0, 0.0, 0.0, 0.0, 1.0, -0.0, 8.749999999989063e-13, 0.0, 1.0, 0.0, 3.1666666666645555e-12, 1.0, 1.0, 0.0, -0.0, 0.0, 1.0000000000144995, 0.0, 0.9999999999960001, 1.0, -0.0, 0.0, 1.0, 1.0, 1.1500178214848537e-11, 7.000178214908538e-12, 0.0, 0.0, 4.499999999994e-12, 0.0, 1.0, -0.0, 0.0, 1.0]"
1000000000000,50,All-clauses,True,gurobi,2,True,True,0.0,347.0,347,0.1277072880002379,0.000508003999129869,60,205,0.0,"[0.0, 1.0, 1.0, 0.0, 0.0, 0.0, 1.0, 0.0, 0.0, 0.0, 1.0, 0.0, 0.0, 1.0, 1.0, 0.0, 0.0, 0.0, 1.0, 0.0, 1.0, 1.0, 0.0, 0.0, 1.0, 1.0, 0.0, 0.0, 0.0, 0.0, 0.0, 0.0, 1.0, 0.0, 0.0, 1.0]"
1000000000000,51,Base,False,highs,kOptimal,True,True,0.0,298.0,298,1.7329994079773314e-06,0.27809641899966664,13,108,0.0,"[1.0, 1.0, 0.0, 0.0, 0.0, 0.0, 1.0, 1.0, 0.0, 0.0, 0.0, 0.0, 1.0, 1.0, 0.0, 0.0, 0.0, 0.0, 1.0, 0.0, 0.0, 0.0, 0.0, 1.0, 0.0, 0.0, 1.0, 0.0, 1.0, 1.0, 1.0, 1.0, 0.0, 0.0, 0.0, 0.0]"
1000000000000,51,Base,False,gurobi,2,True,True,0.0,298.0,298,1.7329994079773314e-06,0.005530245000045397,13,108,0.0,"[1.0, 1.0, 0.0, 0.0, 0.0, 0.0, 1.0, 1.0, 0.0, 0.0, 0.0, 0.0, 1.0, 1.0, 0.0, 0.0, 0.0, 0.0, 1.0, 0.0, 0.0, 0.0, 0.0, 1.0, 0.0, 0.0, 1.0, 0.0, 1.0, 1.0, 1.0, 1.0, 0.0, 0.0, 0.0, 0.0]"
1000000000000,51,Base,True,highs,kOptimal,True,True,0.0,298.0,298,1.7329994079773314e-06,0.009819742999752634,13,108,0.0,"[1.0, 1.0, 0.0, 0.0, 0.0, 0.0, 1.0, 1.0, 0.0, 0.0, 0.0, 0.0, 1.0, 1.0, 0.0, 0.0, 0.0, -0.0, 1.0, 0.0, 0.0, 0.0, 0.0, 1.0, 0.0, 0.0, 1.0, 0.0, 1.0, 1.0, 1.0, 1.0, 0.0, 0.0, 0.0, 0.0]"
1000000000000,51,Base,True,gurobi,2,True,True,0.0,298.0,298,1.7329994079773314e-06,0.0017883699993035407,13,108,0.0,"[1.0, 1.0, -0.0, -0.0, 0.0, -0.0, 1.0, 1.0, -0.0, -0.0, -0.0, -0.0, 1.0, 1.0, -0.0, -0.0, -0.0, -0.0, 1.0, -0.0, -0.0, -0.0, -0.0, 1.0, -0.0, -0.0, 1.0, -0.0, 1.0, 1.0, 1.0, 1.0, -0.0, -0.0, -0.0, -0.0]"
1000000000000,51,GCD-floor,False,highs,kOptimal,True,True,0.0,298.0,298,8.30610006232746e-05,0.2773579209997479,13,108,0.0,"[1.0, 1.0, 0.0, 0.0, 0.0, 0.0, 1.0, 1.0, 0.0, 0.0, 0.0, 0.0, 1.0, 1.0, 0.0, 0.0, 0.0, 0.0, 1.0, 0.0, 0.0, 0.0, 0.0, 1.0, 0.0, 0.0, 1.0, 0.0, 1.0, 1.0, 1.0, 1.0, 0.0, 0.0, 0.0, 0.0]"
1000000000000,51,GCD-floor,False,gurobi,2,True,True,0.0,298.0,298,8.30610006232746e-05,0.015700057000685774,13,108,0.0,"[1.0, 1.0, -0.0, -0.0, -0.0, -0.0, 1.0, 1.0, -0.0, -0.0, -0.0, -0.0, 1.0, 1.0, -0.0, -0.0, -0.0, -0.0, 1.0, 0.0, 0.0, 0.0, -0.0, 1.0, -0.0, -0.0, 1.0, -0.0, 1.0, 1.0, 1.0, 1.0, -0.0, -0.0, -0.0, -0.0]"
1000000000000,51,GCD-floor,True,highs,kOptimal,True,True,0.0,298.0,298,8.30610006232746e-05,0.009842080999987957,13,108,0.0,"[1.0, 1.0, 0.0, 0.0, 0.0, 0.0, 1.0, 1.0, 0.0, 0.0, 0.0, 0.0, 1.0, 1.0, 0.0, 0.0, 0.0, -0.0, 1.0, 0.0, 0.0, 0.0, 0.0, 1.0, 0.0, 0.0, 1.0, 0.0, 1.0, 1.0, 1.0, 1.0, 0.0, 0.0, 0.0, 0.0]"
1000000000000,51,GCD-floor,True,gurobi,2,True,True,0.0,298.0,298,8.30610006232746e-05,0.0017911680006363895,13,108,0.0,"[1.0, 1.0, -0.0, -0.0, 0.0, -0.0, 1.0, 1.0, -0.0, -0.0, -0.0, -0.0, 1.0, 1.0, -0.0, -0.0, -0.0, -0.0, 1.0, -0.0, -0.0, -0.0, -0.0, 1.0, -0.0, -0.0, 1.0, -0.0, 1.0, 1.0, 1.0, 1.0, -0.0, -0.0, -0.0, -0.0]"
1000000000000,51,Dyadic-GM,False,highs,kOptimal,False,False,7.498446308318307e-13,369.0,298,0.10217045900026278,0.02278315900002781,13,108,1.5916157281026244e-12,"[0.0, 0.0, 1.0, 0.0, 1.0, 1.0, 1.0, 1.0, 0.0, 0.0, 0.0, 0.0, -0.0, 1.0, 1.0, 0.0, 0.0, 1.0000000000007498, 1.0, 0.0, 0.0, 0.0, 0.0, 1.0, 0.0, 0.0, -0.0, 0.0, 0.0, 0.0, 1.0, 1.0, 1.0, 0.0, 0.0, 1.0]"
1000000000000,51,Dyadic-GM,False,gurobi,2,False,False,0.0,369.0,298,0.10217045900026278,0.011881408999215637,13,108,1.5916157281026244e-12,"[-0.0, -0.0, 1.0, -0.0, 1.0, 1.0, 1.0, 1.0, -0.0, -0.0, -0.0, -0.0, -0.0, 1.0, 1.0, -0.0, -0.0, 1.0, 1.0, -0.0, 0.0, 0.0, -0.0, 1.0, -0.0, -0.0, -0.0, -0.0, -0.0, -0.0, 1.0, 1.0, 1.0, -0.0, -0.0, 1.0]"
1000000000000,51,Dyadic-GM,True,highs,kOptimal,False,False,4.4999999999865e-12,369.0,298,0.10217045900026278,0.015041611999549787,13,108,1.5916157281026256e-12,"[0.0, 0.0, 1.0, 0.0, 1.0, 1.0, 1.0, 1.0, 4.4999999999865e-12, 0.0, 0.0, 0.0, 0.0, 1.0, 1.0, 0.0, 0.0, 1.0, 1.0, 0.0, 0.0, -0.0, 0.0, 1.0, 0.0, 0.0, 0.0, 0.0, 0.0, 0.0, 1.0, 1.0, 1.0000000000000002, 0.0, 0.0, 1.0000000000000002]"
1000000000000,51,Dyadic-GM,True,gurobi,2,False,False,0.0,369.0,298,0.10217045900026278,0.009472470999753568,13,108,1.5916157281026244e-12,"[0.0, 0.0, 1.0, 0.0, 1.0, 1.0, 1.0, 1.0, 0.0, 0.0, 0.0, 0.0, 0.0, 1.0, 1.0, 0.0, 0.0, 1.0, 1.0, 0.0, 0.0, 0.0, 0.0, 1.0, 0.0, 0.0, 0.0, 0.0, 0.0, 0.0, 1.0, 1.0, 1.0, 0.0, 0.0, 1.0]"
1000000000000,51,Pair-sum,False,highs,kOptimal,False,False,0.0,363.0,298,0.10432375099935598,0.0076937260000704555,19,144,2.2737367544323206e-13,"[0.0, 0.0, 1.0, 0.0, 1.0, 1.0, 1.0, 1.0, 0.0, 0.0, 0.0, 0.0, 1.0, 1.0, 0.0, 0.0, 0.0, 0.0, 1.0, 0.0, 0.0, 0.0, 0.0, 1.0, 0.0, 0.0, 1.0, 0.0, 1.0, 1.0, 1.0, 1.0, 0.0, 0.0, 0.0, 0.0]"
1000000000000,51,Pair-sum,False,gurobi,2,False,False,0.0,363.0,298,0.10432375099935598,0.0035932359996877494,19,144,2.2737367544323206e-13,"[-0.0, 0.0, 1.0, 0.0, 1.0, 1.0, 1.0, 1.0, 0.0, -0.0, 0.0, -0.0, 1.0, 1.0, 0.0, -0.0, -0.0, 0.0, 1.0, -0.0, 0.0, -0.0, -0.0, 1.0, -0.0, -0.0, 1.0, -0.0, 1.0, 1.0, 1.0, 1.0, 0.0, -0.0, -0.0, 0.0]"
1000000000000,51,Pair-sum,True,highs,kOptimal,False,False,0.0,363.0,298,0.10432375099935598,0.006201713999871572,19,144,2.2737367544323206e-13,"[0.0, 0.0, 1.0, 0.0, 1.0, 1.0, 1.0, 1.0, 0.0, 0.0, 0.0, 0.0, 1.0, 1.0, 0.0, 0.0, 0.0, 0.0, 1.0, 0.0, 0.0, 0.0, 0.0, 1.0, 0.0, 0.0, 1.0, 0.0, 1.0, 1.0, 1.0, 1.0, 0.0, 0.0, 0.0, 0.0]"
1000000000000,51,Pair-sum,True,gurobi,2,False,False,0.0,363.0,298,0.10432375099935598,0.001298008000048867,19,144,2.2737367544323206e-13,"[-0.0, -0.0, 1.0, -0.0, 1.0, 1.0, 1.0, 1.0, -0.0, -0.0, -0.0, -0.0, 1.0, 1.0, 0.0, 0.0, 0.0, -0.0, 1.0, 0.0, -0.0, -0.0, -0.0, 1.0, -0.0, -0.0, 1.0, -0.0, 1.0, 1.0, 1.0, 1.0, 0.0, 0.0, 0.0, 0.0]"
1000000000000,51,All-elimination,False,highs,kOptimal,False,False,0.0,363.0,298,0.10542869999972027,0.012180669999906968,54,318,2.2737367544323206e-13,"[0.0, 0.0, 1.0, 0.0, 1.0, 1.0, 1.0, 1.0, 0.0, 0.0, 0.0, 0.0, 1.0, 1.0, 0.0, 0.0, 0.0, 0.0, 1.0, 0.0, 0.0, 0.0, 0.0, 1.0, 0.0, 0.0, 1.0, 0.0, 1.0, 1.0, 1.0, 1.0, 0.0, 0.0, 0.0, 0.0]"
1000000000000,51,All-elimination,False,gurobi,2,False,False,0.0,363.0,298,0.10542869999972027,0.0021018879997427575,54,318,2.2737367544323206e-13,"[-0.0, -0.0, 1.0, 0.0, 1.0, 1.0, 1.0, 1.0, 0.0, -0.0, -0.0, -0.0, 1.0, 1.0, 0.0, 0.0, -0.0, -0.0, 1.0, -0.0, 0.0, -0.0, -0.0, 1.0, 0.0, -0.0, 1.0, 0.0, 1.0, 1.0, 1.0, 1.0, 0.0, -0.0, 0.0, -0.0]"
1000000000000,51,All-elimination,True,highs,kOptimal,False,False,0.0,363.0,298,0.10542869999972027,0.005233503999988898,54,318,2.2737367544323206e-13,"[0.0, 0.0, 1.0, 0.0, 1.0, 1.0, 1.0, 1.0, 0.0, 0.0, 0.0, 0.0, 1.0, 1.0, 0.0, 0.0, 0.0, 0.0, 1.0, 0.0, 0.0, 0.0, 0.0, 1.0, 0.0, 0.0, 1.0, 0.0, 1.0, 1.0, 1.0, 1.0, 0.0, 0.0, 0.0, 0.0]"
1000000000000,51,All-elimination,True,gurobi,2,False,False,0.0,363.0,298,0.10542869999972027,0.001989862999835168,54,318,2.2737367544323206e-13,"[-0.0, -0.0, 1.0, -0.0, 1.0, 1.0, 1.0, 1.0, -0.0, -0.0, -0.0, -0.0, 1.0, 1.0, 0.0, 0.0, 0.0, -0.0, 1.0, 0.0, -0.0, -0.0, -0.0, 1.0, -0.0, -0.0, 1.0, -0.0, 1.0, 1.0, 1.0, 1.0, -0.0, 0.0, 0.0, 0.0]"
1000000000000,51,Selected-guards,False,highs,ABSTAIN,False,False,,,298,0.01978723699994589,0.0,,,,null
1000000000000,51,Selected-guards,False,gurobi,ABSTAIN,False,False,,,298,0.01978723699994589,0.0,,,,null
1000000000000,51,Selected-guards,True,highs,ABSTAIN,False,False,,,298,0.01978723699994589,0.0,,,,null
1000000000000,51,Selected-guards,True,gurobi,ABSTAIN,False,False,,,298,0.01978723699994589,0.0,,,,null
1000000000000,51,Unsafe-clauses,False,highs,kOptimal,True,True,0.0,298.0,298,0.12928316600027756,0.005048988999988069,20,119,0.0,"[1.0, 1.0, 0.0, 0.0, 0.0, 0.0, 1.0, 1.0, 0.0, 0.0, 0.0, 0.0, 1.0, 1.0, 0.0, 0.0, 0.0, 0.0, 1.0, 0.0, 0.0, 0.0, 0.0, 1.0, 0.0, 0.0, 1.0, 0.0, 1.0, 1.0, 1.0, 1.0, 0.0, 0.0, 0.0, 0.0]"
1000000000000,51,Unsafe-clauses,False,gurobi,2,True,True,0.0,298.0,298,0.12928316600027756,0.0014619579997088294,20,119,0.0,"[1.0, 1.0, -0.0, -0.0, -0.0, -0.0, 1.0, 1.0, -0.0, -0.0, -0.0, -0.0, 1.0, 1.0, -0.0, -0.0, -0.0, 0.0, 1.0, -0.0, -0.0, -0.0, -0.0, 1.0, -0.0, 0.0, 1.0, 0.0, 1.0, 1.0, 1.0, 1.0, -0.0, -0.0, -0.0, -0.0]"
1000000000000,51,Unsafe-clauses,True,highs,kOptimal,True,True,2.1667112548584555e-12,298.0,298,0.12928316600027756,0.004233055999975477,20,119,2.073485997893528e-16,"[1.0, 1.0, 0.0, 0.0, 0.0, 0.0, 1.0, 1.0, -0.0, 0.0, -1.500000000003e-12, -0.0, 1.0, 1.0, 0.0, 0.0, 0.0, -0.0, 1.0000000000021667, 0.0, -0.0, -2.166503906258666e-12, 0.0, 1.0, 0.0, -1.2505552149387768e-13, 1.0, 0.0, 1.0, 1.0, 1.0, 1.0, 0.0, 0.0, 0.0, 0.0]"
1000000000000,51,Unsafe-clauses,True,gurobi,2,True,True,0.0,298.0,298,0.12928316600027756,0.0009033200003614184,20,119,0.0,"[1.0, 1.0, 0.0, 0.0, 0.0, 0.0, 1.0, 1.0, -0.0, -0.0, -0.0, -0.0, 1.0, 1.0, 0.0, 0.0, 0.0, -0.0, 1.0, 0.0, -0.0, -0.0, -0.0, 1.0, 0.0, -0.0, 1.0, 0.0, 1.0, 1.0, 1.0, 1.0, 0.0, 0.0, 0.0, 0.0]"
1000000000000,51,All-clauses,False,highs,kOptimal,True,True,1.8334960937371656e-12,298.0,298,0.1301984240008096,0.003361713000231248,64,211,1.8334960937371656e-12,"[1.000000000001125, 1.0, 0.0, 0.0, 0.0, 0.0, 1.0, 1.0000000000015, -1.5002441406280005e-12, 0.0, 0.0, -0.0, 1.0, 1.0, 0.0, 0.0, 0.0, -0.0, 0.9999999999981667, -0.0, -0.0, 1.8334960937371656e-12, 0.0, 1.0, -0.0, -0.0, 1.0, 0.0, 1.0, 1.0, 1.0, 1.0, -0.0, 0.0, 0.0, -0.0]"
1000000000000,51,All-clauses,False,gurobi,2,True,True,0.0,298.0,298,0.1301984240008096,0.0004225810007483233,64,211,0.0,"[1.0, 1.0, -0.0, -0.0, -0.0, -0.0, 1.0, 1.0, 0.0, -0.0, 0.0, 0.0, 1.0, 1.0, -0.0, -0.0, -0.0, -0.0, 1.0, 0.0, 0.0, 0.0, -0.0, 1.0, -0.0, 0.0, 1.0, -0.0, 1.0, 1.0, 1.0, 1.0, 0.0, -0.0, -0.0, 0.0]"
1000000000000,51,All-clauses,True,highs,kOptimal,True,True,3.2500668822876833e-12,298.0,298,0.1301984240008096,0.004454826000255707,64,211,3.2503110229126823e-12,"[1.0, 1.0, 0.0, 0.0, 0.0, 0.0, 1.00000000000225, 1.0, 0.0, -0.0, 0.0, 0.0, 1.0, 0.99999999999725, 0.0, 0.0, 0.0, 0.0, 1.00000000000325, -0.0, -2.4414062499902343e-16, 0.0, 0.0, 1.0, -0.0, -0.0, 1.0, 0.0, 1.0, 1.0, 1.0, 1.0, 0.0, 0.0, 0.0, 0.0]"
1000000000000,51,All-clauses,True,gurobi,2,True,True,0.0,298.0,298,0.1301984240008096,0.0007955920000313199,64,211,0.0,"[1.0, 1.0, 0.0, 0.0, 0.0, 0.0, 1.0, 1.0, 0.0, -0.0, 0.0, -0.0, 1.0, 1.0, 0.0, 0.0, 0.0, -0.0, 1.0, 0.0, -0.0, 0.0, 0.0, 1.0, 0.0, -0.0, 1.0, 0.0, 1.0, 1.0, 1.0, 1.0, 0.0, 0.0, 0.0, 0.0]"
