block_range,severity,pattern,seed,first,second,byte_equal,row_names_equal,support_equal,row_senses_equal,other_lp_sections_equal,coefficients_equal,coefficients_total,rhs_equal,rhs_total,coefficient_max_relative_difference,rhs_max_absolute_difference,exact_named_model_equal
1,3,coupling,20260909,SA-Mat,Role-Hybrid,1,1,1,1,1,130,130,43,43,0.0,0.0,1
1,3,coupling,20260909,SA-Mat,SA-Mat-permB,1,1,1,1,1,130,130,43,43,0.0,0.0,1
1,3,coupling,20260909,SA-Mat,Flat-GM,0,1,1,1,1,112,130,40,43,0.9159872433652961,888.407888,0
1,3,coupling,20260909,Role-Hybrid,Flat-L2,0,1,1,1,1,21,130,12,43,0.9000049996250312,208.94677,0
1,3,coupling,20260910,SA-Mat,Role-Hybrid,1,1,1,1,1,130,130,43,43,0.0,0.0,1
1,3,coupling,20260910,SA-Mat,SA-Mat-permB,1,1,1,1,1,130,130,43,43,0.0,0.0,1
1,3,coupling,20260910,SA-Mat,Flat-GM,0,1,1,1,1,112,130,40,43,0.9098371798642965,872.232614,0
1,3,coupling,20260910,Role-Hybrid,Flat-L2,0,1,1,1,1,24,130,13,43,0.9000049996250312,213.256112,0
1,3,coupling,20260911,SA-Mat,Role-Hybrid,1,1,1,1,1,130,130,43,43,0.0,0.0,1
1,3,coupling,20260911,SA-Mat,SA-Mat-permB,1,1,1,1,1,130,130,43,43,0.0,0.0,1
1,3,coupling,20260911,SA-Mat,Flat-GM,0,1,1,1,1,112,130,40,43,0.9357905445047392,1177.979723,0
1,3,coupling,20260911,Role-Hybrid,Flat-L2,0,1,1,1,1,21,130,12,43,0.9000049996250312,272.147404,0
1,3,coupling,20260912,SA-Mat,Role-Hybrid,1,1,1,1,1,130,130,43,43,0.0,0.0,1
1,3,coupling,20260912,SA-Mat,SA-Mat-permB,1,1,1,1,1,130,130,43,43,0.0,0.0,1
1,3,coupling,20260912,SA-Mat,Flat-GM,0,1,1,1,1,112,130,40,43,0.9304788373869508,918.737708,0
1,3,coupling,20260912,Role-Hybrid,Flat-L2,0,1,1,1,1,27,130,14,43,0.9000049996250312,242.008072,0
1,3,coupling,20260913,SA-Mat,Role-Hybrid,1,1,1,1,1,130,130,43,43,0.0,0.0,1
1,3,coupling,20260913,SA-Mat,SA-Mat-permB,1,1,1,1,1,130,130,43,43,0.0,0.0,1
1,3,coupling,20260913,SA-Mat,Flat-GM,0,1,1,1,1,112,130,40,43,0.8862316005558167,537.356622,0
1,3,coupling,20260913,Role-Hybrid,Flat-L2,0,1,1,1,1,27,130,14,43,0.9000049996250312,251.670315,0
1,3,coupling,20260914,SA-Mat,Role-Hybrid,1,1,1,1,1,130,130,43,43,0.0,0.0,1
1,3,coupling,20260914,SA-Mat,SA-Mat-permB,1,1,1,1,1,130,130,43,43,0.0,0.0,1
1,3,coupling,20260914,SA-Mat,Flat-GM,0,1,1,1,1,112,130,40,43,0.9319406207314758,1256.777638,0
1,3,coupling,20260914,Role-Hybrid,Flat-L2,0,1,1,1,1,27,130,14,43,0.9000049996250312,180.671602,0
1,3,coupling,20260915,SA-Mat,Role-Hybrid,1,1,1,1,1,130,130,43,43,0.0,0.0,1
1,3,coupling,20260915,SA-Mat,SA-Mat-permB,1,1,1,1,1,130,130,43,43,0.0,0.0,1
1,3,coupling,20260915,SA-Mat,Flat-GM,0,1,1,1,1,112,130,40,43,0.9257429199911483,883.705316,0
1,3,coupling,20260915,Role-Hybrid,Flat-L2,0,1,1,1,1,27,130,14,43,0.9000049996250312,175.020687,0
1,3,coupling,20260916,SA-Mat,Role-Hybrid,1,1,1,1,1,130,130,43,43,0.0,0.0,1
1,3,coupling,20260916,SA-Mat,SA-Mat-permB,1,1,1,1,1,130,130,43,43,0.0,0.0,1
1,3,coupling,20260916,SA-Mat,Flat-GM,0,1,1,1,1,112,130,40,43,0.9060551961771186,530.070866,0
1,3,coupling,20260916,Role-Hybrid,Flat-L2,0,1,1,1,1,27,130,14,43,0.9000049996250312,216.970732,0
1,3,coupling,20260917,SA-Mat,Role-Hybrid,1,1,1,1,1,130,130,43,43,0.0,0.0,1
1,3,coupling,20260917,SA-Mat,SA-Mat-permB,1,1,1,1,1,130,130,43,43,0.0,0.0,1
1,3,coupling,20260917,SA-Mat,Flat-GM,0,1,1,1,1,112,130,40,43,0.924217598450341,499.059239,0
1,3,coupling,20260917,Role-Hybrid,Flat-L2,0,1,1,1,1,24,130,13,43,0.9000049996250312,302.332644,0
1,3,coupling,20260918,SA-Mat,Role-Hybrid,1,1,1,1,1,130,130,43,43,0.0,0.0,1
1,3,coupling,20260918,SA-Mat,SA-Mat-permB,1,1,1,1,1,130,130,43,43,0.0,0.0,1
1,3,coupling,20260918,SA-Mat,Flat-GM,0,1,1,1,1,112,130,40,43,0.9059036221086265,898.198248,0
1,3,coupling,20260918,Role-Hybrid,Flat-L2,0,1,1,1,1,21,130,12,43,0.9000049996250312,267.274981,0
1,3,coupling_uniform,20260909,SA-Mat,Role-Hybrid,1,1,1,1,1,130,130,43,43,0.0,0.0,1
1,3,coupling_uniform,20260909,SA-Mat,SA-Mat-permB,1,1,1,1,1,130,130,43,43,0.0,0.0,1
1,3,coupling_uniform,20260909,SA-Mat,Flat-GM,0,1,1,1,1,112,130,40,43,0.9159872433652961,888.407888,0
1,3,coupling_uniform,20260909,Role-Hybrid,Flat-L2,0,1,1,1,1,21,130,12,43,0.9000049996250312,253.928573,0
1,3,coupling_uniform,20260910,SA-Mat,Role-Hybrid,1,1,1,1,1,130,130,43,43,0.0,0.0,1
1,3,coupling_uniform,20260910,SA-Mat,SA-Mat-permB,1,1,1,1,1,130,130,43,43,0.0,0.0,1
1,3,coupling_uniform,20260910,SA-Mat,Flat-GM,0,1,1,1,1,112,130,40,43,0.9248498422042074,887.58053,0
1,3,coupling_uniform,20260910,Role-Hybrid,Flat-L2,0,1,1,1,1,30,130,15,43,0.9000049996250312,295.395967,0
1,3,coupling_uniform,20260911,SA-Mat,Role-Hybrid,1,1,1,1,1,130,130,43,43,0.0,0.0,1
1,3,coupling_uniform,20260911,SA-Mat,SA-Mat-permB,1,1,1,1,1,130,130,43,43,0.0,0.0,1
1,3,coupling_uniform,20260911,SA-Mat,Flat-GM,0,1,1,1,1,112,130,40,43,0.9357905445047392,1177.979723,0
1,3,coupling_uniform,20260911,Role-Hybrid,Flat-L2,0,1,1,1,1,21,130,12,43,0.9000049996250312,308.132192,0
1,3,coupling_uniform,20260912,SA-Mat,Role-Hybrid,1,1,1,1,1,130,130,43,43,0.0,0.0,1
1,3,coupling_uniform,20260912,SA-Mat,SA-Mat-permB,1,1,1,1,1,130,130,43,43,0.0,0.0,1
1,3,coupling_uniform,20260912,SA-Mat,Flat-GM,0,1,1,1,1,112,130,40,43,0.9182492764199763,893.156965,0
1,3,coupling_uniform,20260912,Role-Hybrid,Flat-L2,0,1,1,1,1,30,130,15,43,0.9000049996250312,223.434295,0
1,3,coupling_uniform,20260913,SA-Mat,Role-Hybrid,1,1,1,1,1,130,130,43,43,0.0,0.0,1
1,3,coupling_uniform,20260913,SA-Mat,SA-Mat-permB,1,1,1,1,1,130,130,43,43,0.0,0.0,1
1,3,coupling_uniform,20260913,SA-Mat,Flat-GM,0,1,1,1,1,112,130,40,43,0.9098986845605372,584.597991,0
1,3,coupling_uniform,20260913,Role-Hybrid,Flat-L2,0,1,1,1,1,27,130,14,43,0.9000049996250312,281.497186,0
1,3,coupling_uniform,20260914,SA-Mat,Role-Hybrid,1,1,1,1,1,130,130,43,43,0.0,0.0,1
1,3,coupling_uniform,20260914,SA-Mat,SA-Mat-permB,1,1,1,1,1,130,130,43,43,0.0,0.0,1
1,3,coupling_uniform,20260914,SA-Mat,Flat-GM,0,1,1,1,1,112,130,40,43,0.9334033353952771,455.14156,0
1,3,coupling_uniform,20260914,Role-Hybrid,Flat-L2,0,1,1,1,1,24,130,13,43,0.9000049996250312,305.262985,0
1,3,coupling_uniform,20260915,SA-Mat,Role-Hybrid,1,1,1,1,1,130,130,43,43,0.0,0.0,1
1,3,coupling_uniform,20260915,SA-Mat,SA-Mat-permB,1,1,1,1,1,130,130,43,43,0.0,0.0,1
1,3,coupling_uniform,20260915,SA-Mat,Flat-GM,0,1,1,1,1,112,130,40,43,0.9257429199911483,577.087193,0
1,3,coupling_uniform,20260915,Role-Hybrid,Flat-L2,0,1,1,1,1,27,130,14,43,0.9000049996250312,245.222789,0
1,3,coupling_uniform,20260916,SA-Mat,Role-Hybrid,1,1,1,1,1,130,130,43,43,0.0,0.0,1
1,3,coupling_uniform,20260916,SA-Mat,SA-Mat-permB,1,1,1,1,1,130,130,43,43,0.0,0.0,1
1,3,coupling_uniform,20260916,SA-Mat,Flat-GM,0,1,1,1,1,112,130,40,43,0.9265191865365574,1168.419811,0
1,3,coupling_uniform,20260916,Role-Hybrid,Flat-L2,0,1,1,1,1,27,130,14,43,0.9000049996250312,269.28666,0
1,3,coupling_uniform,20260917,SA-Mat,Role-Hybrid,1,1,1,1,1,130,130,43,43,0.0,0.0,1
1,3,coupling_uniform,20260917,SA-Mat,SA-Mat-permB,1,1,1,1,1,130,130,43,43,0.0,0.0,1
1,3,coupling_uniform,20260917,SA-Mat,Flat-GM,0,1,1,1,1,112,130,40,43,0.929889018532761,992.144056,0
1,3,coupling_uniform,20260917,Role-Hybrid,Flat-L2,0,1,1,1,1,27,130,14,43,0.9000049996250312,330.152222,0
1,3,coupling_uniform,20260918,SA-Mat,Role-Hybrid,1,1,1,1,1,130,130,43,43,0.0,0.0,1
1,3,coupling_uniform,20260918,SA-Mat,SA-Mat-permB,1,1,1,1,1,130,130,43,43,0.0,0.0,1
1,3,coupling_uniform,20260918,SA-Mat,Flat-GM,0,1,1,1,1,112,130,40,43,0.9059036221086264,898.198248,0
1,3,coupling_uniform,20260918,Role-Hybrid,Flat-L2,0,1,1,1,1,24,130,13,43,0.9000049996250312,259.387998,0
1,3,mixed,20260909,SA-Mat,Role-Hybrid,0,1,1,1,1,112,130,40,43,0.20613749508308812,18.613532,0
1,3,mixed,20260909,SA-Mat,SA-Mat-permB,1,1,1,1,1,130,130,43,43,0.0,0.0,1
1,3,mixed,20260909,SA-Mat,Flat-GM,0,1,1,1,1,112,130,40,43,0.9347575083744644,1027.035623,0
1,3,mixed,20260909,Role-Hybrid,Flat-L2,0,1,1,1,1,27,130,14,43,0.9000049996250313,119.332239,0
1,3,mixed,20260910,SA-Mat,Role-Hybrid,0,1,1,1,1,112,130,40,43,0.003980043020277098,0.301798,0
1,3,mixed,20260910,SA-Mat,SA-Mat-permB,0,1,1,1,1,112,130,40,43,0.00027097395838045495,0.025979,0
1,3,mixed,20260910,SA-Mat,Flat-GM,0,1,1,1,1,112,130,40,43,0.9311945147623769,1050.710779,0
1,3,mixed,20260910,Role-Hybrid,Flat-L2,0,1,1,1,1,30,130,15,43,0.9000049996250313,333.7048,0
1,3,mixed,20260911,SA-Mat,Role-Hybrid,1,1,1,1,1,130,130,43,43,0.0,0.0,1
1,3,mixed,20260911,SA-Mat,SA-Mat-permB,1,1,1,1,1,130,130,43,43,0.0,0.0,1
1,3,mixed,20260911,SA-Mat,Flat-GM,0,1,1,1,1,112,130,40,43,0.9294618323064281,729.582801,0
1,3,mixed,20260911,Role-Hybrid,Flat-L2,0,1,1,1,1,18,130,11,43,0.9000049996250313,124.455272,0
1,3,mixed,20260912,SA-Mat,Role-Hybrid,0,1,1,1,1,121,130,43,43,7.403473943825691e-16,0.0,0
1,3,mixed,20260912,SA-Mat,SA-Mat-permB,1,1,1,1,1,130,130,43,43,0.0,0.0,1
1,3,mixed,20260912,SA-Mat,Flat-GM,0,1,1,1,1,112,130,40,43,0.9398048624198955,1227.048992,0
1,3,mixed,20260912,Role-Hybrid,Flat-L2,0,1,1,1,1,21,130,12,43,0.9272850865531685,152.235663,0
1,3,mixed,20260913,SA-Mat,Role-Hybrid,0,1,1,1,1,123,130,43,43,2.4666002065983787e-16,0.0,0
1,3,mixed,20260913,SA-Mat,SA-Mat-permB,1,1,1,1,1,130,130,43,43,0.0,0.0,1
1,3,mixed,20260913,SA-Mat,Flat-GM,0,1,1,1,1,112,130,40,43,0.9278579273088903,692.328727,0
1,3,mixed,20260913,Role-Hybrid,Flat-L2,0,1,1,1,1,24,130,13,43,0.9082397495267872,163.092519,0
1,3,mixed,20260914,SA-Mat,Role-Hybrid,0,1,1,1,1,121,130,43,43,2.403467802880622e-16,0.0,0
1,3,mixed,20260914,SA-Mat,SA-Mat-permB,1,1,1,1,1,130,130,43,43,0.0,0.0,1
1,3,mixed,20260914,SA-Mat,Flat-GM,0,1,1,1,1,112,130,40,43,0.9091857557707402,637.400297,0
1,3,mixed,20260914,Role-Hybrid,Flat-L2,0,1,1,1,1,33,130,16,43,0.9000049996250313,253.865823,0
1,3,mixed,20260915,SA-Mat,Role-Hybrid,0,1,1,1,1,120,130,43,43,5.03097399664e-16,0.0,0
1,3,mixed,20260915,SA-Mat,SA-Mat-permB,1,1,1,1,1,130,130,43,43,0.0,0.0,1
1,3,mixed,20260915,SA-Mat,Flat-GM,0,1,1,1,1,112,130,40,43,0.9138173398918987,310.229084,0
1,3,mixed,20260915,Role-Hybrid,Flat-L2,0,1,1,1,1,21,130,12,43,0.9452367962438584,103.731858,0
1,3,mixed,20260916,SA-Mat,Role-Hybrid,0,1,1,1,1,120,130,43,43,3.610509577629766e-16,0.0,0
1,3,mixed,20260916,SA-Mat,SA-Mat-permB,1,1,1,1,1,130,130,43,43,0.0,0.0,1
1,3,mixed,20260916,SA-Mat,Flat-GM,0,1,1,1,1,112,130,40,43,0.9275061743410655,866.559204,0
1,3,mixed,20260916,Role-Hybrid,Flat-L2,0,1,1,1,1,18,130,11,43,0.944968645062956,235.506382,0
1,3,mixed,20260917,SA-Mat,Role-Hybrid,0,1,1,1,1,112,130,40,43,0.002860983458778799,0.209157,0
1,3,mixed,20260917,SA-Mat,SA-Mat-permB,0,1,1,1,1,112,130,40,43,0.002103896784718129,0.154133,0
1,3,mixed,20260917,SA-Mat,Flat-GM,0,1,1,1,1,112,130,40,43,0.9115626168269828,840.936464,0
1,3,mixed,20260917,Role-Hybrid,Flat-L2,0,1,1,1,1,21,130,12,43,0.9373226057092401,126.286703,0
1,3,mixed,20260918,SA-Mat,Role-Hybrid,1,1,1,1,1,130,130,43,43,0.0,0.0,1
1,3,mixed,20260918,SA-Mat,SA-Mat-permB,1,1,1,1,1,130,130,43,43,0.0,0.0,1
1,3,mixed,20260918,SA-Mat,Flat-GM,0,1,1,1,1,112,130,40,43,0.9222170615228203,819.123081,0
1,3,mixed,20260918,Role-Hybrid,Flat-L2,0,1,1,1,1,18,130,11,43,0.9000049996250313,286.065461,0
1,6,coupling,20260909,SA-Mat,Role-Hybrid,1,1,1,1,1,130,130,43,43,0.0,0.0,1
1,6,coupling,20260909,SA-Mat,SA-Mat-permB,1,1,1,1,1,130,130,43,43,0.0,0.0,1
1,6,coupling,20260909,SA-Mat,Flat-GM,0,1,1,1,1,112,130,40,43,0.9159872433652961,888.407888,0
1,6,coupling,20260909,Role-Hybrid,Flat-L2,0,1,1,1,1,21,130,12,43,0.9000049996250312,208.94677,0
1,6,coupling,20260910,SA-Mat,Role-Hybrid,1,1,1,1,1,130,130,43,43,0.0,0.0,1
1,6,coupling,20260910,SA-Mat,SA-Mat-permB,1,1,1,1,1,130,130,43,43,0.0,0.0,1
1,6,coupling,20260910,SA-Mat,Flat-GM,0,1,1,1,1,112,130,40,43,0.9098371798642965,872.232614,0
1,6,coupling,20260910,Role-Hybrid,Flat-L2,0,1,1,1,1,24,130,13,43,0.9000049996250312,213.256112,0
1,6,coupling,20260911,SA-Mat,Role-Hybrid,1,1,1,1,1,130,130,43,43,0.0,0.0,1
1,6,coupling,20260911,SA-Mat,SA-Mat-permB,1,1,1,1,1,130,130,43,43,0.0,0.0,1
1,6,coupling,20260911,SA-Mat,Flat-GM,0,1,1,1,1,112,130,40,43,0.9357905445047392,1177.979723,0
1,6,coupling,20260911,Role-Hybrid,Flat-L2,0,1,1,1,1,21,130,12,43,0.9000049996250312,272.147404,0
1,6,coupling,20260912,SA-Mat,Role-Hybrid,1,1,1,1,1,130,130,43,43,0.0,0.0,1
1,6,coupling,20260912,SA-Mat,SA-Mat-permB,1,1,1,1,1,130,130,43,43,0.0,0.0,1
1,6,coupling,20260912,SA-Mat,Flat-GM,0,1,1,1,1,112,130,40,43,0.9304788373869508,1075.403042,0
1,6,coupling,20260912,Role-Hybrid,Flat-L2,0,1,1,1,1,27,130,14,43,0.9000049996250312,242.008072,0
1,6,coupling,20260913,SA-Mat,Role-Hybrid,1,1,1,1,1,130,130,43,43,0.0,0.0,1
1,6,coupling,20260913,SA-Mat,SA-Mat-permB,1,1,1,1,1,130,130,43,43,0.0,0.0,1
1,6,coupling,20260913,SA-Mat,Flat-GM,0,1,1,1,1,112,130,40,43,0.908812064189878,637.510248,0
1,6,coupling,20260913,Role-Hybrid,Flat-L2,0,1,1,1,1,27,130,14,43,0.9000049996250312,251.670315,0
1,6,coupling,20260914,SA-Mat,Role-Hybrid,1,1,1,1,1,130,130,43,43,0.0,0.0,1
1,6,coupling,20260914,SA-Mat,SA-Mat-permB,1,1,1,1,1,130,130,43,43,0.0,0.0,1
1,6,coupling,20260914,SA-Mat,Flat-GM,0,1,1,1,1,112,130,40,43,0.9319406207314758,1256.777638,0
1,6,coupling,20260914,Role-Hybrid,Flat-L2,0,1,1,1,1,27,130,14,43,0.9000049996250312,180.671602,0
1,6,coupling,20260915,SA-Mat,Role-Hybrid,1,1,1,1,1,130,130,43,43,0.0,0.0,1
1,6,coupling,20260915,SA-Mat,SA-Mat-permB,1,1,1,1,1,130,130,43,43,0.0,0.0,1
1,6,coupling,20260915,SA-Mat,Flat-GM,0,1,1,1,1,112,130,40,43,0.9257429199911483,910.334944,0
1,6,coupling,20260915,Role-Hybrid,Flat-L2,0,1,1,1,1,27,130,14,43,0.9000049996250312,175.020687,0
1,6,coupling,20260916,SA-Mat,Role-Hybrid,1,1,1,1,1,130,130,43,43,0.0,0.0,1
1,6,coupling,20260916,SA-Mat,SA-Mat-permB,1,1,1,1,1,130,130,43,43,0.0,0.0,1
1,6,coupling,20260916,SA-Mat,Flat-GM,0,1,1,1,1,112,130,40,43,0.9060551961771187,530.070866,0
1,6,coupling,20260916,Role-Hybrid,Flat-L2,0,1,1,1,1,27,130,14,43,0.9000049996250312,216.970732,0
1,6,coupling,20260917,SA-Mat,Role-Hybrid,1,1,1,1,1,130,130,43,43,0.0,0.0,1
1,6,coupling,20260917,SA-Mat,SA-Mat-permB,1,1,1,1,1,130,130,43,43,0.0,0.0,1
1,6,coupling,20260917,SA-Mat,Flat-GM,0,1,1,1,1,112,130,40,43,0.924217598450341,499.059239,0
1,6,coupling,20260917,Role-Hybrid,Flat-L2,0,1,1,1,1,24,130,13,43,0.9000049996250312,302.332644,0
1,6,coupling,20260918,SA-Mat,Role-Hybrid,1,1,1,1,1,130,130,43,43,0.0,0.0,1
1,6,coupling,20260918,SA-Mat,SA-Mat-permB,1,1,1,1,1,130,130,43,43,0.0,0.0,1
1,6,coupling,20260918,SA-Mat,Flat-GM,0,1,1,1,1,112,130,40,43,0.9059036221086265,898.198248,0
1,6,coupling,20260918,Role-Hybrid,Flat-L2,0,1,1,1,1,21,130,12,43,0.9000049996250312,267.274981,0
1,6,coupling_uniform,20260909,SA-Mat,Role-Hybrid,1,1,1,1,1,130,130,43,43,0.0,0.0,1
1,6,coupling_uniform,20260909,SA-Mat,SA-Mat-permB,1,1,1,1,1,130,130,43,43,0.0,0.0,1
1,6,coupling_uniform,20260909,SA-Mat,Flat-GM,0,1,1,1,1,112,130,40,43,0.9159872433652961,888.407888,0
1,6,coupling_uniform,20260909,Role-Hybrid,Flat-L2,0,1,1,1,1,21,130,12,43,0.9000049996250312,253.928573,0
1,6,coupling_uniform,20260910,SA-Mat,Role-Hybrid,1,1,1,1,1,130,130,43,43,0.0,0.0,1
1,6,coupling_uniform,20260910,SA-Mat,SA-Mat-permB,1,1,1,1,1,130,130,43,43,0.0,0.0,1
1,6,coupling_uniform,20260910,SA-Mat,Flat-GM,0,1,1,1,1,112,130,40,43,0.9248498422042074,887.58053,0
1,6,coupling_uniform,20260910,Role-Hybrid,Flat-L2,0,1,1,1,1,30,130,15,43,0.9000049996250312,295.395967,0
1,6,coupling_uniform,20260911,SA-Mat,Role-Hybrid,1,1,1,1,1,130,130,43,43,0.0,0.0,1
1,6,coupling_uniform,20260911,SA-Mat,SA-Mat-permB,1,1,1,1,1,130,130,43,43,0.0,0.0,1
1,6,coupling_uniform,20260911,SA-Mat,Flat-GM,0,1,1,1,1,112,130,40,43,0.9357905445047392,1177.979723,0
1,6,coupling_uniform,20260911,Role-Hybrid,Flat-L2,0,1,1,1,1,21,130,12,43,0.9000049996250312,308.132192,0
1,6,coupling_uniform,20260912,SA-Mat,Role-Hybrid,1,1,1,1,1,130,130,43,43,0.0,0.0,1
1,6,coupling_uniform,20260912,SA-Mat,SA-Mat-permB,1,1,1,1,1,130,130,43,43,0.0,0.0,1
1,6,coupling_uniform,20260912,SA-Mat,Flat-GM,0,1,1,1,1,112,130,40,43,0.9182492764199763,893.156965,0
1,6,coupling_uniform,20260912,Role-Hybrid,Flat-L2,0,1,1,1,1,30,130,15,43,0.9000049996250312,223.434295,0
1,6,coupling_uniform,20260913,SA-Mat,Role-Hybrid,1,1,1,1,1,130,130,43,43,0.0,0.0,1
1,6,coupling_uniform,20260913,SA-Mat,SA-Mat-permB,1,1,1,1,1,130,130,43,43,0.0,0.0,1
1,6,coupling_uniform,20260913,SA-Mat,Flat-GM,0,1,1,1,1,112,130,40,43,0.9098986845605372,584.597991,0
1,6,coupling_uniform,20260913,Role-Hybrid,Flat-L2,0,1,1,1,1,27,130,14,43,0.9000049996250312,281.497186,0
1,6,coupling_uniform,20260914,SA-Mat,Role-Hybrid,1,1,1,1,1,130,130,43,43,0.0,0.0,1
1,6,coupling_uniform,20260914,SA-Mat,SA-Mat-permB,1,1,1,1,1,130,130,43,43,0.0,0.0,1
1,6,coupling_uniform,20260914,SA-Mat,Flat-GM,0,1,1,1,1,112,130,40,43,0.9090812484784326,478.833186,0
1,6,coupling_uniform,20260914,Role-Hybrid,Flat-L2,0,1,1,1,1,24,130,13,43,0.9000049996250312,305.262985,0
1,6,coupling_uniform,20260915,SA-Mat,Role-Hybrid,1,1,1,1,1,130,130,43,43,0.0,0.0,1
1,6,coupling_uniform,20260915,SA-Mat,SA-Mat-permB,1,1,1,1,1,130,130,43,43,0.0,0.0,1
1,6,coupling_uniform,20260915,SA-Mat,Flat-GM,0,1,1,1,1,112,130,40,43,0.9257429199911483,577.087193,0
1,6,coupling_uniform,20260915,Role-Hybrid,Flat-L2,0,1,1,1,1,27,130,14,43,0.9000049996250312,245.222789,0
1,6,coupling_uniform,20260916,SA-Mat,Role-Hybrid,1,1,1,1,1,130,130,43,43,0.0,0.0,1
1,6,coupling_uniform,20260916,SA-Mat,SA-Mat-permB,1,1,1,1,1,130,130,43,43,0.0,0.0,1
1,6,coupling_uniform,20260916,SA-Mat,Flat-GM,0,1,1,1,1,112,130,40,43,0.9265191865365574,1168.419811,0
1,6,coupling_uniform,20260916,Role-Hybrid,Flat-L2,0,1,1,1,1,27,130,14,43,0.9000049996250312,269.28666,0
1,6,coupling_uniform,20260917,SA-Mat,Role-Hybrid,1,1,1,1,1,130,130,43,43,0.0,0.0,1
1,6,coupling_uniform,20260917,SA-Mat,SA-Mat-permB,1,1,1,1,1,130,130,43,43,0.0,0.0,1
1,6,coupling_uniform,20260917,SA-Mat,Flat-GM,0,1,1,1,1,112,130,40,43,0.929889018532761,992.144056,0
1,6,coupling_uniform,20260917,Role-Hybrid,Flat-L2,0,1,1,1,1,27,130,14,43,0.9000049996250312,330.152222,0
1,6,coupling_uniform,20260918,SA-Mat,Role-Hybrid,1,1,1,1,1,130,130,43,43,0.0,0.0,1
1,6,coupling_uniform,20260918,SA-Mat,SA-Mat-permB,1,1,1,1,1,130,130,43,43,0.0,0.0,1
1,6,coupling_uniform,20260918,SA-Mat,Flat-GM,0,1,1,1,1,112,130,40,43,0.9296895589139434,877.929808,0
1,6,coupling_uniform,20260918,Role-Hybrid,Flat-L2,0,1,1,1,1,24,130,13,43,0.9000049996250312,259.387998,0
1,6,mixed,20260909,SA-Mat,Role-Hybrid,0,1,1,1,1,115,130,43,43,1.4431076755966852e-15,0.0,0
1,6,mixed,20260909,SA-Mat,SA-Mat-permB,1,1,1,1,1,130,130,43,43,0.0,0.0,1
1,6,mixed,20260909,SA-Mat,Flat-GM,0,1,1,1,1,112,130,40,43,0.9178163835406685,1008.422091,0
1,6,mixed,20260909,Role-Hybrid,Flat-L2,0,1,1,1,1,24,130,13,43,0.9000049996250312,117.01412,0
1,6,mixed,20260910,SA-Mat,Role-Hybrid,0,1,1,1,1,121,130,43,43,4.0973854467617284e-16,0.0,0
1,6,mixed,20260910,SA-Mat,SA-Mat-permB,1,1,1,1,1,130,130,43,43,0.0,0.0,1
1,6,mixed,20260910,SA-Mat,Flat-GM,0,1,1,1,1,112,130,40,43,0.9309195716858273,1050.408981,0
1,6,mixed,20260910,Role-Hybrid,Flat-L2,0,1,1,1,1,27,130,14,43,0.9343282643750652,136.514832,0
1,6,mixed,20260911,SA-Mat,Role-Hybrid,0,1,1,1,1,118,130,43,43,4.733880547666655e-16,0.0,0
1,6,mixed,20260911,SA-Mat,SA-Mat-permB,1,1,1,1,1,130,130,43,43,0.0,0.0,1
1,6,mixed,20260911,SA-Mat,Flat-GM,0,1,1,1,1,112,130,40,43,0.8868438683678898,729.582801,0
1,6,mixed,20260911,Role-Hybrid,Flat-L2,0,1,1,1,1,21,130,12,43,0.9000049996250313,122.944847,0
1,6,mixed,20260912,SA-Mat,Role-Hybrid,0,1,1,1,1,112,130,40,43,0.001979136878742434,0.105447,0
1,6,mixed,20260912,SA-Mat,SA-Mat-permB,0,1,1,1,1,112,130,40,43,0.0008062847472170718,0.042947,0
1,6,mixed,20260912,SA-Mat,Flat-GM,0,1,1,1,1,112,130,40,43,0.9398594676126304,1227.120287,0
1,6,mixed,20260912,Role-Hybrid,Flat-L2,0,1,1,1,1,21,130,12,43,0.9000049996250312,114.715473,0
1,6,mixed,20260913,SA-Mat,Role-Hybrid,0,1,1,1,1,112,130,40,43,0.19342312439269044,13.535862,0
1,6,mixed,20260913,SA-Mat,SA-Mat-permB,1,1,1,1,1,130,130,43,43,0.0,0.0,1
1,6,mixed,20260913,SA-Mat,Flat-GM,0,1,1,1,1,112,130,40,43,0.9105577225521242,678.792865,0
1,6,mixed,20260913,Role-Hybrid,Flat-L2,0,1,1,1,1,21,130,12,43,0.9359666039429997,134.914868,0
1,6,mixed,20260914,SA-Mat,Role-Hybrid,1,1,1,1,1,130,130,43,43,0.0,0.0,1
1,6,mixed,20260914,SA-Mat,SA-Mat-permB,1,1,1,1,1,130,130,43,43,0.0,0.0,1
1,6,mixed,20260914,SA-Mat,Flat-GM,0,1,1,1,1,112,130,40,43,0.9091857557707402,637.400297,0
1,6,mixed,20260914,Role-Hybrid,Flat-L2,0,1,1,1,1,21,130,12,43,0.9000049996250313,126.137039,0
1,6,mixed,20260915,SA-Mat,Role-Hybrid,0,1,1,1,1,112,130,40,43,0.09655041122323789,3.30256,0
1,6,mixed,20260915,SA-Mat,SA-Mat-permB,0,1,1,1,1,112,130,40,43,0.0028401786530188253,0.08688,0
1,6,mixed,20260915,SA-Mat,Flat-GM,0,1,1,1,1,112,130,40,43,0.9337454887839027,452.744499,0
1,6,mixed,20260915,Role-Hybrid,Flat-L2,0,1,1,1,1,21,130,12,43,0.9195731344045837,103.731858,0
1,6,mixed,20260916,SA-Mat,Role-Hybrid,0,1,1,1,1,125,130,43,43,3.610509577629766e-16,0.0,0
1,6,mixed,20260916,SA-Mat,SA-Mat-permB,1,1,1,1,1,130,130,43,43,0.0,0.0,1
1,6,mixed,20260916,SA-Mat,Flat-GM,0,1,1,1,1,112,130,40,43,0.9250249588385935,839.71594,0
1,6,mixed,20260916,Role-Hybrid,Flat-L2,0,1,1,1,1,18,130,11,43,0.9000049996250313,115.031508,0
1,6,mixed,20260917,SA-Mat,Role-Hybrid,1,1,1,1,1,130,130,43,43,0.0,0.0,1
1,6,mixed,20260917,SA-Mat,SA-Mat-permB,1,1,1,1,1,130,130,43,43,0.0,0.0,1
1,6,mixed,20260917,SA-Mat,Flat-GM,0,1,1,1,1,112,130,40,43,0.9116466902039886,841.014024,0
1,6,mixed,20260917,Role-Hybrid,Flat-L2,0,1,1,1,1,21,130,12,43,0.9180102688300217,115.917446,0
1,6,mixed,20260918,SA-Mat,Role-Hybrid,0,1,1,1,1,112,130,40,43,0.0005414359817069641,0.034642,0
1,6,mixed,20260918,SA-Mat,SA-Mat-permB,0,1,1,1,1,112,130,40,43,0.00041837731483129184,0.02889,0
1,6,mixed,20260918,SA-Mat,Flat-GM,0,1,1,1,1,112,130,40,43,0.9222560632321505,819.157723,0
1,6,mixed,20260918,Role-Hybrid,Flat-L2,0,1,1,1,1,18,130,11,43,0.9000049996250313,115.289499,0
2,3,coupling,20260909,SA-Mat,Role-Hybrid,1,1,1,1,1,130,130,43,43,0.0,0.0,1
2,3,coupling,20260909,SA-Mat,SA-Mat-permB,1,1,1,1,1,130,130,43,43,0.0,0.0,1
2,3,coupling,20260909,SA-Mat,Flat-GM,0,1,1,1,1,112,130,40,43,0.9925612119054504,8069.177373,0
2,3,coupling,20260909,Role-Hybrid,Flat-L2,0,1,1,1,1,18,130,11,43,0.9000049996250312,107.607792,0
2,3,coupling,20260910,SA-Mat,Role-Hybrid,1,1,1,1,1,130,130,43,43,0.0,0.0,1
2,3,coupling,20260910,SA-Mat,SA-Mat-permB,1,1,1,1,1,130,130,43,43,0.0,0.0,1
2,3,coupling,20260910,SA-Mat,Flat-GM,0,1,1,1,1,112,130,40,43,0.9908013961909554,8159.47126,0
2,3,coupling,20260910,Role-Hybrid,Flat-L2,0,1,1,1,1,18,130,11,43,0.9000049996250312,142.787165,0
2,3,coupling,20260911,SA-Mat,Role-Hybrid,1,1,1,1,1,130,130,43,43,0.0,0.0,1
2,3,coupling,20260911,SA-Mat,SA-Mat-permB,1,1,1,1,1,130,130,43,43,0.0,0.0,1
2,3,coupling,20260911,SA-Mat,Flat-GM,0,1,1,1,1,112,130,40,43,0.9934804298910139,10968.120202,0
2,3,coupling,20260911,Role-Hybrid,Flat-L2,0,1,1,1,1,18,130,11,43,0.9000049996250312,118.717977,0
2,3,coupling,20260912,SA-Mat,Role-Hybrid,1,1,1,1,1,130,130,43,43,0.0,0.0,1
2,3,coupling,20260912,SA-Mat,SA-Mat-permB,1,1,1,1,1,130,130,43,43,0.0,0.0,1
2,3,coupling,20260912,SA-Mat,Flat-GM,0,1,1,1,1,112,130,40,43,0.9928000922489408,7718.749568,0
2,3,coupling,20260912,Role-Hybrid,Flat-L2,0,1,1,1,1,18,130,11,43,0.9000049996250312,136.14454,0
2,3,coupling,20260913,SA-Mat,Role-Hybrid,1,1,1,1,1,130,130,43,43,0.0,0.0,1
2,3,coupling,20260913,SA-Mat,SA-Mat-permB,1,1,1,1,1,130,130,43,43,0.0,0.0,1
2,3,coupling,20260913,SA-Mat,Flat-GM,0,1,1,1,1,112,130,40,43,0.9904927044067346,5168.986728,0
2,3,coupling,20260913,Role-Hybrid,Flat-L2,0,1,1,1,1,18,130,11,43,0.9000049996250312,113.546867,0
2,3,coupling,20260914,SA-Mat,Role-Hybrid,1,1,1,1,1,130,130,43,43,0.0,0.0,1
2,3,coupling,20260914,SA-Mat,SA-Mat-permB,1,1,1,1,1,130,130,43,43,0.0,0.0,1
2,3,coupling,20260914,SA-Mat,Flat-GM,0,1,1,1,1,112,130,40,43,0.9929898603391933,11017.944129,0
2,3,coupling,20260914,Role-Hybrid,Flat-L2,0,1,1,1,1,18,130,11,43,0.9000049996250312,138.872154,0
2,3,coupling,20260915,SA-Mat,Role-Hybrid,1,1,1,1,1,130,130,43,43,0.0,0.0,1
2,3,coupling,20260915,SA-Mat,SA-Mat-permB,1,1,1,1,1,130,130,43,43,0.0,0.0,1
2,3,coupling,20260915,SA-Mat,Flat-GM,0,1,1,1,1,112,130,40,43,0.9924454418525478,7980.909719,0
2,3,coupling,20260915,Role-Hybrid,Flat-L2,0,1,1,1,1,18,130,11,43,0.9000049996250312,96.142816,0
2,3,coupling,20260916,SA-Mat,Role-Hybrid,1,1,1,1,1,130,130,43,43,0.0,0.0,1
2,3,coupling,20260916,SA-Mat,SA-Mat-permB,1,1,1,1,1,130,130,43,43,0.0,0.0,1
2,3,coupling,20260916,SA-Mat,Flat-GM,0,1,1,1,1,112,130,40,43,0.9902856523484532,5024.704403,0
2,3,coupling,20260916,Role-Hybrid,Flat-L2,0,1,1,1,1,18,130,11,43,0.9000049996250312,114.651971,0
2,3,coupling,20260917,SA-Mat,Role-Hybrid,1,1,1,1,1,130,130,43,43,0.0,0.0,1
2,3,coupling,20260917,SA-Mat,SA-Mat-permB,1,1,1,1,1,130,130,43,43,0.0,0.0,1
2,3,coupling,20260917,SA-Mat,Flat-GM,0,1,1,1,1,112,130,40,43,0.9921755470701935,4424.551022,0
2,3,coupling,20260917,Role-Hybrid,Flat-L2,0,1,1,1,1,18,130,11,43,0.9000049996250312,135.359294,0
2,3,coupling,20260918,SA-Mat,Role-Hybrid,1,1,1,1,1,130,130,43,43,0.0,0.0,1
2,3,coupling,20260918,SA-Mat,SA-Mat-permB,1,1,1,1,1,130,130,43,43,0.0,0.0,1
2,3,coupling,20260918,SA-Mat,Flat-GM,0,1,1,1,1,112,130,40,43,0.9903820039862823,8255.02628,0
2,3,coupling,20260918,Role-Hybrid,Flat-L2,0,1,1,1,1,18,130,11,43,0.9000049996250312,136.543264,0
2,3,coupling_uniform,20260909,SA-Mat,Role-Hybrid,1,1,1,1,1,130,130,43,43,0.0,0.0,1
2,3,coupling_uniform,20260909,SA-Mat,SA-Mat-permB,1,1,1,1,1,130,130,43,43,0.0,0.0,1
2,3,coupling_uniform,20260909,SA-Mat,Flat-GM,0,1,1,1,1,112,130,40,43,0.9913626376123006,8069.177373,0
2,3,coupling_uniform,20260909,Role-Hybrid,Flat-L2,0,1,1,1,1,18,130,11,43,0.9000049996250312,120.473524,0
2,3,coupling_uniform,20260910,SA-Mat,Role-Hybrid,1,1,1,1,1,130,130,43,43,0.0,0.0,1
2,3,coupling_uniform,20260910,SA-Mat,SA-Mat-permB,1,1,1,1,1,130,130,43,43,0.0,0.0,1
2,3,coupling_uniform,20260910,SA-Mat,Flat-GM,0,1,1,1,1,112,130,40,43,0.9918432201625337,7956.924649,0
2,3,coupling_uniform,20260910,Role-Hybrid,Flat-L2,0,1,1,1,1,18,130,11,43,0.9000049996250312,120.538819,0
2,3,coupling_uniform,20260911,SA-Mat,Role-Hybrid,1,1,1,1,1,130,130,43,43,0.0,0.0,1
2,3,coupling_uniform,20260911,SA-Mat,SA-Mat-permB,1,1,1,1,1,130,130,43,43,0.0,0.0,1
2,3,coupling_uniform,20260911,SA-Mat,Flat-GM,0,1,1,1,1,112,130,40,43,0.9934804298910139,10968.120202,0
2,3,coupling_uniform,20260911,Role-Hybrid,Flat-L2,0,1,1,1,1,18,130,11,43,0.9000049996250312,118.222462,0
2,3,coupling_uniform,20260912,SA-Mat,Role-Hybrid,1,1,1,1,1,130,130,43,43,0.0,0.0,1
2,3,coupling_uniform,20260912,SA-Mat,SA-Mat-permB,1,1,1,1,1,130,130,43,43,0.0,0.0,1
2,3,coupling_uniform,20260912,SA-Mat,Flat-GM,0,1,1,1,1,112,130,40,43,0.9916954309372953,7567.507031,0
2,3,coupling_uniform,20260912,Role-Hybrid,Flat-L2,0,1,1,1,1,18,130,11,43,0.9000049996250312,135.952564,0
2,3,coupling_uniform,20260913,SA-Mat,Role-Hybrid,1,1,1,1,1,130,130,43,43,0.0,0.0,1
2,3,coupling_uniform,20260913,SA-Mat,SA-Mat-permB,1,1,1,1,1,130,130,43,43,0.0,0.0,1
2,3,coupling_uniform,20260913,SA-Mat,Flat-GM,0,1,1,1,1,112,130,40,43,0.9907962174793707,5168.986728,0
2,3,coupling_uniform,20260913,Role-Hybrid,Flat-L2,0,1,1,1,1,18,130,11,43,0.9000049996250312,125.955255,0
2,3,coupling_uniform,20260914,SA-Mat,Role-Hybrid,1,1,1,1,1,130,130,43,43,0.0,0.0,1
2,3,coupling_uniform,20260914,SA-Mat,SA-Mat-permB,1,1,1,1,1,130,130,43,43,0.0,0.0,1
2,3,coupling_uniform,20260914,SA-Mat,Flat-GM,0,1,1,1,1,112,130,40,43,0.9904235682230637,4423.876214,0
2,3,coupling_uniform,20260914,Role-Hybrid,Flat-L2,0,1,1,1,1,18,130,11,43,0.9000049996250312,125.398511,0
2,3,coupling_uniform,20260915,SA-Mat,Role-Hybrid,1,1,1,1,1,130,130,43,43,0.0,0.0,1
2,3,coupling_uniform,20260915,SA-Mat,SA-Mat-permB,1,1,1,1,1,130,130,43,43,0.0,0.0,1
2,3,coupling_uniform,20260915,SA-Mat,Flat-GM,0,1,1,1,1,112,130,40,43,0.9924454418525478,5403.455578,0
2,3,coupling_uniform,20260915,Role-Hybrid,Flat-L2,0,1,1,1,1,18,130,11,43,0.9000049996250312,146.698094,0
2,3,coupling_uniform,20260916,SA-Mat,Role-Hybrid,1,1,1,1,1,130,130,43,43,0.0,0.0,1
2,3,coupling_uniform,20260916,SA-Mat,SA-Mat-permB,1,1,1,1,1,130,130,43,43,0.0,0.0,1
2,3,coupling_uniform,20260916,SA-Mat,Flat-GM,0,1,1,1,1,112,130,40,43,0.9924694171123383,10620.980007,0
2,3,coupling_uniform,20260916,Role-Hybrid,Flat-L2,0,1,1,1,1,18,130,11,43,0.9000049996250312,125.94587,0
2,3,coupling_uniform,20260917,SA-Mat,Role-Hybrid,1,1,1,1,1,130,130,43,43,0.0,0.0,1
2,3,coupling_uniform,20260917,SA-Mat,SA-Mat-permB,1,1,1,1,1,130,130,43,43,0.0,0.0,1
2,3,coupling_uniform,20260917,SA-Mat,Flat-GM,0,1,1,1,1,112,130,40,43,0.9928064495925711,7546.085168,0
2,3,coupling_uniform,20260917,Role-Hybrid,Flat-L2,0,1,1,1,1,18,130,11,43,0.9000049996250312,125.668451,0
2,3,coupling_uniform,20260918,SA-Mat,Role-Hybrid,1,1,1,1,1,130,130,43,43,0.0,0.0,1
2,3,coupling_uniform,20260918,SA-Mat,SA-Mat-permB,1,1,1,1,1,130,130,43,43,0.0,0.0,1
2,3,coupling_uniform,20260918,SA-Mat,Flat-GM,0,1,1,1,1,112,130,40,43,0.9903820039862823,8255.02628,0
2,3,coupling_uniform,20260918,Role-Hybrid,Flat-L2,0,1,1,1,1,18,130,11,43,0.9000049996250312,100.980754,0
2,3,mixed,20260909,SA-Mat,Role-Hybrid,0,1,1,1,1,124,130,42,43,0.21316944704632096,16.419723,0
2,3,mixed,20260909,SA-Mat,SA-Mat-permB,1,1,1,1,1,130,130,43,43,0.0,0.0,1
2,3,mixed,20260909,SA-Mat,Flat-GM,0,1,1,1,1,112,130,40,43,0.9953381791224688,9083.698493,0
2,3,mixed,20260909,Role-Hybrid,Flat-L2,0,1,1,1,1,30,130,15,43,0.9000049996250313,152.178651,0
2,3,mixed,20260910,SA-Mat,Role-Hybrid,0,1,1,1,1,118,130,41,43,0.00012283418903989956,0.010075,0
2,3,mixed,20260910,SA-Mat,SA-Mat-permB,0,1,1,1,1,118,130,41,43,6.311140499435605e-07,5.2e-05,0
2,3,mixed,20260910,SA-Mat,Flat-GM,0,1,1,1,1,112,130,40,43,0.9920500284224757,9452.910094,0
2,3,mixed,20260910,Role-Hybrid,Flat-L2,0,1,1,1,1,24,130,13,43,0.9000049996250313,119.963886,0
2,3,mixed,20260911,SA-Mat,Role-Hybrid,1,1,1,1,1,130,130,43,43,0.0,0.0,1
2,3,mixed,20260911,SA-Mat,SA-Mat-permB,1,1,1,1,1,130,130,43,43,0.0,0.0,1
2,3,mixed,20260911,SA-Mat,Flat-GM,0,1,1,1,1,112,130,40,43,0.9881263060353634,6107.822235,0
2,3,mixed,20260911,Role-Hybrid,Flat-L2,0,1,1,1,1,33,130,16,43,0.9000049996250313,214.993912,0
2,3,mixed,20260912,SA-Mat,Role-Hybrid,0,1,1,1,1,126,130,43,43,3.6258875446098803e-16,0.0,0
2,3,mixed,20260912,SA-Mat,SA-Mat-permB,1,1,1,1,1,130,130,43,43,0.0,0.0,1
2,3,mixed,20260912,SA-Mat,Flat-GM,0,1,1,1,1,112,130,40,43,0.9939046455579096,11528.060394,0
2,3,mixed,20260912,Role-Hybrid,Flat-L2,0,1,1,1,1,21,130,12,43,0.9272850865531685,121.908755,0
2,3,mixed,20260913,SA-Mat,Role-Hybrid,0,1,1,1,1,124,130,43,43,1.444331645846547e-15,0.0,0
2,3,mixed,20260913,SA-Mat,SA-Mat-permB,1,1,1,1,1,130,130,43,43,0.0,0.0,1
2,3,mixed,20260913,SA-Mat,Flat-GM,0,1,1,1,1,112,130,40,43,0.9953456989586933,5408.699679,0
2,3,mixed,20260913,Role-Hybrid,Flat-L2,0,1,1,1,1,21,130,12,43,0.9082397495267872,185.627521,0
2,3,mixed,20260914,SA-Mat,Role-Hybrid,1,1,1,1,1,130,130,43,43,0.0,0.0,1
2,3,mixed,20260914,SA-Mat,SA-Mat-permB,1,1,1,1,1,130,130,43,43,0.0,0.0,1
2,3,mixed,20260914,SA-Mat,Flat-GM,0,1,1,1,1,112,130,40,43,0.990978821281084,6052.02209,0
2,3,mixed,20260914,Role-Hybrid,Flat-L2,0,1,1,1,1,27,130,14,43,0.9000049996250313,126.137039,0
2,3,mixed,20260915,SA-Mat,Role-Hybrid,0,1,1,1,1,124,130,43,43,6.522359744137855e-16,0.0,0
2,3,mixed,20260915,SA-Mat,SA-Mat-permB,1,1,1,1,1,130,130,43,43,0.0,0.0,1
2,3,mixed,20260915,SA-Mat,Flat-GM,0,1,1,1,1,112,130,40,43,0.9908288260591842,2618.665976,0
2,3,mixed,20260915,Role-Hybrid,Flat-L2,0,1,1,1,1,27,130,14,43,0.9452367962438584,164.20761,0
2,3,mixed,20260916,SA-Mat,Role-Hybrid,0,1,1,1,1,121,130,43,43,6.582060770164985e-15,0.0,0
2,3,mixed,20260916,SA-Mat,SA-Mat-permB,1,1,1,1,1,130,130,43,43,0.0,0.0,1
2,3,mixed,20260916,SA-Mat,Flat-GM,0,1,1,1,1,112,130,40,43,0.9926693265298102,8248.931164,0
2,3,mixed,20260916,Role-Hybrid,Flat-L2,0,1,1,1,1,30,130,15,43,0.944968645062956,115.523868,0
2,3,mixed,20260917,SA-Mat,Role-Hybrid,0,1,1,1,1,112,130,40,43,3.383289941180002e-05,0.002038,0
2,3,mixed,20260917,SA-Mat,SA-Mat-permB,0,1,1,1,1,112,130,40,43,5.062780054203619e-06,0.000306,0
2,3,mixed,20260917,SA-Mat,Flat-GM,0,1,1,1,1,112,130,40,43,0.9910647697801291,8113.668545,0
2,3,mixed,20260917,Role-Hybrid,Flat-L2,0,1,1,1,1,21,130,12,43,0.9373226057092401,262.085398,0
2,3,mixed,20260918,SA-Mat,Role-Hybrid,1,1,1,1,1,130,130,43,43,0.0,0.0,1
2,3,mixed,20260918,SA-Mat,SA-Mat-permB,1,1,1,1,1,130,130,43,43,0.0,0.0,1
2,3,mixed,20260918,SA-Mat,Flat-GM,0,1,1,1,1,112,130,40,43,0.9921179847008456,7763.039718,0
2,3,mixed,20260918,Role-Hybrid,Flat-L2,0,1,1,1,1,39,130,18,43,0.9000049996250313,119.038239,0
2,6,coupling,20260909,SA-Mat,Role-Hybrid,1,1,1,1,1,130,130,43,43,0.0,0.0,1
2,6,coupling,20260909,SA-Mat,SA-Mat-permB,1,1,1,1,1,130,130,43,43,0.0,0.0,1
2,6,coupling,20260909,SA-Mat,Flat-GM,0,1,1,1,1,112,130,40,43,0.9913626376123006,8069.177373,0
2,6,coupling,20260909,Role-Hybrid,Flat-L2,0,1,1,1,1,18,130,11,43,0.9000049996250312,107.607792,0
2,6,coupling,20260910,SA-Mat,Role-Hybrid,1,1,1,1,1,130,130,43,43,0.0,0.0,1
2,6,coupling,20260910,SA-Mat,SA-Mat-permB,1,1,1,1,1,130,130,43,43,0.0,0.0,1
2,6,coupling,20260910,SA-Mat,Flat-GM,0,1,1,1,1,112,130,40,43,0.9908013961909554,8159.47126,0
2,6,coupling,20260910,Role-Hybrid,Flat-L2,0,1,1,1,1,18,130,11,43,0.9000049996250312,142.787165,0
2,6,coupling,20260911,SA-Mat,Role-Hybrid,1,1,1,1,1,130,130,43,43,0.0,0.0,1
2,6,coupling,20260911,SA-Mat,SA-Mat-permB,1,1,1,1,1,130,130,43,43,0.0,0.0,1
2,6,coupling,20260911,SA-Mat,Flat-GM,0,1,1,1,1,112,130,40,43,0.9934804298910139,10968.120202,0
2,6,coupling,20260911,Role-Hybrid,Flat-L2,0,1,1,1,1,18,130,11,43,0.9000049996250312,118.717977,0
2,6,coupling,20260912,SA-Mat,Role-Hybrid,1,1,1,1,1,130,130,43,43,0.0,0.0,1
2,6,coupling,20260912,SA-Mat,SA-Mat-permB,1,1,1,1,1,130,130,43,43,0.0,0.0,1
2,6,coupling,20260912,SA-Mat,Flat-GM,0,1,1,1,1,112,130,40,43,0.9928000922489408,8915.360922,0
2,6,coupling,20260912,Role-Hybrid,Flat-L2,0,1,1,1,1,18,130,11,43,0.9000049996250312,136.14454,0
2,6,coupling,20260913,SA-Mat,Role-Hybrid,1,1,1,1,1,130,130,43,43,0.0,0.0,1
2,6,coupling,20260913,SA-Mat,SA-Mat-permB,1,1,1,1,1,130,130,43,43,0.0,0.0,1
2,6,coupling,20260913,SA-Mat,Flat-GM,0,1,1,1,1,112,130,40,43,0.9904927044067346,5931.320339,0
2,6,coupling,20260913,Role-Hybrid,Flat-L2,0,1,1,1,1,18,130,11,43,0.9000049996250312,113.546867,0
2,6,coupling,20260914,SA-Mat,Role-Hybrid,1,1,1,1,1,130,130,43,43,0.0,0.0,1
2,6,coupling,20260914,SA-Mat,SA-Mat-permB,1,1,1,1,1,130,130,43,43,0.0,0.0,1
2,6,coupling,20260914,SA-Mat,Flat-GM,0,1,1,1,1,112,130,40,43,0.9929898603391933,11017.944129,0
2,6,coupling,20260914,Role-Hybrid,Flat-L2,0,1,1,1,1,18,130,11,43,0.9000049996250312,138.872154,0
2,6,coupling,20260915,SA-Mat,Role-Hybrid,1,1,1,1,1,130,130,43,43,0.0,0.0,1
2,6,coupling,20260915,SA-Mat,SA-Mat-permB,1,1,1,1,1,130,130,43,43,0.0,0.0,1
2,6,coupling,20260915,SA-Mat,Flat-GM,0,1,1,1,1,112,130,40,43,0.9924454418525478,7944.003913,0
2,6,coupling,20260915,Role-Hybrid,Flat-L2,0,1,1,1,1,18,130,11,43,0.9000049996250312,96.142816,0
2,6,coupling,20260916,SA-Mat,Role-Hybrid,1,1,1,1,1,130,130,43,43,0.0,0.0,1
2,6,coupling,20260916,SA-Mat,SA-Mat-permB,1,1,1,1,1,130,130,43,43,0.0,0.0,1
2,6,coupling,20260916,SA-Mat,Flat-GM,0,1,1,1,1,112,130,40,43,0.9902856523484532,5024.704403,0
2,6,coupling,20260916,Role-Hybrid,Flat-L2,0,1,1,1,1,18,130,11,43,0.9000049996250312,114.651971,0
2,6,coupling,20260917,SA-Mat,Role-Hybrid,1,1,1,1,1,130,130,43,43,0.0,0.0,1
2,6,coupling,20260917,SA-Mat,SA-Mat-permB,1,1,1,1,1,130,130,43,43,0.0,0.0,1
2,6,coupling,20260917,SA-Mat,Flat-GM,0,1,1,1,1,112,130,40,43,0.9921755470701935,4424.551022,0
2,6,coupling,20260917,Role-Hybrid,Flat-L2,0,1,1,1,1,18,130,11,43,0.9000049996250312,135.359294,0
2,6,coupling,20260918,SA-Mat,Role-Hybrid,1,1,1,1,1,130,130,43,43,0.0,0.0,1
2,6,coupling,20260918,SA-Mat,SA-Mat-permB,1,1,1,1,1,130,130,43,43,0.0,0.0,1
2,6,coupling,20260918,SA-Mat,Flat-GM,0,1,1,1,1,112,130,40,43,0.9903820039862823,8255.02628,0
2,6,coupling,20260918,Role-Hybrid,Flat-L2,0,1,1,1,1,18,130,11,43,0.9000049996250312,136.543264,0
2,6,coupling_uniform,20260909,SA-Mat,Role-Hybrid,1,1,1,1,1,130,130,43,43,0.0,0.0,1
2,6,coupling_uniform,20260909,SA-Mat,SA-Mat-permB,1,1,1,1,1,130,130,43,43,0.0,0.0,1
2,6,coupling_uniform,20260909,SA-Mat,Flat-GM,0,1,1,1,1,112,130,40,43,0.9913626376123006,8069.177373,0
2,6,coupling_uniform,20260909,Role-Hybrid,Flat-L2,0,1,1,1,1,18,130,11,43,0.9000049996250312,120.473524,0
2,6,coupling_uniform,20260910,SA-Mat,Role-Hybrid,1,1,1,1,1,130,130,43,43,0.0,0.0,1
2,6,coupling_uniform,20260910,SA-Mat,SA-Mat-permB,1,1,1,1,1,130,130,43,43,0.0,0.0,1
2,6,coupling_uniform,20260910,SA-Mat,Flat-GM,0,1,1,1,1,112,130,40,43,0.9922830043266705,7960.452757,0
2,6,coupling_uniform,20260910,Role-Hybrid,Flat-L2,0,1,1,1,1,18,130,11,43,0.9000049996250312,120.538819,0
2,6,coupling_uniform,20260911,SA-Mat,Role-Hybrid,1,1,1,1,1,130,130,43,43,0.0,0.0,1
2,6,coupling_uniform,20260911,SA-Mat,SA-Mat-permB,1,1,1,1,1,130,130,43,43,0.0,0.0,1
2,6,coupling_uniform,20260911,SA-Mat,Flat-GM,0,1,1,1,1,112,130,40,43,0.9934804298910139,10968.120202,0
2,6,coupling_uniform,20260911,Role-Hybrid,Flat-L2,0,1,1,1,1,18,130,11,43,0.9000049996250312,118.222462,0
2,6,coupling_uniform,20260912,SA-Mat,Role-Hybrid,1,1,1,1,1,130,130,43,43,0.0,0.0,1
2,6,coupling_uniform,20260912,SA-Mat,SA-Mat-permB,1,1,1,1,1,130,130,43,43,0.0,0.0,1
2,6,coupling_uniform,20260912,SA-Mat,Flat-GM,0,1,1,1,1,112,130,40,43,0.9916954309372953,7567.507031,0
2,6,coupling_uniform,20260912,Role-Hybrid,Flat-L2,0,1,1,1,1,18,130,11,43,0.9000049996250312,135.952564,0
2,6,coupling_uniform,20260913,SA-Mat,Role-Hybrid,1,1,1,1,1,130,130,43,43,0.0,0.0,1
2,6,coupling_uniform,20260913,SA-Mat,SA-Mat-permB,1,1,1,1,1,130,130,43,43,0.0,0.0,1
2,6,coupling_uniform,20260913,SA-Mat,Flat-GM,0,1,1,1,1,112,130,40,43,0.9907962174793707,5168.986728,0
2,6,coupling_uniform,20260913,Role-Hybrid,Flat-L2,0,1,1,1,1,18,130,11,43,0.9000049996250312,125.955255,0
2,6,coupling_uniform,20260914,SA-Mat,Role-Hybrid,1,1,1,1,1,130,130,43,43,0.0,0.0,1
2,6,coupling_uniform,20260914,SA-Mat,SA-Mat-permB,1,1,1,1,1,130,130,43,43,0.0,0.0,1
2,6,coupling_uniform,20260914,SA-Mat,Flat-GM,0,1,1,1,1,112,130,40,43,0.9932448772666459,4403.991177,0
2,6,coupling_uniform,20260914,Role-Hybrid,Flat-L2,0,1,1,1,1,18,130,11,43,0.9000049996250312,125.398511,0
2,6,coupling_uniform,20260915,SA-Mat,Role-Hybrid,1,1,1,1,1,130,130,43,43,0.0,0.0,1
2,6,coupling_uniform,20260915,SA-Mat,SA-Mat-permB,1,1,1,1,1,130,130,43,43,0.0,0.0,1
2,6,coupling_uniform,20260915,SA-Mat,Flat-GM,0,1,1,1,1,112,130,40,43,0.9924454418525478,5403.455578,0
2,6,coupling_uniform,20260915,Role-Hybrid,Flat-L2,0,1,1,1,1,18,130,11,43,0.9000049996250312,146.698094,0
2,6,coupling_uniform,20260916,SA-Mat,Role-Hybrid,1,1,1,1,1,130,130,43,43,0.0,0.0,1
2,6,coupling_uniform,20260916,SA-Mat,SA-Mat-permB,1,1,1,1,1,130,130,43,43,0.0,0.0,1
2,6,coupling_uniform,20260916,SA-Mat,Flat-GM,0,1,1,1,1,112,130,40,43,0.9924694171123383,10620.980007,0
2,6,coupling_uniform,20260916,Role-Hybrid,Flat-L2,0,1,1,1,1,18,130,11,43,0.9000049996250312,125.94587,0
2,6,coupling_uniform,20260917,SA-Mat,Role-Hybrid,1,1,1,1,1,130,130,43,43,0.0,0.0,1
2,6,coupling_uniform,20260917,SA-Mat,SA-Mat-permB,1,1,1,1,1,130,130,43,43,0.0,0.0,1
2,6,coupling_uniform,20260917,SA-Mat,Flat-GM,0,1,1,1,1,112,130,40,43,0.9928064495925711,7559.364247,0
2,6,coupling_uniform,20260917,Role-Hybrid,Flat-L2,0,1,1,1,1,18,130,11,43,0.9000049996250312,125.668451,0
2,6,coupling_uniform,20260918,SA-Mat,Role-Hybrid,1,1,1,1,1,130,130,43,43,0.0,0.0,1
2,6,coupling_uniform,20260918,SA-Mat,SA-Mat-permB,1,1,1,1,1,130,130,43,43,0.0,0.0,1
2,6,coupling_uniform,20260918,SA-Mat,Flat-GM,0,1,1,1,1,112,130,40,43,0.9903820039862823,8255.02628,0
2,6,coupling_uniform,20260918,Role-Hybrid,Flat-L2,0,1,1,1,1,18,130,11,43,0.9000049996250312,100.980754,0
2,6,mixed,20260909,SA-Mat,Role-Hybrid,0,1,1,1,1,123,130,43,43,1.1246027880593896e-15,0.0,0
2,6,mixed,20260909,SA-Mat,SA-Mat-permB,1,1,1,1,1,130,130,43,43,0.0,0.0,1
2,6,mixed,20260909,SA-Mat,Flat-GM,0,1,1,1,1,112,130,40,43,0.9915765472852831,9067.27877,0
2,6,mixed,20260909,Role-Hybrid,Flat-L2,0,1,1,1,1,21,130,12,43,0.9000049996250312,145.780323,0
2,6,mixed,20260910,SA-Mat,Role-Hybrid,0,1,1,1,1,125,130,43,43,2.328590371143334e-16,0.0,0
2,6,mixed,20260910,SA-Mat,SA-Mat-permB,1,1,1,1,1,130,130,43,43,0.0,0.0,1
2,6,mixed,20260910,SA-Mat,Flat-GM,0,1,1,1,1,112,130,40,43,0.9928580376907377,9452.900019,0
2,6,mixed,20260910,Role-Hybrid,Flat-L2,0,1,1,1,1,21,130,12,43,0.9343282643750652,143.668485,0
2,6,mixed,20260911,SA-Mat,Role-Hybrid,0,1,1,1,1,125,130,43,43,4.263511628424602e-16,0.0,0
2,6,mixed,20260911,SA-Mat,SA-Mat-permB,1,1,1,1,1,130,130,43,43,0.0,0.0,1
2,6,mixed,20260911,SA-Mat,Flat-GM,0,1,1,1,1,112,130,40,43,0.9881263060353634,6107.822235,0
2,6,mixed,20260911,Role-Hybrid,Flat-L2,0,1,1,1,1,18,130,11,43,0.9000049996250313,227.247977,0
2,6,mixed,20260912,SA-Mat,Role-Hybrid,0,1,1,1,1,118,130,41,43,1.7036444355002095e-05,0.000563,0
2,6,mixed,20260912,SA-Mat,SA-Mat-permB,0,1,1,1,1,118,130,41,43,1.1211291951036752e-06,4.3e-05,0
2,6,mixed,20260912,SA-Mat,Flat-GM,0,1,1,1,1,112,130,40,43,0.9939046888118223,11528.060896,0
2,6,mixed,20260912,Role-Hybrid,Flat-L2,0,1,1,1,1,18,130,11,43,0.9000049996250312,114.715473,0
2,6,mixed,20260913,SA-Mat,Role-Hybrid,0,1,1,1,1,112,130,40,43,0.19952360049669945,15.227539,0
2,6,mixed,20260913,SA-Mat,SA-Mat-permB,1,1,1,1,1,130,130,43,43,0.0,0.0,1
2,6,mixed,20260913,SA-Mat,Flat-GM,0,1,1,1,1,112,130,40,43,0.9908482995439186,5393.47214,0
2,6,mixed,20260913,Role-Hybrid,Flat-L2,0,1,1,1,1,21,130,12,43,0.9359666039429997,259.842323,0
2,6,mixed,20260914,SA-Mat,Role-Hybrid,1,1,1,1,1,130,130,43,43,0.0,0.0,1
2,6,mixed,20260914,SA-Mat,SA-Mat-permB,1,1,1,1,1,130,130,43,43,0.0,0.0,1
2,6,mixed,20260914,SA-Mat,Flat-GM,0,1,1,1,1,112,130,40,43,0.9907289383881396,6052.02209,0
2,6,mixed,20260914,Role-Hybrid,Flat-L2,0,1,1,1,1,21,130,12,43,0.9000049996250313,126.137039,0
2,6,mixed,20260915,SA-Mat,Role-Hybrid,0,1,1,1,1,112,130,40,43,0.10291994636486752,3.00689,0
2,6,mixed,20260915,SA-Mat,SA-Mat-permB,0,1,1,1,1,112,130,40,43,7.87961219793424e-06,0.000195,0
2,6,mixed,20260915,SA-Mat,Flat-GM,0,1,1,1,1,112,130,40,43,0.992844457792897,3747.694998,0
2,6,mixed,20260915,Role-Hybrid,Flat-L2,0,1,1,1,1,18,130,11,43,0.9195731344045837,106.273733,0
2,6,mixed,20260916,SA-Mat,Role-Hybrid,1,1,1,1,1,130,130,43,43,0.0,0.0,1
2,6,mixed,20260916,SA-Mat,SA-Mat-permB,1,1,1,1,1,130,130,43,43,0.0,0.0,1
2,6,mixed,20260916,SA-Mat,Flat-GM,0,1,1,1,1,112,130,40,43,0.9924184226701716,7973.925999,0
2,6,mixed,20260916,Role-Hybrid,Flat-L2,0,1,1,1,1,18,130,11,43,0.9000049996250313,124.971497,0
2,6,mixed,20260917,SA-Mat,Role-Hybrid,1,1,1,1,1,130,130,43,43,0.0,0.0,1
2,6,mixed,20260917,SA-Mat,SA-Mat-permB,1,1,1,1,1,130,130,43,43,0.0,0.0,1
2,6,mixed,20260917,SA-Mat,Flat-GM,0,1,1,1,1,112,130,40,43,0.9910648625948387,8113.669304,0
2,6,mixed,20260917,Role-Hybrid,Flat-L2,0,1,1,1,1,18,130,11,43,0.9180102688300217,115.917446,0
2,6,mixed,20260918,SA-Mat,Role-Hybrid,0,1,1,1,1,112,130,40,43,5.447590610277499e-06,0.000313,0
2,6,mixed,20260918,SA-Mat,SA-Mat-permB,0,1,1,1,1,112,130,40,43,9.419410789091501e-07,5.8e-05,0
2,6,mixed,20260918,SA-Mat,Flat-GM,0,1,1,1,1,112,130,40,43,0.9921180247489192,7763.040031,0
2,6,mixed,20260918,Role-Hybrid,Flat-L2,0,1,1,1,1,18,130,11,43,0.9000049996250313,115.289499,0
3,3,coupling,20260909,SA-Mat,Role-Hybrid,1,1,1,1,1,130,130,43,43,0.0,0.0,1
3,3,coupling,20260909,SA-Mat,SA-Mat-permB,1,1,1,1,1,130,130,43,43,0.0,0.0,1
3,3,coupling,20260909,SA-Mat,Flat-GM,0,1,1,1,1,112,130,40,43,0.9991353611364718,78460.951103,0
3,3,coupling,20260909,Role-Hybrid,Flat-L2,0,1,1,1,1,18,130,11,43,0.9000049996250312,107.607792,0
3,3,coupling,20260910,SA-Mat,Role-Hybrid,1,1,1,1,1,130,130,43,43,0.0,0.0,1
3,3,coupling,20260910,SA-Mat,SA-Mat-permB,1,1,1,1,1,130,130,43,43,0.0,0.0,1
3,3,coupling,20260910,SA-Mat,Flat-GM,0,1,1,1,1,112,130,40,43,0.9990794886042718,79877.874213,0
3,3,coupling,20260910,Role-Hybrid,Flat-L2,0,1,1,1,1,18,130,11,43,0.9000049996250312,131.97003,0
3,3,coupling,20260911,SA-Mat,Role-Hybrid,1,1,1,1,1,130,130,43,43,0.0,0.0,1
3,3,coupling,20260911,SA-Mat,SA-Mat-permB,1,1,1,1,1,130,130,43,43,0.0,0.0,1
3,3,coupling,20260911,SA-Mat,Flat-GM,0,1,1,1,1,112,130,40,43,0.9993477709554764,107853.59016,0
3,3,coupling,20260911,Role-Hybrid,Flat-L2,0,1,1,1,1,18,130,11,43,0.9000049996250312,118.717977,0
3,3,coupling,20260912,SA-Mat,Role-Hybrid,1,1,1,1,1,130,130,43,43,0.0,0.0,1
3,3,coupling,20260912,SA-Mat,SA-Mat-permB,1,1,1,1,1,130,130,43,43,0.0,0.0,1
3,3,coupling,20260912,SA-Mat,Flat-GM,0,1,1,1,1,112,130,40,43,0.9992789852373414,73467.147128,0
3,3,coupling,20260912,Role-Hybrid,Flat-L2,0,1,1,1,1,18,130,11,43,0.9000049996250312,136.14454,0
3,3,coupling,20260913,SA-Mat,Role-Hybrid,1,1,1,1,1,130,130,43,43,0.0,0.0,1
3,3,coupling,20260913,SA-Mat,SA-Mat-permB,1,1,1,1,1,130,130,43,43,0.0,0.0,1
3,3,coupling,20260913,SA-Mat,Flat-GM,0,1,1,1,1,112,130,40,43,0.9990481187306587,50179.19246,0
3,3,coupling,20260913,Role-Hybrid,Flat-L2,0,1,1,1,1,18,130,11,43,0.9000049996250312,113.546867,0
3,3,coupling,20260914,SA-Mat,Role-Hybrid,1,1,1,1,1,130,130,43,43,0.0,0.0,1
3,3,coupling,20260914,SA-Mat,SA-Mat-permB,1,1,1,1,1,130,130,43,43,0.0,0.0,1
3,3,coupling,20260914,SA-Mat,Flat-GM,0,1,1,1,1,112,130,40,43,0.999298207617425,106749.504786,0
3,3,coupling,20260914,Role-Hybrid,Flat-L2,0,1,1,1,1,18,130,11,43,0.9000049996250312,138.872154,0
3,3,coupling,20260915,SA-Mat,Role-Hybrid,1,1,1,1,1,130,130,43,43,0.0,0.0,1
3,3,coupling,20260915,SA-Mat,SA-Mat-permB,1,1,1,1,1,130,130,43,43,0.0,0.0,1
3,3,coupling,20260915,SA-Mat,Flat-GM,0,1,1,1,1,112,130,40,43,0.9992441332344029,77176.983019,0
3,3,coupling,20260915,Role-Hybrid,Flat-L2,0,1,1,1,1,18,130,11,43,0.9000049996250312,96.142816,0
3,3,coupling,20260916,SA-Mat,Role-Hybrid,1,1,1,1,1,130,130,43,43,0.0,0.0,1
3,3,coupling,20260916,SA-Mat,SA-Mat-permB,1,1,1,1,1,130,130,43,43,0.0,0.0,1
3,3,coupling,20260916,SA-Mat,Flat-GM,0,1,1,1,1,112,130,40,43,0.9990273903692773,49212.679817,0
3,3,coupling,20260916,Role-Hybrid,Flat-L2,0,1,1,1,1,18,130,11,43,0.9000049996250312,114.651971,0
3,3,coupling,20260917,SA-Mat,Role-Hybrid,1,1,1,1,1,130,130,43,43,0.0,0.0,1
3,3,coupling,20260917,SA-Mat,SA-Mat-permB,1,1,1,1,1,130,130,43,43,0.0,0.0,1
3,3,coupling,20260917,SA-Mat,Flat-GM,0,1,1,1,1,112,130,40,43,0.9992165634322019,42824.42652,0
3,3,coupling,20260917,Role-Hybrid,Flat-L2,0,1,1,1,1,18,130,11,43,0.9000049996250312,135.359294,0
3,3,coupling,20260918,SA-Mat,Role-Hybrid,1,1,1,1,1,130,130,43,43,0.0,0.0,1
3,3,coupling,20260918,SA-Mat,SA-Mat-permB,1,1,1,1,1,130,130,43,43,0.0,0.0,1
3,3,coupling,20260918,SA-Mat,Flat-GM,0,1,1,1,1,112,130,40,43,0.9990375498850652,80574.180908,0
3,3,coupling,20260918,Role-Hybrid,Flat-L2,0,1,1,1,1,18,130,11,43,0.9000049996250312,136.543264,0
3,3,coupling_uniform,20260909,SA-Mat,Role-Hybrid,1,1,1,1,1,130,130,43,43,0.0,0.0,1
3,3,coupling_uniform,20260909,SA-Mat,SA-Mat-permB,1,1,1,1,1,130,130,43,43,0.0,0.0,1
3,3,coupling_uniform,20260909,SA-Mat,Flat-GM,0,1,1,1,1,112,130,40,43,0.9991353611364718,78460.951103,0
3,3,coupling_uniform,20260909,Role-Hybrid,Flat-L2,0,1,1,1,1,18,130,11,43,0.9000049996250312,120.473524,0
3,3,coupling_uniform,20260910,SA-Mat,Role-Hybrid,1,1,1,1,1,130,130,43,43,0.0,0.0,1
3,3,coupling_uniform,20260910,SA-Mat,SA-Mat-permB,1,1,1,1,1,130,130,43,43,0.0,0.0,1
3,3,coupling_uniform,20260910,SA-Mat,Flat-GM,0,1,1,1,1,112,130,40,43,0.9992275163827596,77337.397181,0
3,3,coupling_uniform,20260910,Role-Hybrid,Flat-L2,0,1,1,1,1,18,130,11,43,0.9000049996250312,120.538819,0
3,3,coupling_uniform,20260911,SA-Mat,Role-Hybrid,1,1,1,1,1,130,130,43,43,0.0,0.0,1
3,3,coupling_uniform,20260911,SA-Mat,SA-Mat-permB,1,1,1,1,1,130,130,43,43,0.0,0.0,1
3,3,coupling_uniform,20260911,SA-Mat,Flat-GM,0,1,1,1,1,112,130,40,43,0.9993477709554764,107853.59016,0
3,3,coupling_uniform,20260911,Role-Hybrid,Flat-L2,0,1,1,1,1,18,130,11,43,0.9000049996250312,118.222462,0
3,3,coupling_uniform,20260912,SA-Mat,Role-Hybrid,1,1,1,1,1,130,130,43,43,0.0,0.0,1
3,3,coupling_uniform,20260912,SA-Mat,SA-Mat-permB,1,1,1,1,1,130,130,43,43,0.0,0.0,1
3,3,coupling_uniform,20260912,SA-Mat,Flat-GM,0,1,1,1,1,112,130,40,43,0.9991690776488685,74265.643165,0
3,3,coupling_uniform,20260912,Role-Hybrid,Flat-L2,0,1,1,1,1,18,130,11,43,0.9000049996250312,135.952564,0
3,3,coupling_uniform,20260913,SA-Mat,Role-Hybrid,1,1,1,1,1,130,130,43,43,0.0,0.0,1
3,3,coupling_uniform,20260913,SA-Mat,SA-Mat-permB,1,1,1,1,1,130,130,43,43,0.0,0.0,1
3,3,coupling_uniform,20260913,SA-Mat,Flat-GM,0,1,1,1,1,112,130,40,43,0.9990791881622014,50179.19246,0
3,3,coupling_uniform,20260913,Role-Hybrid,Flat-L2,0,1,1,1,1,18,130,11,43,0.9000049996250312,125.955255,0
3,3,coupling_uniform,20260914,SA-Mat,Role-Hybrid,1,1,1,1,1,130,130,43,43,0.0,0.0,1
3,3,coupling_uniform,20260914,SA-Mat,SA-Mat-permB,1,1,1,1,1,130,130,43,43,0.0,0.0,1
3,3,coupling_uniform,20260914,SA-Mat,Flat-GM,0,1,1,1,1,112,130,40,43,0.9990407205955248,43203.512337,0
3,3,coupling_uniform,20260914,Role-Hybrid,Flat-L2,0,1,1,1,1,18,130,11,43,0.9000049996250312,125.398511,0
3,3,coupling_uniform,20260915,SA-Mat,Role-Hybrid,1,1,1,1,1,130,130,43,43,0.0,0.0,1
3,3,coupling_uniform,20260915,SA-Mat,SA-Mat-permB,1,1,1,1,1,130,130,43,43,0.0,0.0,1
3,3,coupling_uniform,20260915,SA-Mat,Flat-GM,0,1,1,1,1,112,130,40,43,0.9992441332344029,53026.252649,0
3,3,coupling_uniform,20260915,Role-Hybrid,Flat-L2,0,1,1,1,1,18,130,11,43,0.9000049996250312,146.698094,0
3,3,coupling_uniform,20260916,SA-Mat,Role-Hybrid,1,1,1,1,1,130,130,43,43,0.0,0.0,1
3,3,coupling_uniform,20260916,SA-Mat,SA-Mat-permB,1,1,1,1,1,130,130,43,43,0.0,0.0,1
3,3,coupling_uniform,20260916,SA-Mat,Flat-GM,0,1,1,1,1,112,130,40,43,0.9992462932569558,103510.883262,0
3,3,coupling_uniform,20260916,Role-Hybrid,Flat-L2,0,1,1,1,1,18,130,11,43,0.9000049996250312,125.94587,0
3,3,coupling_uniform,20260917,SA-Mat,Role-Hybrid,1,1,1,1,1,130,130,43,43,0.0,0.0,1
3,3,coupling_uniform,20260917,SA-Mat,SA-Mat-permB,1,1,1,1,1,130,130,43,43,0.0,0.0,1
3,3,coupling_uniform,20260917,SA-Mat,Flat-GM,0,1,1,1,1,112,130,40,43,0.9992800038501494,69988.669943,0
3,3,coupling_uniform,20260917,Role-Hybrid,Flat-L2,0,1,1,1,1,18,130,11,43,0.9000049996250312,125.668451,0
3,3,coupling_uniform,20260918,SA-Mat,Role-Hybrid,1,1,1,1,1,130,130,43,43,0.0,0.0,1
3,3,coupling_uniform,20260918,SA-Mat,SA-Mat-permB,1,1,1,1,1,130,130,43,43,0.0,0.0,1
3,3,coupling_uniform,20260918,SA-Mat,Flat-GM,0,1,1,1,1,112,130,40,43,0.9990374019372813,80574.180908,0
3,3,coupling_uniform,20260918,Role-Hybrid,Flat-L2,0,1,1,1,1,18,130,11,43,0.9000049996250312,100.980754,0
3,3,mixed,20260909,SA-Mat,Role-Hybrid,0,1,1,1,1,112,130,40,43,0.21345135422489003,15.889167,0
3,3,mixed,20260909,SA-Mat,SA-Mat-permB,1,1,1,1,1,130,130,43,43,0.0,0.0,1
3,3,mixed,20260909,SA-Mat,Flat-GM,0,1,1,1,1,112,130,40,43,0.9993368301574961,88231.725192,0
3,3,mixed,20260909,Role-Hybrid,Flat-L2,0,1,1,1,1,21,130,12,43,0.9000049996250313,237.134446,0
3,3,mixed,20260910,SA-Mat,Role-Hybrid,0,1,1,1,1,112,130,40,43,7.85293558990084e-06,0.000441,0
3,3,mixed,20260910,SA-Mat,SA-Mat-permB,0,1,1,1,1,112,130,43,43,1.3638980821360377e-09,0.0,0
3,3,mixed,20260910,SA-Mat,Flat-GM,0,1,1,1,1,112,130,40,43,0.9992848597059278,91984.819323,0
3,3,mixed,20260910,Role-Hybrid,Flat-L2,0,1,1,1,1,21,130,12,43,0.9000049996250313,141.849233,0
3,3,mixed,20260911,SA-Mat,Role-Hybrid,1,1,1,1,1,130,130,43,43,0.0,0.0,1
3,3,mixed,20260911,SA-Mat,SA-Mat-permB,1,1,1,1,1,130,130,43,43,0.0,0.0,1
3,3,mixed,20260911,SA-Mat,Flat-GM,0,1,1,1,1,112,130,40,43,0.9988103712821773,58337.356834,0
3,3,mixed,20260911,Role-Hybrid,Flat-L2,0,1,1,1,1,21,130,12,43,0.9000049996250313,196.685042,0
3,3,mixed,20260912,SA-Mat,Role-Hybrid,0,1,1,1,1,128,130,43,43,2.2000861286433307e-16,0.0,0
3,3,mixed,20260912,SA-Mat,SA-Mat-permB,1,1,1,1,1,130,130,43,43,0.0,0.0,1
3,3,mixed,20260912,SA-Mat,Flat-GM,0,1,1,1,1,112,130,40,43,0.9989832850654398,113296.207657,0
3,3,mixed,20260912,Role-Hybrid,Flat-L2,0,1,1,1,1,18,130,11,43,0.9272850865531685,208.50306,0
3,3,mixed,20260913,SA-Mat,Role-Hybrid,0,1,1,1,1,128,130,43,43,3.300081038814553e-16,0.0,0
3,3,mixed,20260913,SA-Mat,SA-Mat-permB,1,1,1,1,1,130,130,43,43,0.0,0.0,1
3,3,mixed,20260913,SA-Mat,Flat-GM,0,1,1,1,1,112,130,40,43,0.9992670306649746,50373.883418,0
3,3,mixed,20260913,Role-Hybrid,Flat-L2,0,1,1,1,1,33,130,16,43,0.9082397495267872,141.436014,0
3,3,mixed,20260914,SA-Mat,Role-Hybrid,1,1,1,1,1,130,130,43,43,0.0,0.0,1
3,3,mixed,20260914,SA-Mat,SA-Mat-permB,1,1,1,1,1,130,130,43,43,0.0,0.0,1
3,3,mixed,20260914,SA-Mat,Flat-GM,0,1,1,1,1,112,130,40,43,0.9990723928792722,59540.511846,0
3,3,mixed,20260914,Role-Hybrid,Flat-L2,0,1,1,1,1,30,130,15,43,0.9000049996250313,168.308759,0
3,3,mixed,20260915,SA-Mat,Role-Hybrid,0,1,1,1,1,126,130,43,43,6.082909615642618e-16,0.0,0
3,3,mixed,20260915,SA-Mat,SA-Mat-permB,1,1,1,1,1,130,130,43,43,0.0,0.0,1
3,3,mixed,20260915,SA-Mat,Flat-GM,0,1,1,1,1,112,130,40,43,0.9990806726039722,25023.618728,0
3,3,mixed,20260915,Role-Hybrid,Flat-L2,0,1,1,1,1,24,130,13,43,0.9452367962438584,103.731858,0
3,3,mixed,20260916,SA-Mat,Role-Hybrid,0,1,1,1,1,128,130,43,43,2.3000308723891694e-16,0.0,0
3,3,mixed,20260916,SA-Mat,SA-Mat-permB,1,1,1,1,1,130,130,43,43,0.0,0.0,1
3,3,mixed,20260916,SA-Mat,Flat-GM,0,1,1,1,1,112,130,40,43,0.9992667008167959,81412.619237,0
3,3,mixed,20260916,Role-Hybrid,Flat-L2,0,1,1,1,1,24,130,13,43,0.944968645062956,115.031508,0
3,3,mixed,20260917,SA-Mat,Role-Hybrid,0,1,1,1,1,112,130,40,43,3.4561101399242997e-07,2e-05,0
3,3,mixed,20260917,SA-Mat,SA-Mat-permB,0,1,1,1,1,112,130,43,43,1.0950544382187285e-08,0.0,0
3,3,mixed,20260917,SA-Mat,Flat-GM,0,1,1,1,1,112,130,40,43,0.999106236259164,80274.46321,0
3,3,mixed,20260917,Role-Hybrid,Flat-L2,0,1,1,1,1,21,130,12,43,0.9373226057092401,115.917446,0
3,3,mixed,20260918,SA-Mat,Role-Hybrid,1,1,1,1,1,130,130,43,43,0.0,0.0,1
3,3,mixed,20260918,SA-Mat,SA-Mat-permB,1,1,1,1,1,130,130,43,43,0.0,0.0,1
3,3,mixed,20260918,SA-Mat,Flat-GM,0,1,1,1,1,112,130,40,43,0.9992115339760708,76599.098679,0
3,3,mixed,20260918,Role-Hybrid,Flat-L2,0,1,1,1,1,24,130,13,43,0.9000049996250313,229.857634,0
3,6,coupling,20260909,SA-Mat,Role-Hybrid,1,1,1,1,1,130,130,43,43,0.0,0.0,1
3,6,coupling,20260909,SA-Mat,SA-Mat-permB,1,1,1,1,1,130,130,43,43,0.0,0.0,1
3,6,coupling,20260909,SA-Mat,Flat-GM,0,1,1,1,1,112,130,40,43,0.9991353611364718,78460.951103,0
3,6,coupling,20260909,Role-Hybrid,Flat-L2,0,1,1,1,1,18,130,11,43,0.9000049996250312,107.607792,0
3,6,coupling,20260910,SA-Mat,Role-Hybrid,1,1,1,1,1,130,130,43,43,0.0,0.0,1
3,6,coupling,20260910,SA-Mat,SA-Mat-permB,1,1,1,1,1,130,130,43,43,0.0,0.0,1
3,6,coupling,20260910,SA-Mat,Flat-GM,0,1,1,1,1,112,130,40,43,0.9990794886042718,79877.874213,0
3,6,coupling,20260910,Role-Hybrid,Flat-L2,0,1,1,1,1,18,130,11,43,0.9000049996250312,131.97003,0
3,6,coupling,20260911,SA-Mat,Role-Hybrid,1,1,1,1,1,130,130,43,43,0.0,0.0,1
3,6,coupling,20260911,SA-Mat,SA-Mat-permB,1,1,1,1,1,130,130,43,43,0.0,0.0,1
3,6,coupling,20260911,SA-Mat,Flat-GM,0,1,1,1,1,112,130,40,43,0.9993477709554764,107853.59016,0
3,6,coupling,20260911,Role-Hybrid,Flat-L2,0,1,1,1,1,18,130,11,43,0.9000049996250312,118.717977,0
3,6,coupling,20260912,SA-Mat,Role-Hybrid,1,1,1,1,1,130,130,43,43,0.0,0.0,1
3,6,coupling,20260912,SA-Mat,SA-Mat-permB,1,1,1,1,1,130,130,43,43,0.0,0.0,1
3,6,coupling,20260912,SA-Mat,Flat-GM,0,1,1,1,1,112,130,40,43,0.9992789852373414,84745.625001,0
3,6,coupling,20260912,Role-Hybrid,Flat-L2,0,1,1,1,1,18,130,11,43,0.9000049996250312,136.14454,0
3,6,coupling,20260913,SA-Mat,Role-Hybrid,1,1,1,1,1,130,130,43,43,0.0,0.0,1
3,6,coupling,20260913,SA-Mat,SA-Mat-permB,1,1,1,1,1,130,130,43,43,0.0,0.0,1
3,6,coupling,20260913,SA-Mat,Flat-GM,0,1,1,1,1,112,130,40,43,0.9990481187306587,57832.816228,0
3,6,coupling,20260913,Role-Hybrid,Flat-L2,0,1,1,1,1,18,130,11,43,0.9000049996250312,113.546867,0
3,6,coupling,20260914,SA-Mat,Role-Hybrid,1,1,1,1,1,130,130,43,43,0.0,0.0,1
3,6,coupling,20260914,SA-Mat,SA-Mat-permB,1,1,1,1,1,130,130,43,43,0.0,0.0,1
3,6,coupling,20260914,SA-Mat,Flat-GM,0,1,1,1,1,112,130,40,43,0.999298207617425,106749.504786,0
3,6,coupling,20260914,Role-Hybrid,Flat-L2,0,1,1,1,1,18,130,11,43,0.9000049996250312,138.872154,0
3,6,coupling,20260915,SA-Mat,Role-Hybrid,1,1,1,1,1,130,130,43,43,0.0,0.0,1
3,6,coupling,20260915,SA-Mat,SA-Mat-permB,1,1,1,1,1,130,130,43,43,0.0,0.0,1
3,6,coupling,20260915,SA-Mat,Flat-GM,0,1,1,1,1,112,130,40,43,0.9992441332344029,77176.983019,0
3,6,coupling,20260915,Role-Hybrid,Flat-L2,0,1,1,1,1,12,130,10,43,0.9000049996250312,170.296504,0
3,6,coupling,20260916,SA-Mat,Role-Hybrid,1,1,1,1,1,130,130,43,43,0.0,0.0,1
3,6,coupling,20260916,SA-Mat,SA-Mat-permB,1,1,1,1,1,130,130,43,43,0.0,0.0,1
3,6,coupling,20260916,SA-Mat,Flat-GM,0,1,1,1,1,112,130,40,43,0.9990273903692773,49096.736155,0
3,6,coupling,20260916,Role-Hybrid,Flat-L2,0,1,1,1,1,12,130,10,43,0.9000049996250312,115.943662,0
3,6,coupling,20260917,SA-Mat,Role-Hybrid,1,1,1,1,1,130,130,43,43,0.0,0.0,1
3,6,coupling,20260917,SA-Mat,SA-Mat-permB,1,1,1,1,1,130,130,43,43,0.0,0.0,1
3,6,coupling,20260917,SA-Mat,Flat-GM,0,1,1,1,1,112,130,40,43,0.9992165634322019,42824.42652,0
3,6,coupling,20260917,Role-Hybrid,Flat-L2,0,1,1,1,1,18,130,11,43,0.9000049996250312,135.359294,0
3,6,coupling,20260918,SA-Mat,Role-Hybrid,1,1,1,1,1,130,130,43,43,0.0,0.0,1
3,6,coupling,20260918,SA-Mat,SA-Mat-permB,1,1,1,1,1,130,130,43,43,0.0,0.0,1
3,6,coupling,20260918,SA-Mat,Flat-GM,0,1,1,1,1,112,130,40,43,0.9990374019372813,80574.180908,0
3,6,coupling,20260918,Role-Hybrid,Flat-L2,0,1,1,1,1,12,130,10,43,0.9000049996250312,136.543264,0
3,6,coupling_uniform,20260909,SA-Mat,Role-Hybrid,1,1,1,1,1,130,130,43,43,0.0,0.0,1
3,6,coupling_uniform,20260909,SA-Mat,SA-Mat-permB,1,1,1,1,1,130,130,43,43,0.0,0.0,1
3,6,coupling_uniform,20260909,SA-Mat,Flat-GM,0,1,1,1,1,112,130,40,43,0.9991353611364718,78460.951103,0
3,6,coupling_uniform,20260909,Role-Hybrid,Flat-L2,0,1,1,1,1,18,130,11,43,0.9000049996250312,120.473524,0
3,6,coupling_uniform,20260910,SA-Mat,Role-Hybrid,1,1,1,1,1,130,130,43,43,0.0,0.0,1
3,6,coupling_uniform,20260910,SA-Mat,SA-Mat-permB,1,1,1,1,1,130,130,43,43,0.0,0.0,1
3,6,coupling_uniform,20260910,SA-Mat,Flat-GM,0,1,1,1,1,112,130,40,43,0.9992275163827596,77337.397181,0
3,6,coupling_uniform,20260910,Role-Hybrid,Flat-L2,0,1,1,1,1,18,130,11,43,0.9000049996250312,120.538819,0
3,6,coupling_uniform,20260911,SA-Mat,Role-Hybrid,1,1,1,1,1,130,130,43,43,0.0,0.0,1
3,6,coupling_uniform,20260911,SA-Mat,SA-Mat-permB,1,1,1,1,1,130,130,43,43,0.0,0.0,1
3,6,coupling_uniform,20260911,SA-Mat,Flat-GM,0,1,1,1,1,112,130,40,43,0.9993477709554764,107853.59016,0
3,6,coupling_uniform,20260911,Role-Hybrid,Flat-L2,0,1,1,1,1,18,130,11,43,0.9000049996250312,118.222462,0
3,6,coupling_uniform,20260912,SA-Mat,Role-Hybrid,1,1,1,1,1,130,130,43,43,0.0,0.0,1
3,6,coupling_uniform,20260912,SA-Mat,SA-Mat-permB,1,1,1,1,1,130,130,43,43,0.0,0.0,1
3,6,coupling_uniform,20260912,SA-Mat,Flat-GM,0,1,1,1,1,112,130,40,43,0.9993274814306676,74277.416907,0
3,6,coupling_uniform,20260912,Role-Hybrid,Flat-L2,0,1,1,1,1,18,130,11,43,0.9000049996250312,135.952564,0
3,6,coupling_uniform,20260913,SA-Mat,Role-Hybrid,1,1,1,1,1,130,130,43,43,0.0,0.0,1
3,6,coupling_uniform,20260913,SA-Mat,SA-Mat-permB,1,1,1,1,1,130,130,43,43,0.0,0.0,1
3,6,coupling_uniform,20260913,SA-Mat,Flat-GM,0,1,1,1,1,112,130,40,43,0.9945289297698965,49952.207144,0
3,6,coupling_uniform,20260913,Role-Hybrid,Flat-L2,0,1,1,1,1,0,130,8,43,0.9000049996250312,261.072082,0
3,6,coupling_uniform,20260914,SA-Mat,Role-Hybrid,1,1,1,1,1,130,130,43,43,0.0,0.0,1
3,6,coupling_uniform,20260914,SA-Mat,SA-Mat-permB,1,1,1,1,1,130,130,43,43,0.0,0.0,1
3,6,coupling_uniform,20260914,SA-Mat,Flat-GM,0,1,1,1,1,112,130,40,43,0.9990407205955248,43203.512337,0
3,6,coupling_uniform,20260914,Role-Hybrid,Flat-L2,0,1,1,1,1,18,130,11,43,0.9000049996250312,125.398511,0
3,6,coupling_uniform,20260915,SA-Mat,Role-Hybrid,1,1,1,1,1,130,130,43,43,0.0,0.0,1
3,6,coupling_uniform,20260915,SA-Mat,SA-Mat-permB,1,1,1,1,1,130,130,43,43,0.0,0.0,1
3,6,coupling_uniform,20260915,SA-Mat,Flat-GM,0,1,1,1,1,112,130,40,43,0.9992441332344029,53026.252649,0
3,6,coupling_uniform,20260915,Role-Hybrid,Flat-L2,0,1,1,1,1,18,130,11,43,0.9000049996250312,146.698094,0
3,6,coupling_uniform,20260916,SA-Mat,Role-Hybrid,1,1,1,1,1,130,130,43,43,0.0,0.0,1
3,6,coupling_uniform,20260916,SA-Mat,SA-Mat-permB,1,1,1,1,1,130,130,43,43,0.0,0.0,1
3,6,coupling_uniform,20260916,SA-Mat,Flat-GM,0,1,1,1,1,112,130,40,43,0.9992462932569558,103510.883262,0
3,6,coupling_uniform,20260916,Role-Hybrid,Flat-L2,0,1,1,1,1,18,130,11,43,0.9000049996250312,125.94587,0
3,6,coupling_uniform,20260917,SA-Mat,Role-Hybrid,1,1,1,1,1,130,130,43,43,0.0,0.0,1
3,6,coupling_uniform,20260917,SA-Mat,SA-Mat-permB,1,1,1,1,1,130,130,43,43,0.0,0.0,1
3,6,coupling_uniform,20260917,SA-Mat,Flat-GM,0,1,1,1,1,112,130,40,43,0.9995926258156096,69988.669943,0
3,6,coupling_uniform,20260917,Role-Hybrid,Flat-L2,0,1,1,1,1,18,130,11,43,0.9000049996250312,125.668451,0
3,6,coupling_uniform,20260918,SA-Mat,Role-Hybrid,1,1,1,1,1,130,130,43,43,0.0,0.0,1
3,6,coupling_uniform,20260918,SA-Mat,SA-Mat-permB,1,1,1,1,1,130,130,43,43,0.0,0.0,1
3,6,coupling_uniform,20260918,SA-Mat,Flat-GM,0,1,1,1,1,112,130,40,43,0.9990374019372813,80574.180908,0
3,6,coupling_uniform,20260918,Role-Hybrid,Flat-L2,0,1,1,1,1,18,130,11,43,0.9000049996250312,100.980754,0
3,6,mixed,20260909,SA-Mat,Role-Hybrid,0,1,1,1,1,126,130,43,43,9.225078724024665e-16,0.0,0
3,6,mixed,20260909,SA-Mat,SA-Mat-permB,1,1,1,1,1,130,130,43,43,0.0,0.0,1
3,6,mixed,20260909,SA-Mat,Flat-GM,0,1,1,1,1,112,130,40,43,0.9991568650713513,88215.836025,0
3,6,mixed,20260909,Role-Hybrid,Flat-L2,0,1,1,1,1,21,130,12,43,0.9000049996250312,117.01412,0
3,6,mixed,20260910,SA-Mat,Role-Hybrid,0,1,1,1,1,128,130,43,43,1.1000682194468676e-16,0.0,0
3,6,mixed,20260910,SA-Mat,SA-Mat-permB,1,1,1,1,1,130,130,43,43,0.0,0.0,1
3,6,mixed,20260910,SA-Mat,Flat-GM,0,1,1,1,1,112,130,40,43,0.9994231784292609,91984.818887,0
3,6,mixed,20260910,Role-Hybrid,Flat-L2,0,1,1,1,1,21,130,12,43,0.9343282643750652,337.74771,0
3,6,mixed,20260911,SA-Mat,Role-Hybrid,0,1,1,1,1,125,130,43,43,9.870553129443004e-15,0.0,0
3,6,mixed,20260911,SA-Mat,SA-Mat-permB,1,1,1,1,1,130,130,43,43,0.0,0.0,1
3,6,mixed,20260911,SA-Mat,Flat-GM,0,1,1,1,1,112,130,40,43,0.9988103712821773,58337.356834,0
3,6,mixed,20260911,Role-Hybrid,Flat-L2,0,1,1,1,1,21,130,12,43,0.9000049996250313,122.944847,0
3,6,mixed,20260912,SA-Mat,Role-Hybrid,0,1,1,1,1,112,130,40,43,1.6186077840076717e-07,6e-06,0
3,6,mixed,20260912,SA-Mat,SA-Mat-permB,0,1,1,1,1,112,130,41,43,4.244025646322523e-09,1e-06,0
3,6,mixed,20260912,SA-Mat,Flat-GM,0,1,1,1,1,112,130,40,43,0.999390215432734,113342.358247,0
3,6,mixed,20260912,Role-Hybrid,Flat-L2,0,1,1,1,1,24,130,13,43,0.9000049996250312,114.715473,0
3,6,mixed,20260913,SA-Mat,Role-Hybrid,0,1,1,1,1,112,130,40,43,0.19976032990855663,14.348095,0
3,6,mixed,20260913,SA-Mat,SA-Mat-permB,1,1,1,1,1,130,130,43,43,0.0,0.0,1
3,6,mixed,20260913,SA-Mat,Flat-GM,0,1,1,1,1,112,130,40,43,0.9990840627346806,50359.535323,0
3,6,mixed,20260913,Role-Hybrid,Flat-L2,0,1,1,1,1,21,130,12,43,0.9359666039429997,128.453975,0
3,6,mixed,20260914,SA-Mat,Role-Hybrid,1,1,1,1,1,130,130,43,43,0.0,0.0,1
3,6,mixed,20260914,SA-Mat,SA-Mat-permB,1,1,1,1,1,130,130,43,43,0.0,0.0,1
3,6,mixed,20260914,SA-Mat,Flat-GM,0,1,1,1,1,112,130,40,43,0.9990723928792722,59540.511846,0
3,6,mixed,20260914,Role-Hybrid,Flat-L2,0,1,1,1,1,24,130,13,43,0.9000049996250313,147.361651,0
3,6,mixed,20260915,SA-Mat,Role-Hybrid,0,1,1,1,1,118,130,41,43,0.1031430636423913,2.648113,0
3,6,mixed,20260915,SA-Mat,SA-Mat-permB,0,1,1,1,1,118,130,42,43,1.7144457620633072e-08,1e-06,0
3,6,mixed,20260915,SA-Mat,Flat-GM,0,1,1,1,1,112,130,40,43,0.9992822958122222,35746.975324,0
3,6,mixed,20260915,Role-Hybrid,Flat-L2,0,1,1,1,1,15,130,11,43,0.9195731344045837,245.755901,0
3,6,mixed,20260916,SA-Mat,Role-Hybrid,1,1,1,1,1,130,130,43,43,0.0,0.0,1
3,6,mixed,20260916,SA-Mat,SA-Mat-permB,1,1,1,1,1,130,130,43,43,0.0,0.0,1
3,6,mixed,20260916,SA-Mat,Flat-GM,0,1,1,1,1,112,130,40,43,0.999241602495873,78716.382108,0
3,6,mixed,20260916,Role-Hybrid,Flat-L2,0,1,1,1,1,18,130,11,43,0.9000049996250313,255.329898,0
3,6,mixed,20260917,SA-Mat,Role-Hybrid,1,1,1,1,1,130,130,43,43,0.0,0.0,1
3,6,mixed,20260917,SA-Mat,SA-Mat-permB,1,1,1,1,1,130,130,43,43,0.0,0.0,1
3,6,mixed,20260917,SA-Mat,Flat-GM,0,1,1,1,1,112,130,40,43,0.9991062363536626,80274.463217,0
3,6,mixed,20260917,Role-Hybrid,Flat-L2,0,1,1,1,1,21,130,12,43,0.9180102688300217,115.917446,0
3,6,mixed,20260918,SA-Mat,Role-Hybrid,0,1,1,1,1,118,130,41,43,5.084550523049293e-08,3e-06,0
3,6,mixed,20260918,SA-Mat,SA-Mat-permB,0,1,1,1,1,118,130,43,43,2.03223053767896e-09,0.0,0
3,6,mixed,20260918,SA-Mat,Flat-GM,0,1,1,1,1,112,130,40,43,0.9992115340161589,76599.098682,0
3,6,mixed,20260918,Role-Hybrid,Flat-L2,0,1,1,1,1,18,130,12,43,0.9000049996250313,353.919721,0
