instancia,variante,seed,pattern,severity_S,coefficient_family,status,filas,cols,binarias,kappa_antes,kappa_despues,rho_antes,rho_despues,tiempo_preproc_s,tiempo_solver_s,wall_time_s,objetivo,gap,best_bound,max_original_row_violation,max_integrality_violation,is_feasible_original_scale
coupling_S6_seed1,Base,1,coupling,6,uniform,ok,163,166,80,2.80782e+09,2.80782e+09,185317,185317,0,0.00833616,0.829213,6361.38,NA,NA,1.42109e-14,0,true
coupling_S6_seed1,SA-Aug-rho2,1,coupling,6,uniform,ok,163,166,80,2.80782e+09,13038.4,185317,1.97978,0.000682343,0.00598706,0.0132151,6361.38,NA,NA,5.96046e-08,0,true
coupling_S6_seed1,SA-Aug-rho5,1,coupling,6,uniform,ok,163,166,80,2.80782e+09,13038.4,185317,1.97978,0.000599672,0.00565769,0.0115556,6361.38,NA,NA,5.96046e-08,0,true
coupling_S6_seed1,SA-Aug-rho10,1,coupling,6,uniform,ok,163,166,80,2.80782e+09,13038.4,185317,1.97978,0.000329451,0.00455777,0.00762227,6361.38,NA,NA,5.96046e-08,0,true
coupling_S6_seed1,SA-Aug-rho20,1,coupling,6,uniform,ok,163,166,80,2.80782e+09,13038.4,185317,1.97978,0.000324077,0.00488243,0.00785094,6361.38,NA,NA,5.96046e-08,0,true
coupling_S6_seed1,SA-Aug-rho50,1,coupling,6,uniform,ok,163,166,80,2.80782e+09,13038.4,185317,1.97978,0.000331851,0.00479167,0.00778308,6361.38,NA,NA,5.96046e-08,0,true
coupling_S6_seed2,Base,2,coupling,6,uniform,ok,163,166,80,4.602e+08,4.602e+08,120112,120112,0,0.00456088,0.00697892,4557.51,NA,NA,2.98023e-08,0,true
coupling_S6_seed2,SA-Aug-rho2,2,coupling,6,uniform,ok,163,166,80,4.602e+08,351656,120112,1.32327,0.000325359,0.00804572,0.0112116,4557.51,NA,NA,2.98023e-08,0,true
coupling_S6_seed2,SA-Aug-rho5,2,coupling,6,uniform,ok,163,166,80,4.602e+08,351656,120112,1.32327,0.000354442,0.00909089,0.0126955,4557.51,NA,NA,2.98023e-08,0,true
coupling_S6_seed2,SA-Aug-rho10,2,coupling,6,uniform,ok,163,166,80,4.602e+08,351656,120112,1.32327,0.000764939,0.0121286,0.0183806,4557.51,NA,NA,2.98023e-08,0,true
coupling_S6_seed2,SA-Aug-rho20,2,coupling,6,uniform,ok,163,166,80,4.602e+08,351656,120112,1.32327,0.000368171,0.0101207,0.013744,4557.51,NA,NA,2.98023e-08,0,true
coupling_S6_seed2,SA-Aug-rho50,2,coupling,6,uniform,ok,163,166,80,4.602e+08,351656,120112,1.32327,0.000410484,0.00847109,0.0128211,4557.51,NA,NA,2.98023e-08,0,true
coupling_S6_seed3,Base,3,coupling,6,uniform,ok,163,166,80,6.94009e+10,6.94009e+10,752.865,752.865,0,0.00418466,0.00755109,6224.33,NA,NA,9.09495e-13,0,true
coupling_S6_seed3,SA-Aug-rho2,3,coupling,6,uniform,ok,163,166,80,6.94009e+10,8.73706e+06,752.865,1.04636,0.000366063,0.00324354,0.0066005,6224.33,NA,NA,1.16415e-10,0,true
coupling_S6_seed3,SA-Aug-rho5,3,coupling,6,uniform,ok,163,166,80,6.94009e+10,8.73706e+06,752.865,1.04636,0.000327937,0.00313933,0.00606863,6224.33,NA,NA,1.16415e-10,0,true
coupling_S6_seed3,SA-Aug-rho10,3,coupling,6,uniform,ok,163,166,80,6.94009e+10,8.73706e+06,752.865,1.04636,0.000323219,0.0031169,0.0060674,6224.33,NA,NA,1.16415e-10,0,true
coupling_S6_seed3,SA-Aug-rho20,3,coupling,6,uniform,ok,163,166,80,6.94009e+10,8.73706e+06,752.865,1.04636,0.000337207,0.00354146,0.00660111,6224.33,NA,NA,1.16415e-10,0,true
coupling_S6_seed3,SA-Aug-rho50,3,coupling,6,uniform,ok,163,166,80,6.94009e+10,8.73706e+06,752.865,1.04636,0.000470756,0.00617148,0.0101099,6224.33,NA,NA,1.16415e-10,0,true
coupling_S6_seed4,Base,4,coupling,6,uniform,ok,163,166,80,1.07057e+10,1.07057e+10,603.413,603.413,0,0.00550277,0.00980982,5045.1,NA,NA,1.42109e-14,0,true
coupling_S6_seed4,SA-Aug-rho2,4,coupling,6,uniform,ok,163,166,80,1.07057e+10,2.13608e+06,603.413,1.2667,0.000338195,0.00342526,0.00659798,5045.1,NA,NA,1.16415e-10,0,true
coupling_S6_seed4,SA-Aug-rho5,4,coupling,6,uniform,ok,163,166,80,1.07057e+10,2.13608e+06,603.413,1.2667,0.000326017,0.00355006,0.00647258,5045.1,NA,NA,1.16415e-10,0,true
coupling_S6_seed4,SA-Aug-rho10,4,coupling,6,uniform,ok,163,166,80,1.07057e+10,2.13608e+06,603.413,1.2667,0.00033258,0.0034421,0.00641308,5045.1,NA,NA,1.16415e-10,0,true
coupling_S6_seed4,SA-Aug-rho20,4,coupling,6,uniform,ok,163,166,80,1.07057e+10,2.13608e+06,603.413,1.2667,0.000334142,0.00335543,0.00640546,5045.1,NA,NA,1.16415e-10,0,true
coupling_S6_seed4,SA-Aug-rho50,4,coupling,6,uniform,ok,163,166,80,1.07057e+10,2.13608e+06,603.413,1.2667,0.000324153,0.00319228,0.00605696,5045.1,NA,NA,1.16415e-10,0,true
coupling_S6_seed5,Base,5,coupling,6,uniform,ok,163,166,80,1.12429e+06,1.12429e+06,0.017861,0.017861,0,0.00309683,0.00538983,5218.63,NA,NA,0,0,true
coupling_S6_seed5,SA-Aug-rho2,5,coupling,6,uniform,ok,163,166,80,1.12429e+06,74512.2,0.017861,0.202382,0.000323157,0.00313103,0.00609835,5218.63,NA,NA,0,0,true
coupling_S6_seed5,SA-Aug-rho5,5,coupling,6,uniform,ok,163,166,80,1.12429e+06,74512.2,0.017861,0.202382,0.00032623,0.00518386,0.00836367,5218.63,NA,NA,0,0,true
coupling_S6_seed5,SA-Aug-rho10,5,coupling,6,uniform,ok,163,166,80,1.12429e+06,74512.2,0.017861,0.202382,0.000891892,0.00727687,0.0151996,5218.63,NA,NA,0,0,true
coupling_S6_seed5,SA-Aug-rho20,5,coupling,6,uniform,ok,163,166,80,1.12429e+06,74512.2,0.017861,0.202382,0.000655001,0.00430223,0.0117895,5218.63,NA,NA,0,0,true
coupling_S6_seed5,SA-Aug-rho50,5,coupling,6,uniform,ok,163,166,80,1.12429e+06,74512.2,0.017861,0.202382,0.000450477,0.00555463,0.00936427,5218.63,NA,NA,0,0,true
coupling_S6_seed6,Base,6,coupling,6,uniform,ok,163,166,80,3.15525e+08,3.15525e+08,188.798,188.798,0,0.00791052,0.0113258,2552.93,NA,NA,2.91038e-11,0,true
coupling_S6_seed6,SA-Aug-rho2,6,coupling,6,uniform,ok,163,166,80,3.15525e+08,199083,188.798,1.27123,0.000336233,0.00572609,0.0087291,2552.93,NA,NA,2.91038e-11,0,true
coupling_S6_seed6,SA-Aug-rho5,6,coupling,6,uniform,ok,163,166,80,3.15525e+08,199083,188.798,1.27123,0.000322404,0.00664013,0.00964334,2552.93,NA,NA,2.91038e-11,0,true
coupling_S6_seed6,SA-Aug-rho10,6,coupling,6,uniform,ok,163,166,80,3.15525e+08,199083,188.798,1.27123,0.000441959,0.00643094,0.0105591,2552.93,NA,NA,2.91038e-11,0,true
coupling_S6_seed6,SA-Aug-rho20,6,coupling,6,uniform,ok,163,166,80,3.15525e+08,199083,188.798,1.27123,0.000334332,0.00570047,0.00882418,2552.93,NA,NA,2.91038e-11,0,true
coupling_S6_seed6,SA-Aug-rho50,6,coupling,6,uniform,ok,163,166,80,3.15525e+08,199083,188.798,1.27123,0.000377301,0.0053219,0.00855722,2552.93,NA,NA,2.91038e-11,0,true
coupling_S6_seed7,Base,7,coupling,6,uniform,ok,163,166,80,2.95278e+13,2.95278e+13,151470,151470,0,0.00375433,0.00658884,5134.58,NA,NA,2.98023e-08,0,true
coupling_S6_seed7,SA-Aug-rho2,7,coupling,6,uniform,ok,163,166,80,2.95278e+13,2.95278e+07,151470,1.72007,0.0003722,0.00446296,0.00826364,5134.58,NA,NA,2.98023e-08,0,true
coupling_S6_seed7,SA-Aug-rho5,7,coupling,6,uniform,ok,163,166,80,2.95278e+13,2.95278e+07,151470,1.72007,0.000526474,0.00371848,0.00875869,5134.58,NA,NA,2.98023e-08,0,true
coupling_S6_seed7,SA-Aug-rho10,7,coupling,6,uniform,ok,163,166,80,2.95278e+13,2.95278e+07,151470,1.72007,0.000368838,0.00319594,0.00657848,5134.58,NA,NA,2.98023e-08,0,true
coupling_S6_seed7,SA-Aug-rho20,7,coupling,6,uniform,ok,163,166,80,2.95278e+13,2.95278e+07,151470,1.72007,0.00036986,0.00317438,0.00660238,5134.58,NA,NA,2.98023e-08,0,true
coupling_S6_seed7,SA-Aug-rho50,7,coupling,6,uniform,ok,163,166,80,2.95278e+13,2.95278e+07,151470,1.72007,0.000327683,0.00322288,0.0064731,5134.58,NA,NA,2.98023e-08,0,true
coupling_S6_seed8,Base,8,coupling,6,uniform,ok,163,166,80,7.25493e+07,7.25493e+07,39.7097,39.7097,0,0.00528363,0.00789623,6310.27,NA,NA,1.42109e-14,0,true
coupling_S6_seed8,SA-Aug-rho2,8,coupling,6,uniform,ok,163,166,80,7.25493e+07,314044,39.7097,1.09878,0.000335818,0.00410935,0.00717063,6310.27,NA,NA,2.84217e-14,0,true
coupling_S6_seed8,SA-Aug-rho5,8,coupling,6,uniform,ok,163,166,80,7.25493e+07,314044,39.7097,1.09878,0.000335236,0.00407105,0.00710247,6310.27,NA,NA,2.84217e-14,0,true
coupling_S6_seed8,SA-Aug-rho10,8,coupling,6,uniform,ok,163,166,80,7.25493e+07,314044,39.7097,1.09878,0.000323783,0.00428555,0.00734006,6310.27,NA,NA,2.84217e-14,0,true
coupling_S6_seed8,SA-Aug-rho20,8,coupling,6,uniform,ok,163,166,80,7.25493e+07,314044,39.7097,1.09878,0.000557475,0.00794641,0.0124458,6310.27,NA,NA,2.84217e-14,0,true
coupling_S6_seed8,SA-Aug-rho50,8,coupling,6,uniform,ok,163,166,80,7.25493e+07,314044,39.7097,1.09878,0.000807566,0.00807207,0.0159715,6310.27,NA,NA,2.84217e-14,0,true
coupling_S6_seed9,Base,9,coupling,6,uniform,ok,163,166,80,2.98522e+08,2.98522e+08,5.58203e-05,5.58203e-05,0,0.00539384,0.010267,4586.74,NA,NA,1.42109e-14,0,true
coupling_S6_seed9,SA-Aug-rho2,9,coupling,6,uniform,ok,163,166,80,2.98522e+08,2.40863e+07,5.58203e-05,0.000604148,0.000321611,0.00465549,0.00780811,4586.74,NA,NA,2.84217e-14,0,true
coupling_S6_seed9,SA-Aug-rho5,9,coupling,6,uniform,ok,163,166,80,2.98522e+08,2.40863e+07,5.58203e-05,0.000604148,0.000326247,0.00448608,0.00749942,4586.74,NA,NA,2.84217e-14,0,true
coupling_S6_seed9,SA-Aug-rho10,9,coupling,6,uniform,ok,163,166,80,2.98522e+08,2.40863e+07,5.58203e-05,0.000604148,0.000347693,0.00454134,0.00772616,4586.74,NA,NA,2.84217e-14,0,true
coupling_S6_seed9,SA-Aug-rho20,9,coupling,6,uniform,ok,163,166,80,2.98522e+08,2.40863e+07,5.58203e-05,0.000604148,0.000334371,0.004656,0.00768153,4586.74,NA,NA,2.84217e-14,0,true
coupling_S6_seed9,SA-Aug-rho50,9,coupling,6,uniform,ok,163,166,80,2.98522e+08,2.40863e+07,5.58203e-05,0.000604148,0.000317725,0.00471685,0.00771075,4586.74,NA,NA,2.84217e-14,0,true
coupling_S6_seed10,Base,10,coupling,6,uniform,ok,163,166,80,6.00748e+07,6.00748e+07,267.076,267.076,0,0.00421583,0.00669603,8719.57,NA,NA,1.16415e-10,0,true
coupling_S6_seed10,SA-Aug-rho2,10,coupling,6,uniform,ok,163,166,80,6.00748e+07,23916.2,267.076,1.11482,0.000324867,0.00345322,0.00646585,8719.57,NA,NA,1.16415e-10,0,true
coupling_S6_seed10,SA-Aug-rho5,10,coupling,6,uniform,ok,163,166,80,6.00748e+07,23916.2,267.076,1.11482,0.000317187,0.00338632,0.00628717,8719.57,NA,NA,1.16415e-10,0,true
coupling_S6_seed10,SA-Aug-rho10,10,coupling,6,uniform,ok,163,166,80,6.00748e+07,23916.2,267.076,1.11482,0.000333733,0.00364233,0.00672632,8719.57,NA,NA,1.16415e-10,0,true
coupling_S6_seed10,SA-Aug-rho20,10,coupling,6,uniform,ok,163,166,80,6.00748e+07,23916.2,267.076,1.11482,0.000326126,0.00334557,0.00634076,8719.57,NA,NA,1.16415e-10,0,true
coupling_S6_seed10,SA-Aug-rho50,10,coupling,6,uniform,ok,163,166,80,6.00748e+07,23916.2,267.076,1.11482,0.000326787,0.00346942,0.00646828,8719.57,NA,NA,1.16415e-10,0,true
coupling_S6_seed11,Base,11,coupling,6,uniform,ok,163,166,80,5.13857e+08,5.13857e+08,435.673,435.673,0,0.00518381,0.00759185,5763.17,NA,NA,1.16415e-10,0,true
coupling_S6_seed11,SA-Aug-rho2,11,coupling,6,uniform,ok,163,166,80,5.13857e+08,129075,435.673,1.15387,0.000328587,0.00533478,0.0083225,5763.17,NA,NA,1.16415e-10,0,true
coupling_S6_seed11,SA-Aug-rho5,11,coupling,6,uniform,ok,163,166,80,5.13857e+08,129075,435.673,1.15387,0.000322852,0.00420068,0.00710317,5763.17,NA,NA,1.16415e-10,0,true
coupling_S6_seed11,SA-Aug-rho10,11,coupling,6,uniform,ok,163,166,80,5.13857e+08,129075,435.673,1.15387,0.000322739,0.00542399,0.00835061,5763.17,NA,NA,1.16415e-10,0,true
coupling_S6_seed11,SA-Aug-rho20,11,coupling,6,uniform,ok,163,166,80,5.13857e+08,129075,435.673,1.15387,0.00032319,0.00519266,0.00811552,5763.17,NA,NA,1.16415e-10,0,true
coupling_S6_seed11,SA-Aug-rho50,11,coupling,6,uniform,ok,163,166,80,5.13857e+08,129075,435.673,1.15387,0.000324357,0.0052056,0.00809074,5763.17,NA,NA,1.16415e-10,0,true
coupling_S6_seed12,Base,12,coupling,6,uniform,ok,163,166,80,1.86462e+10,1.86462e+10,105114,105114,0,0.00413942,0.00648474,7306.95,NA,NA,2.98023e-08,0,true
coupling_S6_seed12,SA-Aug-rho2,12,coupling,6,uniform,ok,163,166,80,1.86462e+10,35155,105114,7.35067,0.000329965,0.00393161,0.00689344,7307.44,NA,NA,2.98023e-08,0,true
coupling_S6_seed12,SA-Aug-rho5,12,coupling,6,uniform,ok,163,166,80,1.86462e+10,35155,105114,7.35067,0.000322547,0.00356,0.00643957,7307.44,NA,NA,2.98023e-08,0,true
coupling_S6_seed12,SA-Aug-rho10,12,coupling,6,uniform,ok,163,166,80,1.86462e+10,35155,105114,7.35067,0.000320298,0.00386584,0.00673694,7307.44,NA,NA,2.98023e-08,0,true
coupling_S6_seed12,SA-Aug-rho20,12,coupling,6,uniform,ok,163,166,80,1.86462e+10,35155,105114,7.35067,0.000326905,0.0039804,0.00709104,7307.44,NA,NA,2.98023e-08,0,true
coupling_S6_seed12,SA-Aug-rho50,12,coupling,6,uniform,ok,163,166,80,1.86462e+10,35155,105114,7.35067,0.000319709,0.00394098,0.00681677,7307.44,NA,NA,2.98023e-08,0,true
coupling_S6_seed13,Base,13,coupling,6,uniform,ok,163,166,80,172649,172649,59.5413,59.5413,0,0.00335962,0.00577169,3585.77,NA,NA,0,0,true
coupling_S6_seed13,SA-Aug-rho2,13,coupling,6,uniform,ok,163,166,80,172649,10451.6,59.5413,1.27352,0.000326854,0.0030058,0.00599463,3585.77,NA,NA,0,0,true
coupling_S6_seed13,SA-Aug-rho5,13,coupling,6,uniform,ok,163,166,80,172649,10451.6,59.5413,1.27352,0.000317848,0.00317814,0.00607346,3585.77,NA,NA,0,0,true
coupling_S6_seed13,SA-Aug-rho10,13,coupling,6,uniform,ok,163,166,80,172649,10451.6,59.5413,1.27352,0.000324373,0.0030566,0.00592052,3585.77,NA,NA,0,0,true
coupling_S6_seed13,SA-Aug-rho20,13,coupling,6,uniform,ok,163,166,80,172649,10451.6,59.5413,1.27352,0.000341549,0.00335919,0.00665778,3585.77,NA,NA,0,0,true
coupling_S6_seed13,SA-Aug-rho50,13,coupling,6,uniform,ok,163,166,80,172649,10451.6,59.5413,1.27352,0.000336102,0.0032973,0.00639375,3585.77,NA,NA,0,0,true
coupling_S6_seed14,Base,14,coupling,6,uniform,ok,163,166,80,237939,237939,0.0730512,0.0730512,0,0.00640844,0.00912477,4228.84,NA,NA,1.12264e-07,0,true
coupling_S6_seed14,SA-Aug-rho2,14,coupling,6,uniform,ok,163,166,80,237939,72850.6,0.0730512,0.77478,0.000325185,0.0058843,0.00917253,4228.84,NA,NA,4.44089e-16,0,true
coupling_S6_seed14,SA-Aug-rho5,14,coupling,6,uniform,ok,163,166,80,237939,72850.6,0.0730512,0.77478,0.000324922,0.00612372,0.00929546,4228.84,NA,NA,4.44089e-16,0,true
coupling_S6_seed14,SA-Aug-rho10,14,coupling,6,uniform,ok,163,166,80,237939,72850.6,0.0730512,0.77478,0.0003313,0.00608838,0.00915722,4228.84,NA,NA,4.44089e-16,0,true
coupling_S6_seed14,SA-Aug-rho20,14,coupling,6,uniform,ok,163,166,80,237939,72850.6,0.0730512,0.77478,0.000318779,0.00496233,0.00828729,4228.84,NA,NA,4.44089e-16,0,true
coupling_S6_seed14,SA-Aug-rho50,14,coupling,6,uniform,ok,163,166,80,237939,72850.6,0.0730512,0.77478,0.000321259,0.00527115,0.00826063,4228.84,NA,NA,4.44089e-16,0,true
coupling_S6_seed15,Base,15,coupling,6,uniform,ok,163,166,80,9.70987e+07,9.70987e+07,30255.2,30255.2,0,0.00332639,0.00561574,5776.83,NA,NA,3.72529e-09,0,true
coupling_S6_seed15,SA-Aug-rho2,15,coupling,6,uniform,ok,163,166,80,9.70987e+07,141349,30255.2,58.8716,0.000332284,0.00387614,0.0069244,5776.83,NA,NA,7.45058e-09,0,true
coupling_S6_seed15,SA-Aug-rho5,15,coupling,6,uniform,ok,163,166,80,9.70987e+07,141349,30255.2,58.8716,0.000329772,0.00372247,0.00676032,5776.83,NA,NA,7.45058e-09,0,true
coupling_S6_seed15,SA-Aug-rho10,15,coupling,6,uniform,ok,163,166,80,9.70987e+07,141349,30255.2,58.8716,0.000321188,0.00371242,0.00664195,5776.83,NA,NA,7.45058e-09,0,true
coupling_S6_seed15,SA-Aug-rho20,15,coupling,6,uniform,ok,163,166,80,9.70987e+07,141349,30255.2,58.8716,0.000335808,0.00379316,0.00681769,5776.83,NA,NA,7.45058e-09,0,true
coupling_S6_seed15,SA-Aug-rho50,15,coupling,6,uniform,ok,163,166,80,9.70987e+07,141349,30255.2,58.8716,0.00032723,0.00371157,0.00663524,5776.83,NA,NA,7.45058e-09,0,true
coupling_S6_seed16,Base,16,coupling,6,uniform,ok,163,166,80,2.55521e+14,2.55521e+14,126609,126609,0,0.00342896,0.00582517,3022.33,NA,NA,1.49012e-08,2.02673e-06,true
coupling_S6_seed16,SA-Aug-rho2,16,coupling,6,uniform,ok,163,166,80,2.55521e+14,2.55521e+08,126609,1.30503,0.000341613,0.00322325,0.00619977,3022.33,NA,NA,1.49012e-08,2.02091e-06,true
coupling_S6_seed16,SA-Aug-rho5,16,coupling,6,uniform,ok,163,166,80,2.55521e+14,2.55521e+08,126609,1.30503,0.000340605,0.00329066,0.00631952,3022.33,NA,NA,1.49012e-08,2.02091e-06,true
coupling_S6_seed16,SA-Aug-rho10,16,coupling,6,uniform,ok,163,166,80,2.55521e+14,2.55521e+08,126609,1.30503,0.000324004,0.00340935,0.00627715,3022.33,NA,NA,1.49012e-08,2.02091e-06,true
coupling_S6_seed16,SA-Aug-rho20,16,coupling,6,uniform,ok,163,166,80,2.55521e+14,2.55521e+08,126609,1.30503,0.000335208,0.00317102,0.00614859,3022.33,NA,NA,1.49012e-08,2.02091e-06,true
coupling_S6_seed16,SA-Aug-rho50,16,coupling,6,uniform,ok,163,166,80,2.55521e+14,2.55521e+08,126609,1.30503,0.000328971,0.00322419,0.00622386,3022.33,NA,NA,1.49012e-08,2.02091e-06,true
coupling_S6_seed17,Base,17,coupling,6,uniform,ok,163,166,80,5.87695e+08,5.87695e+08,119.988,119.988,0,0.00321206,0.00560146,8446.78,NA,NA,9.09495e-13,0,true
coupling_S6_seed17,SA-Aug-rho2,17,coupling,6,uniform,ok,163,166,80,5.87695e+08,466823,119.988,1.05804,0.000343148,0.00340607,0.00652073,8446.78,NA,NA,2.91038e-11,0,true
coupling_S6_seed17,SA-Aug-rho5,17,coupling,6,uniform,ok,163,166,80,5.87695e+08,466823,119.988,1.05804,0.000320884,0.00354108,0.00647092,8446.78,NA,NA,2.91038e-11,0,true
coupling_S6_seed17,SA-Aug-rho10,17,coupling,6,uniform,ok,163,166,80,5.87695e+08,466823,119.988,1.05804,0.000328849,0.00331396,0.00621694,8446.78,NA,NA,2.91038e-11,0,true
coupling_S6_seed17,SA-Aug-rho20,17,coupling,6,uniform,ok,163,166,80,5.87695e+08,466823,119.988,1.05804,0.000325254,0.00340701,0.00629436,8446.78,NA,NA,2.91038e-11,0,true
coupling_S6_seed17,SA-Aug-rho50,17,coupling,6,uniform,ok,163,166,80,5.87695e+08,466823,119.988,1.05804,0.000326437,0.00339823,0.00634709,8446.78,NA,NA,2.91038e-11,0,true
coupling_S6_seed18,Base,18,coupling,6,uniform,ok,163,166,80,8.884e+10,8.884e+10,10520.3,10520.3,0,0.00605086,0.00840275,6406.03,NA,NA,1.42109e-14,0,true
coupling_S6_seed18,SA-Aug-rho2,18,coupling,6,uniform,ok,163,166,80,8.884e+10,888400,10520.3,1.11222,0.00033648,0.00403484,0.00705064,6406.03,NA,NA,9.31323e-10,0,true
coupling_S6_seed18,SA-Aug-rho5,18,coupling,6,uniform,ok,163,166,80,8.884e+10,888400,10520.3,1.11222,0.000338994,0.00411857,0.00718939,6406.03,NA,NA,9.31323e-10,0,true
coupling_S6_seed18,SA-Aug-rho10,18,coupling,6,uniform,ok,163,166,80,8.884e+10,888400,10520.3,1.11222,0.000323304,0.00398465,0.00692202,6406.03,NA,NA,9.31323e-10,0,true
coupling_S6_seed18,SA-Aug-rho20,18,coupling,6,uniform,ok,163,166,80,8.884e+10,888400,10520.3,1.11222,0.000330288,0.00415507,0.0071253,6406.03,NA,NA,9.31323e-10,0,true
coupling_S6_seed18,SA-Aug-rho50,18,coupling,6,uniform,ok,163,166,80,8.884e+10,888400,10520.3,1.11222,0.000333413,0.00411354,0.00712242,6406.03,NA,NA,9.31323e-10,0,true
coupling_S6_seed19,Base,19,coupling,6,uniform,ok,163,166,80,8.79242e+12,8.79242e+12,209941,209941,0,0.0028539,0.00555209,3.37591e+07,NA,NA,1.81899e-12,0,true
coupling_S6_seed19,SA-Aug-rho2,19,coupling,6,uniform,ok,163,166,80,8.79242e+12,2.56385e+08,209941,85.5896,0.0003202,0.00254484,0.00547626,3.37591e+07,NA,NA,5.96046e-08,0,true
coupling_S6_seed19,SA-Aug-rho5,19,coupling,6,uniform,ok,163,166,80,8.79242e+12,2.56385e+08,209941,85.5896,0.000331836,0.00260114,0.00577997,3.37591e+07,NA,NA,5.96046e-08,0,true
coupling_S6_seed19,SA-Aug-rho10,19,coupling,6,uniform,ok,163,166,80,8.79242e+12,2.56385e+08,209941,85.5896,0.00032708,0.002594,0.00560088,3.37591e+07,NA,NA,5.96046e-08,0,true
coupling_S6_seed19,SA-Aug-rho20,19,coupling,6,uniform,ok,163,166,80,8.79242e+12,2.56385e+08,209941,85.5896,0.000325578,0.00243624,0.00539729,3.37591e+07,NA,NA,5.96046e-08,0,true
coupling_S6_seed19,SA-Aug-rho50,19,coupling,6,uniform,ok,163,166,80,8.79242e+12,2.56385e+08,209941,85.5896,0.000356113,0.00260261,0.00592788,3.37591e+07,NA,NA,5.96046e-08,0,true
coupling_S6_seed20,Base,20,coupling,6,uniform,ok,163,166,80,6.34175e+07,6.34175e+07,14323.1,14323.1,0,0.00427441,0.00680895,13607,NA,NA,3.72529e-09,0,true
coupling_S6_seed20,SA-Aug-rho2,20,coupling,6,uniform,ok,163,166,80,6.34175e+07,513883,14323.1,132.168,0.000319151,0.00433136,0.00715594,13607,NA,NA,3.72529e-09,0,true
coupling_S6_seed20,SA-Aug-rho5,20,coupling,6,uniform,ok,163,166,80,6.34175e+07,513883,14323.1,132.168,0.000352001,0.00399861,0.00707645,13607,NA,NA,3.72529e-09,0,true
coupling_S6_seed20,SA-Aug-rho10,20,coupling,6,uniform,ok,163,166,80,6.34175e+07,513883,14323.1,132.168,0.000336475,0.00413005,0.00716613,13607,NA,NA,3.72529e-09,0,true
coupling_S6_seed20,SA-Aug-rho20,20,coupling,6,uniform,ok,163,166,80,6.34175e+07,513883,14323.1,132.168,0.000327515,0.00435098,0.0073024,13607,NA,NA,3.72529e-09,0,true
coupling_S6_seed20,SA-Aug-rho50,20,coupling,6,uniform,ok,163,166,80,6.34175e+07,513883,14323.1,132.168,0.000328813,0.00403993,0.00697544,13607,NA,NA,3.72529e-09,0,true
coupling_uniform_S6_seed1,Base,1,coupling_uniform,6,uniform,ok,163,166,80,1.5605e+09,1.5605e+09,326413,326413,0,0.00479924,0.00713073,5859.1,NA,NA,5.96046e-08,0,true
coupling_uniform_S6_seed1,SA-Aug-rho2,1,coupling_uniform,6,uniform,ok,163,166,80,1.5605e+09,15628.1,326413,3.44014,0.000329183,0.00370287,0.00676947,5859.1,NA,NA,2.38419e-07,0,true
coupling_uniform_S6_seed1,SA-Aug-rho5,1,coupling_uniform,6,uniform,ok,163,166,80,1.5605e+09,15628.1,326413,3.44014,0.000324659,0.00360596,0.00649689,5859.1,NA,NA,2.38419e-07,0,true
coupling_uniform_S6_seed1,SA-Aug-rho10,1,coupling_uniform,6,uniform,ok,163,166,80,1.5605e+09,15628.1,326413,3.44014,0.000319817,0.00398148,0.00689762,5859.1,NA,NA,2.38419e-07,0,true
coupling_uniform_S6_seed1,SA-Aug-rho20,1,coupling_uniform,6,uniform,ok,163,166,80,1.5605e+09,15628.1,326413,3.44014,0.000321974,0.00405694,0.00690352,5859.1,NA,NA,2.38419e-07,0,true
coupling_uniform_S6_seed1,SA-Aug-rho50,1,coupling_uniform,6,uniform,ok,163,166,80,1.5605e+09,15628.1,326413,3.44014,0.000332553,0.00353347,0.00650083,5859.1,NA,NA,2.38419e-07,0,true
coupling_uniform_S6_seed2,Base,2,coupling_uniform,6,uniform,ok,163,166,80,3.18591e+06,3.18591e+06,5.90762e-05,5.90762e-05,0,0.00369468,0.00606221,7410.68,NA,NA,1.38778e-17,0,true
coupling_uniform_S6_seed2,SA-Aug-rho2,2,coupling_uniform,6,uniform,ok,163,166,80,3.18591e+06,236202,5.90762e-05,0.000634727,0.000318535,0.00368036,0.00657348,7410.68,NA,NA,2.84217e-14,0,true
coupling_uniform_S6_seed2,SA-Aug-rho5,2,coupling_uniform,6,uniform,ok,163,166,80,3.18591e+06,236202,5.90762e-05,0.000634727,0.000408938,0.00461872,0.00821966,7410.68,NA,NA,2.84217e-14,0,true
coupling_uniform_S6_seed2,SA-Aug-rho10,2,coupling_uniform,6,uniform,ok,163,166,80,3.18591e+06,236202,5.90762e-05,0.000634727,0.000586486,0.00481227,0.010309,7410.68,NA,NA,2.84217e-14,0,true
coupling_uniform_S6_seed2,SA-Aug-rho20,2,coupling_uniform,6,uniform,ok,163,166,80,3.18591e+06,236202,5.90762e-05,0.000634727,0.000336024,0.00368987,0.00703971,7410.68,NA,NA,2.84217e-14,0,true
coupling_uniform_S6_seed2,SA-Aug-rho50,2,coupling_uniform,6,uniform,ok,163,166,80,3.18591e+06,236202,5.90762e-05,0.000634727,0.000547011,0.00687283,0.011477,7410.68,NA,NA,2.84217e-14,0,true
coupling_uniform_S6_seed3,Base,3,coupling_uniform,6,uniform,ok,163,166,80,6.72893e+07,6.72893e+07,2.32043e-06,2.32043e-06,0,0.00804975,0.014212,8355.07,NA,NA,1.42109e-14,0,true
coupling_uniform_S6_seed3,SA-Aug-rho2,3,coupling_uniform,6,uniform,ok,163,166,80,6.72893e+07,5.06978e+06,2.32043e-06,2.46466e-05,0.000516927,0.0074293,0.0125109,8355.07,NA,NA,2.84217e-14,0,true
coupling_uniform_S6_seed3,SA-Aug-rho5,3,coupling_uniform,6,uniform,ok,163,166,80,6.72893e+07,5.06978e+06,2.32043e-06,2.46466e-05,0.000481388,0.00635949,0.0110584,8355.07,NA,NA,2.84217e-14,0,true
coupling_uniform_S6_seed3,SA-Aug-rho10,3,coupling_uniform,6,uniform,ok,163,166,80,6.72893e+07,5.06978e+06,2.32043e-06,2.46466e-05,0.000324071,0.00612754,0.00912837,8355.07,NA,NA,2.84217e-14,0,true
coupling_uniform_S6_seed3,SA-Aug-rho20,3,coupling_uniform,6,uniform,ok,163,166,80,6.72893e+07,5.06978e+06,2.32043e-06,2.46466e-05,0.000335921,0.00651403,0.00954887,8355.07,NA,NA,2.84217e-14,0,true
coupling_uniform_S6_seed3,SA-Aug-rho50,3,coupling_uniform,6,uniform,ok,163,166,80,6.72893e+07,5.06978e+06,2.32043e-06,2.46466e-05,0.000329246,0.00586242,0.00888997,8355.07,NA,NA,2.84217e-14,0,true
coupling_uniform_S6_seed4,Base,4,coupling_uniform,6,uniform,ok,163,166,80,6.93889e+07,6.93889e+07,21521.8,21521.8,0,0.00546296,0.00787616,4238.31,NA,NA,7.45058e-09,0,true
coupling_uniform_S6_seed4,SA-Aug-rho2,4,coupling_uniform,6,uniform,ok,163,166,80,6.93889e+07,3592.3,21521.8,1.14623,0.000326432,0.00508737,0.00812547,4238.41,NA,NA,7.45058e-09,0,true
coupling_uniform_S6_seed4,SA-Aug-rho5,4,coupling_uniform,6,uniform,ok,163,166,80,6.93889e+07,3592.3,21521.8,1.14623,0.000324218,0.00500337,0.00789406,4238.41,NA,NA,7.45058e-09,0,true
coupling_uniform_S6_seed4,SA-Aug-rho10,4,coupling_uniform,6,uniform,ok,163,166,80,6.93889e+07,3592.3,21521.8,1.14623,0.000321853,0.00497996,0.00795401,4238.41,NA,NA,7.45058e-09,0,true
coupling_uniform_S6_seed4,SA-Aug-rho20,4,coupling_uniform,6,uniform,ok,163,166,80,6.93889e+07,3592.3,21521.8,1.14623,0.00032538,0.0048487,0.00777785,4238.41,NA,NA,7.45058e-09,0,true
coupling_uniform_S6_seed4,SA-Aug-rho50,4,coupling_uniform,6,uniform,ok,163,166,80,6.93889e+07,3592.3,21521.8,1.14623,0.000325296,0.00479468,0.00765201,4238.41,NA,NA,7.45058e-09,0,true
coupling_uniform_S6_seed5,Base,5,coupling_uniform,6,uniform,ok,163,166,80,1.22229e+08,1.22229e+08,1.37471e-06,1.37471e-06,0,0.00263487,0.00498445,2952.63,NA,NA,2.1684e-19,0,true
coupling_uniform_S6_seed5,SA-Aug-rho2,5,coupling_uniform,6,uniform,ok,163,166,80,1.22229e+08,8.39212e+06,1.37471e-06,1.46909e-05,0.00034001,0.00286846,0.00590627,2952.63,NA,NA,2.1684e-19,0,true
coupling_uniform_S6_seed5,SA-Aug-rho5,5,coupling_uniform,6,uniform,ok,163,166,80,1.22229e+08,8.39212e+06,1.37471e-06,1.46909e-05,0.000380961,0.00418359,0.00791982,2952.63,NA,NA,2.1684e-19,0,true
coupling_uniform_S6_seed5,SA-Aug-rho10,5,coupling_uniform,6,uniform,ok,163,166,80,1.22229e+08,8.39212e+06,1.37471e-06,1.46909e-05,0.000883256,0.00704808,0.0143184,2952.63,NA,NA,2.1684e-19,0,true
coupling_uniform_S6_seed5,SA-Aug-rho20,5,coupling_uniform,6,uniform,ok,163,166,80,1.22229e+08,8.39212e+06,1.37471e-06,1.46909e-05,0.000825667,0.00483707,0.0132186,2952.63,NA,NA,2.1684e-19,0,true
coupling_uniform_S6_seed5,SA-Aug-rho50,5,coupling_uniform,6,uniform,ok,163,166,80,1.22229e+08,8.39212e+06,1.37471e-06,1.46909e-05,0.000592787,0.00383115,0.00987429,2952.63,NA,NA,2.1684e-19,0,true
coupling_uniform_S6_seed6,Base,6,coupling_uniform,6,uniform,ok,163,166,80,3.17667e+08,3.17667e+08,82025.4,82025.4,0,0.00999347,0.0127923,4538.41,NA,NA,7.45058e-09,0,true
coupling_uniform_S6_seed6,SA-Aug-rho2,6,coupling_uniform,6,uniform,ok,163,166,80,3.17667e+08,3784.68,82025.4,1.08532,0.000399084,0.00839063,0.0121373,4538.41,NA,NA,2.98023e-08,0,true
coupling_uniform_S6_seed6,SA-Aug-rho5,6,coupling_uniform,6,uniform,ok,163,166,80,3.17667e+08,3784.68,82025.4,1.08532,0.000464719,0.00892332,0.0133041,4538.41,NA,NA,2.98023e-08,0,true
coupling_uniform_S6_seed6,SA-Aug-rho10,6,coupling_uniform,6,uniform,ok,163,166,80,3.17667e+08,3784.68,82025.4,1.08532,0.000443706,0.00822813,0.0123275,4538.41,NA,NA,2.98023e-08,0,true
coupling_uniform_S6_seed6,SA-Aug-rho20,6,coupling_uniform,6,uniform,ok,163,166,80,3.17667e+08,3784.68,82025.4,1.08532,0.000377894,0.0100581,0.0138846,4538.41,NA,NA,2.98023e-08,0,true
coupling_uniform_S6_seed6,SA-Aug-rho50,6,coupling_uniform,6,uniform,ok,163,166,80,3.17667e+08,3784.68,82025.4,1.08532,0.000852278,0.0102191,0.016482,4538.41,NA,NA,2.98023e-08,0,true
coupling_uniform_S6_seed7,Base,7,coupling_uniform,6,uniform,ok,163,166,80,970979,970979,0.000152178,0.000152178,0,0.00974882,0.0127682,7421.43,NA,NA,0,0,true
coupling_uniform_S6_seed7,SA-Aug-rho2,7,coupling_uniform,6,uniform,ok,163,166,80,970979,73087.3,0.000152178,0.0016995,0.000415206,0.00631046,0.0102331,7421.43,NA,NA,2.84217e-14,0,true
coupling_uniform_S6_seed7,SA-Aug-rho5,7,coupling_uniform,6,uniform,ok,163,166,80,970979,73087.3,0.000152178,0.0016995,0.000326696,0.00610648,0.0094261,7421.43,NA,NA,2.84217e-14,0,true
coupling_uniform_S6_seed7,SA-Aug-rho10,7,coupling_uniform,6,uniform,ok,163,166,80,970979,73087.3,0.000152178,0.0016995,0.000321614,0.0061114,0.00911846,7421.43,NA,NA,2.84217e-14,0,true
coupling_uniform_S6_seed7,SA-Aug-rho20,7,coupling_uniform,6,uniform,ok,163,166,80,970979,73087.3,0.000152178,0.0016995,0.00031805,0.00604665,0.00899807,7421.43,NA,NA,2.84217e-14,0,true
coupling_uniform_S6_seed7,SA-Aug-rho50,7,coupling_uniform,6,uniform,ok,163,166,80,970979,73087.3,0.000152178,0.0016995,0.000327497,0.00604121,0.0090256,7421.43,NA,NA,2.84217e-14,0,true
coupling_uniform_S6_seed8,Base,8,coupling_uniform,6,uniform,ok,163,166,80,3.59279e+08,3.59279e+08,4.55058e-07,4.55058e-07,0,0.00489242,0.00723377,4605.9,NA,NA,4.26326e-14,0,true
coupling_uniform_S6_seed8,SA-Aug-rho2,8,coupling_uniform,6,uniform,ok,163,166,80,3.59279e+08,2.66085e+07,4.55058e-07,4.91339e-06,0.000315504,0.0039825,0.00685,4605.9,NA,NA,1.42109e-14,0,true
coupling_uniform_S6_seed8,SA-Aug-rho5,8,coupling_uniform,6,uniform,ok,163,166,80,3.59279e+08,2.66085e+07,4.55058e-07,4.91339e-06,0.000318868,0.00432858,0.00723802,4605.9,NA,NA,1.42109e-14,0,true
coupling_uniform_S6_seed8,SA-Aug-rho10,8,coupling_uniform,6,uniform,ok,163,166,80,3.59279e+08,2.66085e+07,4.55058e-07,4.91339e-06,0.000317539,0.00373828,0.00660268,4605.9,NA,NA,1.42109e-14,0,true
coupling_uniform_S6_seed8,SA-Aug-rho20,8,coupling_uniform,6,uniform,ok,163,166,80,3.59279e+08,2.66085e+07,4.55058e-07,4.91339e-06,0.000337085,0.00388809,0.00688425,4605.9,NA,NA,1.42109e-14,0,true
coupling_uniform_S6_seed8,SA-Aug-rho50,8,coupling_uniform,6,uniform,ok,163,166,80,3.59279e+08,2.66085e+07,4.55058e-07,4.91339e-06,0.000328677,0.00408554,0.00705281,4605.9,NA,NA,1.42109e-14,0,true
coupling_uniform_S6_seed9,Base,9,coupling_uniform,6,uniform,ok,163,166,80,20466.2,20466.2,0.00755637,0.00755637,0,0.00341509,0.00580923,3715.46,NA,NA,0,0,true
coupling_uniform_S6_seed9,SA-Aug-rho2,9,coupling_uniform,6,uniform,ok,163,166,80,20466.2,1566.26,0.00755637,0.0797722,0.000320866,0.00326137,0.00610213,3715.46,NA,NA,0,0,true
coupling_uniform_S6_seed9,SA-Aug-rho5,9,coupling_uniform,6,uniform,ok,163,166,80,20466.2,1566.26,0.00755637,0.0797722,0.000317808,0.00321249,0.00614884,3715.46,NA,NA,0,0,true
coupling_uniform_S6_seed9,SA-Aug-rho10,9,coupling_uniform,6,uniform,ok,163,166,80,20466.2,1566.26,0.00755637,0.0797722,0.000332332,0.00358054,0.00656154,3715.46,NA,NA,0,0,true
coupling_uniform_S6_seed9,SA-Aug-rho20,9,coupling_uniform,6,uniform,ok,163,166,80,20466.2,1566.26,0.00755637,0.0797722,0.000323241,0.00330554,0.00618444,3715.46,NA,NA,0,0,true
coupling_uniform_S6_seed9,SA-Aug-rho50,9,coupling_uniform,6,uniform,ok,163,166,80,20466.2,1566.26,0.00755637,0.0797722,0.000327513,0.00347399,0.00645732,3715.46,NA,NA,0,0,true
coupling_uniform_S6_seed10,Base,10,coupling_uniform,6,uniform,ok,163,166,80,113915,113915,0.00130634,0.00130634,0,0.00307679,0.00542012,7021,NA,NA,0,0,true
coupling_uniform_S6_seed10,SA-Aug-rho2,10,coupling_uniform,6,uniform,ok,163,166,80,113915,9073.82,0.00130634,0.0130801,0.000324411,0.00332456,0.00619999,7021,NA,NA,0,0,true
coupling_uniform_S6_seed10,SA-Aug-rho5,10,coupling_uniform,6,uniform,ok,163,166,80,113915,9073.82,0.00130634,0.0130801,0.000328623,0.00316504,0.00617335,7021,NA,NA,0,0,true
coupling_uniform_S6_seed10,SA-Aug-rho10,10,coupling_uniform,6,uniform,ok,163,166,80,113915,9073.82,0.00130634,0.0130801,0.000322425,0.00294217,0.00601992,7021,NA,NA,0,0,true
coupling_uniform_S6_seed10,SA-Aug-rho20,10,coupling_uniform,6,uniform,ok,163,166,80,113915,9073.82,0.00130634,0.0130801,0.000319317,0.00287012,0.00576522,7021,NA,NA,0,0,true
coupling_uniform_S6_seed10,SA-Aug-rho50,10,coupling_uniform,6,uniform,ok,163,166,80,113915,9073.82,0.00130634,0.0130801,0.000325777,0.00314968,0.00619748,7021,NA,NA,0,0,true
coupling_uniform_S6_seed11,Base,11,coupling_uniform,6,uniform,ok,163,166,80,7.0648e+07,7.0648e+07,2.27955e-06,2.27955e-06,0,0.00499799,0.00763012,4526.89,NA,NA,0,0,true
coupling_uniform_S6_seed11,SA-Aug-rho2,11,coupling_uniform,6,uniform,ok,163,166,80,7.0648e+07,5.31652e+06,2.27955e-06,2.37395e-05,0.000320182,0.00579041,0.0086648,4526.89,NA,NA,5e-08,3.27126e-07,true
coupling_uniform_S6_seed11,SA-Aug-rho5,11,coupling_uniform,6,uniform,ok,163,166,80,7.0648e+07,5.31652e+06,2.27955e-06,2.37395e-05,0.000325443,0.00509888,0.00820358,4526.89,NA,NA,5e-08,3.27126e-07,true
coupling_uniform_S6_seed11,SA-Aug-rho10,11,coupling_uniform,6,uniform,ok,163,166,80,7.0648e+07,5.31652e+06,2.27955e-06,2.37395e-05,0.000327237,0.00506584,0.00823745,4526.89,NA,NA,5e-08,3.27126e-07,true
coupling_uniform_S6_seed11,SA-Aug-rho20,11,coupling_uniform,6,uniform,ok,163,166,80,7.0648e+07,5.31652e+06,2.27955e-06,2.37395e-05,0.000320821,0.00516571,0.00802297,4526.89,NA,NA,5e-08,3.27126e-07,true
coupling_uniform_S6_seed11,SA-Aug-rho50,11,coupling_uniform,6,uniform,ok,163,166,80,7.0648e+07,5.31652e+06,2.27955e-06,2.37395e-05,0.000318066,0.00489693,0.00778827,4526.89,NA,NA,5e-08,3.27126e-07,true
coupling_uniform_S6_seed12,Base,12,coupling_uniform,6,uniform,ok,163,166,80,2163.12,2163.12,0.068537,0.068537,0,0.00464983,0.00703516,8167.98,NA,NA,1.42109e-14,0,true
coupling_uniform_S6_seed12,SA-Aug-rho2,12,coupling_uniform,6,uniform,ok,163,166,80,2163.12,2819.46,0.068537,0.727416,0.000316937,0.00483691,0.00769618,8167.98,NA,NA,1.42109e-14,0,true
coupling_uniform_S6_seed12,SA-Aug-rho5,12,coupling_uniform,6,uniform,ok,163,166,80,2163.12,2819.46,0.068537,0.727416,0.000316349,0.00469988,0.00758369,8167.98,NA,NA,1.42109e-14,0,true
coupling_uniform_S6_seed12,SA-Aug-rho10,12,coupling_uniform,6,uniform,ok,163,166,80,2163.12,2819.46,0.068537,0.727416,0.000330302,0.00460511,0.0075856,8167.98,NA,NA,1.42109e-14,0,true
coupling_uniform_S6_seed12,SA-Aug-rho20,12,coupling_uniform,6,uniform,ok,163,166,80,2163.12,2819.46,0.068537,0.727416,0.000313721,0.00468568,0.00757471,8167.98,NA,NA,1.42109e-14,0,true
coupling_uniform_S6_seed12,SA-Aug-rho50,12,coupling_uniform,6,uniform,ok,163,166,80,2163.12,2819.46,0.068537,0.727416,0.000329173,0.00454886,0.00749573,8167.98,NA,NA,1.42109e-14,0,true
coupling_uniform_S6_seed13,Base,13,coupling_uniform,6,uniform,ok,163,166,80,20072.5,20072.5,6.38035,6.38035,0,0.00310411,0.00566436,5851.37,NA,NA,0,0,true
coupling_uniform_S6_seed13,SA-Aug-rho2,13,coupling_uniform,6,uniform,ok,163,166,80,20072.5,3073.55,6.38035,1.09079,0.000318047,0.00320182,0.0061796,5851.37,NA,NA,0,0,true
coupling_uniform_S6_seed13,SA-Aug-rho5,13,coupling_uniform,6,uniform,ok,163,166,80,20072.5,3073.55,6.38035,1.09079,0.000322382,0.00289403,0.00581978,5851.37,NA,NA,0,0,true
coupling_uniform_S6_seed13,SA-Aug-rho10,13,coupling_uniform,6,uniform,ok,163,166,80,20072.5,3073.55,6.38035,1.09079,0.000323295,0.00284514,0.00576214,5851.37,NA,NA,0,0,true
coupling_uniform_S6_seed13,SA-Aug-rho20,13,coupling_uniform,6,uniform,ok,163,166,80,20072.5,3073.55,6.38035,1.09079,0.000377598,0.0028292,0.00590713,5851.37,NA,NA,0,0,true
coupling_uniform_S6_seed13,SA-Aug-rho50,13,coupling_uniform,6,uniform,ok,163,166,80,20072.5,3073.55,6.38035,1.09079,0.000328955,0.00286506,0.00587707,5851.37,NA,NA,0,0,true
coupling_uniform_S6_seed14,Base,14,coupling_uniform,6,uniform,ok,163,166,80,1.42358e+08,1.42358e+08,38630.7,38630.7,0,0.00350248,0.00588287,4603.38,NA,NA,1.49012e-08,0,true
coupling_uniform_S6_seed14,SA-Aug-rho2,14,coupling_uniform,6,uniform,ok,163,166,80,1.42358e+08,3405.46,38630.7,1.05039,0.000442033,0.00327829,0.00642479,4603.38,NA,NA,7.45058e-09,0,true
coupling_uniform_S6_seed14,SA-Aug-rho5,14,coupling_uniform,6,uniform,ok,163,166,80,1.42358e+08,3405.46,38630.7,1.05039,0.000321828,0.00333835,0.00627992,4603.38,NA,NA,7.45058e-09,0,true
coupling_uniform_S6_seed14,SA-Aug-rho10,14,coupling_uniform,6,uniform,ok,163,166,80,1.42358e+08,3405.46,38630.7,1.05039,0.000396772,0.0037053,0.00738271,4603.38,NA,NA,7.45058e-09,0,true
coupling_uniform_S6_seed14,SA-Aug-rho20,14,coupling_uniform,6,uniform,ok,163,166,80,1.42358e+08,3405.46,38630.7,1.05039,0.000363859,0.00333185,0.00665344,4603.38,NA,NA,7.45058e-09,0,true
coupling_uniform_S6_seed14,SA-Aug-rho50,14,coupling_uniform,6,uniform,ok,163,166,80,1.42358e+08,3405.46,38630.7,1.05039,0.000321364,0.003232,0.00614249,4603.38,NA,NA,7.45058e-09,0,true
coupling_uniform_S6_seed15,Base,15,coupling_uniform,6,uniform,ok,163,166,80,8.63793e+06,8.63793e+06,1815.4,1815.4,0,0.00417329,0.00672612,7717.27,NA,NA,1.42109e-14,0,true
coupling_uniform_S6_seed15,SA-Aug-rho2,15,coupling_uniform,6,uniform,ok,163,166,80,8.63793e+06,5179.96,1815.4,1.20376,0.000324202,0.00387756,0.00707315,7717.27,NA,NA,9.31323e-10,0,true
coupling_uniform_S6_seed15,SA-Aug-rho5,15,coupling_uniform,6,uniform,ok,163,166,80,8.63793e+06,5179.96,1815.4,1.20376,0.000326411,0.00389464,0.00680084,7717.27,NA,NA,9.31323e-10,0,true
coupling_uniform_S6_seed15,SA-Aug-rho10,15,coupling_uniform,6,uniform,ok,163,166,80,8.63793e+06,5179.96,1815.4,1.20376,0.00032754,0.00394262,0.00685832,7717.27,NA,NA,9.31323e-10,0,true
coupling_uniform_S6_seed15,SA-Aug-rho20,15,coupling_uniform,6,uniform,ok,163,166,80,8.63793e+06,5179.96,1815.4,1.20376,0.000324785,0.00392122,0.00740149,7717.27,NA,NA,9.31323e-10,0,true
coupling_uniform_S6_seed15,SA-Aug-rho50,15,coupling_uniform,6,uniform,ok,163,166,80,8.63793e+06,5179.96,1815.4,1.20376,0.000326732,0.00411312,0.00704294,7717.27,NA,NA,9.31323e-10,0,true
coupling_uniform_S6_seed16,Base,16,coupling_uniform,6,uniform,ok,163,166,80,55702.7,55702.7,0.0028568,0.0028568,0,0.00386911,0.00623446,6266.53,NA,NA,8.88178e-16,0,true
coupling_uniform_S6_seed16,SA-Aug-rho2,16,coupling_uniform,6,uniform,ok,163,166,80,55702.7,4747.77,0.0028568,0.0296089,0.000316303,0.00364672,0.00657696,6266.53,NA,NA,2.84217e-14,0,true
coupling_uniform_S6_seed16,SA-Aug-rho5,16,coupling_uniform,6,uniform,ok,163,166,80,55702.7,4747.77,0.0028568,0.0296089,0.000316822,0.00362594,0.00654327,6266.53,NA,NA,2.84217e-14,0,true
coupling_uniform_S6_seed16,SA-Aug-rho10,16,coupling_uniform,6,uniform,ok,163,166,80,55702.7,4747.77,0.0028568,0.0296089,0.000359755,0.00389221,0.00712025,6266.53,NA,NA,2.84217e-14,0,true
coupling_uniform_S6_seed16,SA-Aug-rho20,16,coupling_uniform,6,uniform,ok,163,166,80,55702.7,4747.77,0.0028568,0.0296089,0.000327154,0.00362522,0.00671028,6266.53,NA,NA,2.84217e-14,0,true
coupling_uniform_S6_seed16,SA-Aug-rho50,16,coupling_uniform,6,uniform,ok,163,166,80,55702.7,4747.77,0.0028568,0.0296089,0.000321668,0.00381513,0.00677302,6266.53,NA,NA,2.84217e-14,0,true
coupling_uniform_S6_seed17,Base,17,coupling_uniform,6,uniform,ok,163,166,80,3.61249e+06,3.61249e+06,4.85629e-05,4.85629e-05,0,0.00785654,0.0102067,6606.13,NA,NA,0,0,true
coupling_uniform_S6_seed17,SA-Aug-rho2,17,coupling_uniform,6,uniform,ok,163,166,80,3.61249e+06,258493,4.85629e-05,0.000531771,0.000328923,0.00711999,0.0101253,6606.13,NA,NA,1.38778e-17,0,true
coupling_uniform_S6_seed17,SA-Aug-rho5,17,coupling_uniform,6,uniform,ok,163,166,80,3.61249e+06,258493,4.85629e-05,0.000531771,0.000325546,0.00709854,0.010037,6606.13,NA,NA,1.38778e-17,0,true
coupling_uniform_S6_seed17,SA-Aug-rho10,17,coupling_uniform,6,uniform,ok,163,166,80,3.61249e+06,258493,4.85629e-05,0.000531771,0.000327929,0.00743667,0.0104135,6606.13,NA,NA,1.38778e-17,0,true
coupling_uniform_S6_seed17,SA-Aug-rho20,17,coupling_uniform,6,uniform,ok,163,166,80,3.61249e+06,258493,4.85629e-05,0.000531771,0.000333706,0.0072675,0.0103391,6606.13,NA,NA,1.38778e-17,0,true
coupling_uniform_S6_seed17,SA-Aug-rho50,17,coupling_uniform,6,uniform,ok,163,166,80,3.61249e+06,258493,4.85629e-05,0.000531771,0.000329436,0.00755756,0.0105645,6606.13,NA,NA,1.38778e-17,0,true
coupling_uniform_S6_seed18,Base,18,coupling_uniform,6,uniform,ok,163,166,80,5.50087e+07,5.50087e+07,2.62023e-06,2.62023e-06,0,0.00433842,0.00679385,12273.8,NA,NA,1.42109e-14,0,true
coupling_uniform_S6_seed18,SA-Aug-rho2,18,coupling_uniform,6,uniform,ok,163,166,80,5.50087e+07,4.5129e+06,2.62023e-06,2.76682e-05,0.000332577,0.00501986,0.0080916,12273.8,NA,NA,1.42109e-14,0,true
coupling_uniform_S6_seed18,SA-Aug-rho5,18,coupling_uniform,6,uniform,ok,163,166,80,5.50087e+07,4.5129e+06,2.62023e-06,2.76682e-05,0.000316986,0.00514296,0.00812673,12273.8,NA,NA,1.42109e-14,0,true
coupling_uniform_S6_seed18,SA-Aug-rho10,18,coupling_uniform,6,uniform,ok,163,166,80,5.50087e+07,4.5129e+06,2.62023e-06,2.76682e-05,0.00032816,0.00483888,0.0077948,12273.8,NA,NA,1.42109e-14,0,true
coupling_uniform_S6_seed18,SA-Aug-rho20,18,coupling_uniform,6,uniform,ok,163,166,80,5.50087e+07,4.5129e+06,2.62023e-06,2.76682e-05,0.000341276,0.00521149,0.0083067,12273.8,NA,NA,1.42109e-14,0,true
coupling_uniform_S6_seed18,SA-Aug-rho50,18,coupling_uniform,6,uniform,ok,163,166,80,5.50087e+07,4.5129e+06,2.62023e-06,2.76682e-05,0.000320649,0.00497186,0.0080294,12273.8,NA,NA,1.42109e-14,0,true
coupling_uniform_S6_seed19,Base,19,coupling_uniform,6,uniform,ok,163,166,80,3365.33,3365.33,0.0500532,0.0500532,0,0.00394844,0.00624324,6668.12,NA,NA,0,0,true
coupling_uniform_S6_seed19,SA-Aug-rho2,19,coupling_uniform,6,uniform,ok,163,166,80,3365.33,1843.59,0.0500532,0.543672,0.000318219,0.00406928,0.00698592,6668.12,NA,NA,1.42109e-14,0,true
coupling_uniform_S6_seed19,SA-Aug-rho5,19,coupling_uniform,6,uniform,ok,163,166,80,3365.33,1843.59,0.0500532,0.543672,0.000316398,0.00383703,0.00685725,6668.12,NA,NA,1.42109e-14,0,true
coupling_uniform_S6_seed19,SA-Aug-rho10,19,coupling_uniform,6,uniform,ok,163,166,80,3365.33,1843.59,0.0500532,0.543672,0.000315936,0.00376159,0.00664952,6668.12,NA,NA,1.42109e-14,0,true
coupling_uniform_S6_seed19,SA-Aug-rho20,19,coupling_uniform,6,uniform,ok,163,166,80,3365.33,1843.59,0.0500532,0.543672,0.000326947,0.00410474,0.00710156,6668.12,NA,NA,1.42109e-14,0,true
coupling_uniform_S6_seed19,SA-Aug-rho50,19,coupling_uniform,6,uniform,ok,163,166,80,3365.33,1843.59,0.0500532,0.543672,0.000328809,0.00403428,0.00721704,6668.12,NA,NA,1.42109e-14,0,true
coupling_uniform_S6_seed20,Base,20,coupling_uniform,6,uniform,ok,163,166,80,6.67358e+07,6.67358e+07,13616.2,13616.2,0,0.00687276,0.00927077,9658.11,NA,NA,7.45058e-09,0,true
coupling_uniform_S6_seed20,SA-Aug-rho2,20,coupling_uniform,6,uniform,ok,163,166,80,6.67358e+07,4923.97,13616.2,1.19245,0.000335185,0.00383996,0.00699694,9658.11,NA,NA,3.72529e-09,0,true
coupling_uniform_S6_seed20,SA-Aug-rho5,20,coupling_uniform,6,uniform,ok,163,166,80,6.67358e+07,4923.97,13616.2,1.19245,0.000324284,0.00373401,0.00671709,9658.11,NA,NA,3.72529e-09,0,true
coupling_uniform_S6_seed20,SA-Aug-rho10,20,coupling_uniform,6,uniform,ok,163,166,80,6.67358e+07,4923.97,13616.2,1.19245,0.00032677,0.00397343,0.00697995,9658.11,NA,NA,3.72529e-09,0,true
coupling_uniform_S6_seed20,SA-Aug-rho20,20,coupling_uniform,6,uniform,ok,163,166,80,6.67358e+07,4923.97,13616.2,1.19245,0.000325128,0.0036432,0.00659547,9658.11,NA,NA,3.72529e-09,0,true
coupling_uniform_S6_seed20,SA-Aug-rho50,20,coupling_uniform,6,uniform,ok,163,166,80,6.67358e+07,4923.97,13616.2,1.19245,0.000323775,0.00389111,0.00679909,9658.11,NA,NA,3.72529e-09,0,true
