instance,perm_index,is_true_map,kappa2_pos
coupling_S6_seed20250803,0,1,9.354090e+03
coupling_S6_seed20250803,1,0,1.612603e+03
coupling_S6_seed20250803,2,0,1.752584e+03
coupling_S6_seed20250803,3,0,4.458100e+03
coupling_S6_seed20250803,4,0,1.616824e+03
coupling_S6_seed20250803,5,0,4.458102e+03
coupling_S6_seed20250803,6,0,1.608596e+03
coupling_S6_seed20250803,7,0,1.619185e+03
coupling_S6_seed20250803,8,0,3.558179e+03
coupling_S6_seed20250803,9,0,9.858032e+04
coupling_S6_seed20250803,10,0,3.561975e+03
coupling_S6_seed20250803,11,0,9.858032e+04
coupling_S6_seed20250803,12,0,1.612810e+03
coupling_S6_seed20250803,13,0,4.459410e+03
coupling_S6_seed20250803,14,0,3.558189e+03
coupling_S6_seed20250803,15,0,9.858032e+04
coupling_S6_seed20250803,16,0,4.983447e+03
coupling_S6_seed20250803,17,0,9.858035e+04
coupling_S6_seed20250803,18,0,1.623431e+03
coupling_S6_seed20250803,19,0,4.459412e+03
coupling_S6_seed20250803,20,0,3.561984e+03
coupling_S6_seed20250803,21,0,9.858032e+04
coupling_S6_seed20250803,22,0,4.983447e+03
coupling_S6_seed20250803,23,0,9.858035e+04
coupling_S6_seed20250804,0,1,1.118757e+04
coupling_S6_seed20250804,1,0,1.927883e+03
coupling_S6_seed20250804,2,0,1.926520e+03
coupling_S6_seed20250804,3,0,4.766558e+03
coupling_S6_seed20250804,4,0,1.934075e+03
coupling_S6_seed20250804,5,0,4.766562e+03
coupling_S6_seed20250804,6,0,1.929235e+03
coupling_S6_seed20250804,7,0,1.936790e+03
coupling_S6_seed20250804,8,0,3.918604e+03
coupling_S6_seed20250804,9,0,7.602499e+04
coupling_S6_seed20250804,10,0,3.922714e+03
coupling_S6_seed20250804,11,0,7.602499e+04
coupling_S6_seed20250804,12,0,1.935434e+03
coupling_S6_seed20250804,13,0,4.770430e+03
coupling_S6_seed20250804,14,0,3.918614e+03
coupling_S6_seed20250804,15,0,7.602499e+04
coupling_S6_seed20250804,16,0,5.892958e+03
coupling_S6_seed20250804,17,0,7.602515e+04
coupling_S6_seed20250804,18,0,1.942994e+03
coupling_S6_seed20250804,19,0,4.770435e+03
coupling_S6_seed20250804,20,0,3.922724e+03
coupling_S6_seed20250804,21,0,7.602499e+04
coupling_S6_seed20250804,22,0,5.892958e+03
coupling_S6_seed20250804,23,0,7.602515e+04
coupling_S6_seed20250805,0,1,3.098598e+03
coupling_S6_seed20250805,1,0,6.062924e+02
coupling_S6_seed20250805,2,0,6.061266e+02
coupling_S6_seed20250805,3,0,3.447784e+03
coupling_S6_seed20250805,4,0,6.188992e+02
coupling_S6_seed20250805,5,0,3.447788e+03
coupling_S6_seed20250805,6,0,6.124347e+02
coupling_S6_seed20250805,7,0,6.248987e+02
coupling_S6_seed20250805,8,0,2.629325e+03
coupling_S6_seed20250805,9,0,6.714067e+04
coupling_S6_seed20250805,10,0,2.632872e+03
coupling_S6_seed20250805,11,0,6.714067e+04
coupling_S6_seed20250805,12,0,6.248067e+02
coupling_S6_seed20250805,13,0,3.450855e+03
coupling_S6_seed20250805,14,0,2.629335e+03
coupling_S6_seed20250805,15,0,6.714067e+04
coupling_S6_seed20250805,16,0,4.303807e+03
coupling_S6_seed20250805,17,0,6.714080e+04
coupling_S6_seed20250805,18,0,6.371273e+02
coupling_S6_seed20250805,19,0,3.450859e+03
coupling_S6_seed20250805,20,0,2.632882e+03
coupling_S6_seed20250805,21,0,6.714067e+04
coupling_S6_seed20250805,22,0,4.303807e+03
coupling_S6_seed20250805,23,0,6.714080e+04
coupling_S6_seed20250806,0,1,9.586751e+03
coupling_S6_seed20250806,1,0,1.927596e+03
coupling_S6_seed20250806,2,0,1.933385e+03
coupling_S6_seed20250806,3,0,5.383100e+03
coupling_S6_seed20250806,4,0,1.943243e+03
coupling_S6_seed20250806,5,0,5.383110e+03
coupling_S6_seed20250806,6,0,1.925316e+03
coupling_S6_seed20250806,7,0,1.935010e+03
coupling_S6_seed20250806,8,0,4.905259e+03
coupling_S6_seed20250806,9,0,9.294477e+04
coupling_S6_seed20250806,10,0,4.909566e+03
coupling_S6_seed20250806,11,0,9.294477e+04
coupling_S6_seed20250806,12,0,1.940794e+03
coupling_S6_seed20250806,13,0,5.386592e+03
coupling_S6_seed20250806,14,0,4.905270e+03
coupling_S6_seed20250806,15,0,9.294477e+04
coupling_S6_seed20250806,16,0,7.060010e+03
coupling_S6_seed20250806,17,0,9.294511e+04
coupling_S6_seed20250806,18,0,1.950637e+03
coupling_S6_seed20250806,19,0,5.386602e+03
coupling_S6_seed20250806,20,0,4.909577e+03
coupling_S6_seed20250806,21,0,9.294477e+04
coupling_S6_seed20250806,22,0,7.060010e+03
coupling_S6_seed20250806,23,0,9.294511e+04
coupling_S6_seed20250807,0,1,7.932987e+03
coupling_S6_seed20250807,1,0,1.391381e+03
coupling_S6_seed20250807,2,0,1.891393e+03
coupling_S6_seed20250807,3,0,4.717404e+03
coupling_S6_seed20250807,4,0,1.402663e+03
coupling_S6_seed20250807,5,0,4.717413e+03
coupling_S6_seed20250807,6,0,1.559336e+03
coupling_S6_seed20250807,7,0,1.393899e+03
coupling_S6_seed20250807,8,0,4.785930e+03
coupling_S6_seed20250807,9,0,1.115458e+05
coupling_S6_seed20250807,10,0,4.792209e+03
coupling_S6_seed20250807,11,0,1.115458e+05
coupling_S6_seed20250807,12,0,1.386180e+03
coupling_S6_seed20250807,13,0,4.718972e+03
coupling_S6_seed20250807,14,0,4.785932e+03
coupling_S6_seed20250807,15,0,1.115458e+05
coupling_S6_seed20250807,16,0,6.575737e+03
coupling_S6_seed20250807,17,0,1.115459e+05
coupling_S6_seed20250807,18,0,1.405182e+03
coupling_S6_seed20250807,19,0,4.718981e+03
coupling_S6_seed20250807,20,0,4.792210e+03
coupling_S6_seed20250807,21,0,1.115458e+05
coupling_S6_seed20250807,22,0,6.575737e+03
coupling_S6_seed20250807,23,0,1.115459e+05
coupling_S6_seed20250808,0,1,5.500508e+03
coupling_S6_seed20250808,1,0,8.164551e+02
coupling_S6_seed20250808,2,0,1.120056e+03
coupling_S6_seed20250808,3,0,4.299599e+03
coupling_S6_seed20250808,4,0,8.205326e+02
coupling_S6_seed20250808,5,0,4.299601e+03
coupling_S6_seed20250808,6,0,8.126998e+02
coupling_S6_seed20250808,7,0,8.413745e+02
coupling_S6_seed20250808,8,0,2.789578e+03
coupling_S6_seed20250808,9,0,1.135218e+05
coupling_S6_seed20250808,10,0,2.795040e+03
coupling_S6_seed20250808,11,0,1.135218e+05
coupling_S6_seed20250808,12,0,8.168788e+02
coupling_S6_seed20250808,13,0,4.302210e+03
coupling_S6_seed20250808,14,0,2.789586e+03
coupling_S6_seed20250808,15,0,1.135218e+05
coupling_S6_seed20250808,16,0,4.725328e+03
coupling_S6_seed20250808,17,0,1.135218e+05
coupling_S6_seed20250808,18,0,8.453852e+02
coupling_S6_seed20250808,19,0,4.302212e+03
coupling_S6_seed20250808,20,0,2.795047e+03
coupling_S6_seed20250808,21,0,1.135218e+05
coupling_S6_seed20250808,22,0,4.725328e+03
coupling_S6_seed20250808,23,0,1.135218e+05
coupling_S6_seed20250809,0,1,5.478845e+03
coupling_S6_seed20250809,1,0,1.015969e+03
coupling_S6_seed20250809,2,0,1.019611e+03
coupling_S6_seed20250809,3,0,4.683579e+03
coupling_S6_seed20250809,4,0,1.037897e+03
coupling_S6_seed20250809,5,0,4.683591e+03
coupling_S6_seed20250809,6,0,1.009471e+03
coupling_S6_seed20250809,7,0,1.030940e+03
coupling_S6_seed20250809,8,0,4.764803e+03
coupling_S6_seed20250809,9,0,9.383391e+04
coupling_S6_seed20250809,10,0,4.769504e+03
coupling_S6_seed20250809,11,0,9.383391e+04
coupling_S6_seed20250809,12,0,1.027895e+03
coupling_S6_seed20250809,13,0,4.686596e+03
coupling_S6_seed20250809,14,0,4.764810e+03
coupling_S6_seed20250809,15,0,9.383391e+04
coupling_S6_seed20250809,16,0,6.635208e+03
coupling_S6_seed20250809,17,0,9.383419e+04
coupling_S6_seed20250809,18,0,1.046159e+03
coupling_S6_seed20250809,19,0,4.686608e+03
coupling_S6_seed20250809,20,0,4.769511e+03
coupling_S6_seed20250809,21,0,9.383391e+04
coupling_S6_seed20250809,22,0,6.635208e+03
coupling_S6_seed20250809,23,0,9.383419e+04
coupling_S6_seed20250810,0,1,4.258592e+03
coupling_S6_seed20250810,1,0,6.196062e+02
coupling_S6_seed20250810,2,0,6.157446e+02
coupling_S6_seed20250810,3,0,4.694180e+03
coupling_S6_seed20250810,4,0,6.358662e+02
coupling_S6_seed20250810,5,0,4.694182e+03
coupling_S6_seed20250810,6,0,6.099725e+02
coupling_S6_seed20250810,7,0,6.320755e+02
coupling_S6_seed20250810,8,0,3.882764e+03
coupling_S6_seed20250810,9,0,8.779811e+04
coupling_S6_seed20250810,10,0,3.884150e+03
coupling_S6_seed20250810,11,0,8.779811e+04
coupling_S6_seed20250810,12,0,6.273344e+02
coupling_S6_seed20250810,13,0,4.695965e+03
coupling_S6_seed20250810,14,0,3.882775e+03
coupling_S6_seed20250810,15,0,8.779811e+04
coupling_S6_seed20250810,16,0,5.224444e+03
coupling_S6_seed20250810,17,0,8.779819e+04
coupling_S6_seed20250810,18,0,6.476989e+02
coupling_S6_seed20250810,19,0,4.695967e+03
coupling_S6_seed20250810,20,0,3.884162e+03
coupling_S6_seed20250810,21,0,8.779811e+04
coupling_S6_seed20250810,22,0,5.224444e+03
coupling_S6_seed20250810,23,0,8.779819e+04
coupling_S6_seed20250811,0,1,6.473894e+03
coupling_S6_seed20250811,1,0,1.138316e+03
coupling_S6_seed20250811,2,0,1.142545e+03
coupling_S6_seed20250811,3,0,5.025673e+03
coupling_S6_seed20250811,4,0,1.149290e+03
coupling_S6_seed20250811,5,0,5.025679e+03
coupling_S6_seed20250811,6,0,1.135696e+03
coupling_S6_seed20250811,7,0,1.142376e+03
coupling_S6_seed20250811,8,0,4.130439e+03
coupling_S6_seed20250811,9,0,5.749741e+04
coupling_S6_seed20250811,10,0,4.131835e+03
coupling_S6_seed20250811,11,0,5.749741e+04
coupling_S6_seed20250811,12,0,1.146633e+03
coupling_S6_seed20250811,13,0,5.028277e+03
coupling_S6_seed20250811,14,0,4.130448e+03
coupling_S6_seed20250811,15,0,5.749741e+04
coupling_S6_seed20250811,16,0,6.178451e+03
coupling_S6_seed20250811,17,0,5.749741e+04
coupling_S6_seed20250811,18,0,1.153389e+03
coupling_S6_seed20250811,19,0,5.028283e+03
coupling_S6_seed20250811,20,0,4.131844e+03
coupling_S6_seed20250811,21,0,5.749741e+04
coupling_S6_seed20250811,22,0,6.178451e+03
coupling_S6_seed20250811,23,0,5.749741e+04
coupling_S6_seed20250812,0,1,6.994802e+03
coupling_S6_seed20250812,1,0,1.504426e+03
coupling_S6_seed20250812,2,0,1.511524e+03
coupling_S6_seed20250812,3,0,4.168243e+03
coupling_S6_seed20250812,4,0,1.520153e+03
coupling_S6_seed20250812,5,0,4.168254e+03
coupling_S6_seed20250812,6,0,1.500698e+03
coupling_S6_seed20250812,7,0,1.509363e+03
coupling_S6_seed20250812,8,0,4.545847e+03
coupling_S6_seed20250812,9,0,1.153851e+05
coupling_S6_seed20250812,10,0,4.548813e+03
coupling_S6_seed20250812,11,0,1.153851e+05
coupling_S6_seed20250812,12,0,1.516438e+03
coupling_S6_seed20250812,13,0,4.169822e+03
coupling_S6_seed20250812,14,0,4.545851e+03
coupling_S6_seed20250812,15,0,1.153851e+05
coupling_S6_seed20250812,16,0,5.992255e+03
coupling_S6_seed20250812,17,0,1.153851e+05
coupling_S6_seed20250812,18,0,1.525049e+03
coupling_S6_seed20250812,19,0,4.169832e+03
coupling_S6_seed20250812,20,0,4.548817e+03
coupling_S6_seed20250812,21,0,1.153851e+05
coupling_S6_seed20250812,22,0,5.992255e+03
coupling_S6_seed20250812,23,0,1.153851e+05
coupling_S6_seed20250813,0,1,7.589022e+03
coupling_S6_seed20250813,1,0,1.117554e+03
coupling_S6_seed20250813,2,0,1.108529e+03
coupling_S6_seed20250813,3,0,4.819032e+03
coupling_S6_seed20250813,4,0,1.124582e+03
coupling_S6_seed20250813,5,0,4.819037e+03
coupling_S6_seed20250813,6,0,1.108541e+03
coupling_S6_seed20250813,7,0,1.124523e+03
coupling_S6_seed20250813,8,0,3.070975e+03
coupling_S6_seed20250813,9,0,1.027964e+05
coupling_S6_seed20250813,10,0,3.079459e+03
coupling_S6_seed20250813,11,0,1.027964e+05
coupling_S6_seed20250813,12,0,1.115554e+03
coupling_S6_seed20250813,13,0,4.820543e+03
coupling_S6_seed20250813,14,0,3.070980e+03
coupling_S6_seed20250813,15,0,1.027964e+05
coupling_S6_seed20250813,16,0,5.632891e+03
coupling_S6_seed20250813,17,0,1.027965e+05
coupling_S6_seed20250813,18,0,1.131519e+03
coupling_S6_seed20250813,19,0,4.820547e+03
coupling_S6_seed20250813,20,0,3.079464e+03
coupling_S6_seed20250813,21,0,1.027964e+05
coupling_S6_seed20250813,22,0,5.632891e+03
coupling_S6_seed20250813,23,0,1.027965e+05
coupling_S6_seed20250814,0,1,1.237346e+04
coupling_S6_seed20250814,1,0,2.023427e+03
coupling_S6_seed20250814,2,0,2.022559e+03
coupling_S6_seed20250814,3,0,5.559813e+03
coupling_S6_seed20250814,4,0,2.031219e+03
coupling_S6_seed20250814,5,0,5.559816e+03
coupling_S6_seed20250814,6,0,2.143388e+03
coupling_S6_seed20250814,7,0,2.026319e+03
coupling_S6_seed20250814,8,0,4.787026e+03
coupling_S6_seed20250814,9,0,1.046693e+05
coupling_S6_seed20250814,10,0,4.790550e+03
coupling_S6_seed20250814,11,0,1.046693e+05
coupling_S6_seed20250814,12,0,2.025357e+03
coupling_S6_seed20250814,13,0,5.560891e+03
coupling_S6_seed20250814,14,0,4.787029e+03
coupling_S6_seed20250814,15,0,1.046693e+05
coupling_S6_seed20250814,16,0,6.923219e+03
coupling_S6_seed20250814,17,0,1.046694e+05
coupling_S6_seed20250814,18,0,2.034106e+03
coupling_S6_seed20250814,19,0,5.560894e+03
coupling_S6_seed20250814,20,0,4.790553e+03
coupling_S6_seed20250814,21,0,1.046693e+05
coupling_S6_seed20250814,22,0,6.923219e+03
coupling_S6_seed20250814,23,0,1.046694e+05
coupling_S6_seed20250815,0,1,7.790682e+03
coupling_S6_seed20250815,1,0,1.360128e+03
coupling_S6_seed20250815,2,0,1.377872e+03
coupling_S6_seed20250815,3,0,4.962494e+03
coupling_S6_seed20250815,4,0,1.377204e+03
coupling_S6_seed20250815,5,0,4.962504e+03
coupling_S6_seed20250815,6,0,1.351044e+03
coupling_S6_seed20250815,7,0,1.367666e+03
coupling_S6_seed20250815,8,0,4.692978e+03
coupling_S6_seed20250815,9,0,9.722562e+04
coupling_S6_seed20250815,10,0,4.697986e+03
coupling_S6_seed20250815,11,0,9.722562e+04
coupling_S6_seed20250815,12,0,1.368117e+03
coupling_S6_seed20250815,13,0,4.964476e+03
coupling_S6_seed20250815,14,0,4.692983e+03
coupling_S6_seed20250815,15,0,9.722562e+04
coupling_S6_seed20250815,16,0,6.704019e+03
coupling_S6_seed20250815,17,0,9.722587e+04
coupling_S6_seed20250815,18,0,1.384659e+03
coupling_S6_seed20250815,19,0,4.964486e+03
coupling_S6_seed20250815,20,0,4.697991e+03
coupling_S6_seed20250815,21,0,9.722562e+04
coupling_S6_seed20250815,22,0,6.704019e+03
coupling_S6_seed20250815,23,0,9.722587e+04
coupling_S6_seed20250816,0,1,5.667199e+03
coupling_S6_seed20250816,1,0,1.082080e+03
coupling_S6_seed20250816,2,0,1.091260e+03
coupling_S6_seed20250816,3,0,4.564394e+03
coupling_S6_seed20250816,4,0,1.102572e+03
coupling_S6_seed20250816,5,0,4.564402e+03
coupling_S6_seed20250816,6,0,1.089325e+03
coupling_S6_seed20250816,7,0,1.100603e+03
coupling_S6_seed20250816,8,0,4.506978e+03
coupling_S6_seed20250816,9,0,8.961407e+04
coupling_S6_seed20250816,10,0,4.510392e+03
coupling_S6_seed20250816,11,0,8.961407e+04
coupling_S6_seed20250816,12,0,1.109681e+03
coupling_S6_seed20250816,13,0,4.569029e+03
coupling_S6_seed20250816,14,0,4.506990e+03
coupling_S6_seed20250816,15,0,8.961407e+04
coupling_S6_seed20250816,16,0,6.343429e+03
coupling_S6_seed20250816,17,0,8.961434e+04
coupling_S6_seed20250816,18,0,1.120840e+03
coupling_S6_seed20250816,19,0,4.569037e+03
coupling_S6_seed20250816,20,0,4.510404e+03
coupling_S6_seed20250816,21,0,8.961407e+04
coupling_S6_seed20250816,22,0,6.343429e+03
coupling_S6_seed20250816,23,0,8.961434e+04
coupling_S6_seed20250817,0,1,5.281484e+03
coupling_S6_seed20250817,1,0,8.872972e+02
coupling_S6_seed20250817,2,0,8.927089e+02
coupling_S6_seed20250817,3,0,4.923323e+03
coupling_S6_seed20250817,4,0,9.098783e+02
coupling_S6_seed20250817,5,0,4.923332e+03
coupling_S6_seed20250817,6,0,8.833053e+02
coupling_S6_seed20250817,7,0,9.001843e+02
coupling_S6_seed20250817,8,0,5.547612e+03
coupling_S6_seed20250817,9,0,1.267572e+05
coupling_S6_seed20250817,10,0,5.551874e+03
coupling_S6_seed20250817,11,0,1.267572e+05
coupling_S6_seed20250817,12,0,9.056298e+02
coupling_S6_seed20250817,13,0,4.927977e+03
coupling_S6_seed20250817,14,0,5.547614e+03
coupling_S6_seed20250817,15,0,1.267572e+05
coupling_S6_seed20250817,16,0,7.219727e+03
coupling_S6_seed20250817,17,0,1.267574e+05
coupling_S6_seed20250817,18,0,9.223904e+02
coupling_S6_seed20250817,19,0,4.927985e+03
coupling_S6_seed20250817,20,0,5.551876e+03
coupling_S6_seed20250817,21,0,1.267572e+05
coupling_S6_seed20250817,22,0,7.219727e+03
coupling_S6_seed20250817,23,0,1.267574e+05
coupling_S6_seed20250818,0,1,4.862752e+03
coupling_S6_seed20250818,1,0,1.021950e+03
coupling_S6_seed20250818,2,0,1.017727e+03
coupling_S6_seed20250818,3,0,4.066024e+03
coupling_S6_seed20250818,4,0,1.034227e+03
coupling_S6_seed20250818,5,0,4.066041e+03
coupling_S6_seed20250818,6,0,1.021650e+03
coupling_S6_seed20250818,7,0,1.037972e+03
coupling_S6_seed20250818,8,0,4.739817e+03
coupling_S6_seed20250818,9,0,7.286981e+04
coupling_S6_seed20250818,10,0,4.743963e+03
coupling_S6_seed20250818,11,0,7.286981e+04
coupling_S6_seed20250818,12,0,1.033760e+03
coupling_S6_seed20250818,13,0,4.069212e+03
coupling_S6_seed20250818,14,0,4.739823e+03
coupling_S6_seed20250818,15,0,7.286981e+04
coupling_S6_seed20250818,16,0,6.207386e+03
coupling_S6_seed20250818,17,0,7.286989e+04
coupling_S6_seed20250818,18,0,1.049999e+03
coupling_S6_seed20250818,19,0,4.069228e+03
coupling_S6_seed20250818,20,0,4.743969e+03
coupling_S6_seed20250818,21,0,7.286981e+04
coupling_S6_seed20250818,22,0,6.207386e+03
coupling_S6_seed20250818,23,0,7.286989e+04
coupling_S6_seed20250819,0,1,3.960246e+03
coupling_S6_seed20250819,1,0,1.001725e+03
coupling_S6_seed20250819,2,0,1.005895e+03
coupling_S6_seed20250819,3,0,3.072288e+03
coupling_S6_seed20250819,4,0,1.017004e+03
coupling_S6_seed20250819,5,0,3.072303e+03
coupling_S6_seed20250819,6,0,1.006140e+03
coupling_S6_seed20250819,7,0,1.017212e+03
coupling_S6_seed20250819,8,0,4.839380e+03
coupling_S6_seed20250819,9,0,7.511618e+04
coupling_S6_seed20250819,10,0,4.841897e+03
coupling_S6_seed20250819,11,0,7.511618e+04
coupling_S6_seed20250819,12,0,1.021377e+03
coupling_S6_seed20250819,13,0,3.078198e+03
coupling_S6_seed20250819,14,0,4.839386e+03
coupling_S6_seed20250819,15,0,7.511618e+04
coupling_S6_seed20250819,16,0,5.661167e+03
coupling_S6_seed20250819,17,0,7.511641e+04
coupling_S6_seed20250819,18,0,1.032356e+03
coupling_S6_seed20250819,19,0,3.078214e+03
coupling_S6_seed20250819,20,0,4.841903e+03
coupling_S6_seed20250819,21,0,7.511618e+04
coupling_S6_seed20250819,22,0,5.661167e+03
coupling_S6_seed20250819,23,0,7.511641e+04
coupling_S6_seed20250820,0,1,7.113216e+03
coupling_S6_seed20250820,1,0,1.027999e+03
coupling_S6_seed20250820,2,0,1.070147e+03
coupling_S6_seed20250820,3,0,5.540396e+03
coupling_S6_seed20250820,4,0,1.034680e+03
coupling_S6_seed20250820,5,0,5.540397e+03
coupling_S6_seed20250820,6,0,1.020607e+03
coupling_S6_seed20250820,7,0,1.038186e+03
coupling_S6_seed20250820,8,0,4.527522e+03
coupling_S6_seed20250820,9,0,4.914553e+04
coupling_S6_seed20250820,10,0,4.528194e+03
coupling_S6_seed20250820,11,0,4.914553e+04
coupling_S6_seed20250820,12,0,1.027606e+03
coupling_S6_seed20250820,13,0,5.542093e+03
coupling_S6_seed20250820,14,0,4.527539e+03
coupling_S6_seed20250820,15,0,4.914553e+04
coupling_S6_seed20250820,16,0,5.822430e+03
coupling_S6_seed20250820,17,0,4.914598e+04
coupling_S6_seed20250820,18,0,1.044933e+03
coupling_S6_seed20250820,19,0,5.542094e+03
coupling_S6_seed20250820,20,0,4.528210e+03
coupling_S6_seed20250820,21,0,4.914553e+04
coupling_S6_seed20250820,22,0,5.822430e+03
coupling_S6_seed20250820,23,0,4.914598e+04
coupling_S6_seed20250821,0,1,5.180211e+03
coupling_S6_seed20250821,1,0,1.112363e+03
coupling_S6_seed20250821,2,0,1.113713e+03
coupling_S6_seed20250821,3,0,2.908952e+03
coupling_S6_seed20250821,4,0,1.121591e+03
coupling_S6_seed20250821,5,0,2.908960e+03
coupling_S6_seed20250821,6,0,1.112833e+03
coupling_S6_seed20250821,7,0,1.120667e+03
coupling_S6_seed20250821,8,0,4.123294e+03
coupling_S6_seed20250821,9,0,6.446649e+04
coupling_S6_seed20250821,10,0,4.124868e+03
coupling_S6_seed20250821,11,0,6.446649e+04
coupling_S6_seed20250821,12,0,1.122107e+03
coupling_S6_seed20250821,13,0,2.911015e+03
coupling_S6_seed20250821,14,0,4.123301e+03
coupling_S6_seed20250821,15,0,6.446649e+04
coupling_S6_seed20250821,16,0,4.643617e+03
coupling_S6_seed20250821,17,0,6.446662e+04
coupling_S6_seed20250821,18,0,1.129904e+03
coupling_S6_seed20250821,19,0,2.911023e+03
coupling_S6_seed20250821,20,0,4.124875e+03
coupling_S6_seed20250821,21,0,6.446649e+04
coupling_S6_seed20250821,22,0,4.643617e+03
coupling_S6_seed20250821,23,0,6.446662e+04
coupling_S6_seed20250822,0,1,1.549055e+04
coupling_S6_seed20250822,1,0,2.651556e+03
coupling_S6_seed20250822,2,0,2.805433e+03
coupling_S6_seed20250822,3,0,5.635304e+03
coupling_S6_seed20250822,4,0,2.656743e+03
coupling_S6_seed20250822,5,0,5.635307e+03
coupling_S6_seed20250822,6,0,2.647345e+03
coupling_S6_seed20250822,7,0,2.655823e+03
coupling_S6_seed20250822,8,0,4.547404e+03
coupling_S6_seed20250822,9,0,9.479252e+04
coupling_S6_seed20250822,10,0,4.551491e+03
coupling_S6_seed20250822,11,0,9.479252e+04
coupling_S6_seed20250822,12,0,2.652440e+03
coupling_S6_seed20250822,13,0,5.637764e+03
coupling_S6_seed20250822,14,0,4.547409e+03
coupling_S6_seed20250822,15,0,9.479252e+04
coupling_S6_seed20250822,16,0,6.398546e+03
coupling_S6_seed20250822,17,0,9.479257e+04
coupling_S6_seed20250822,18,0,2.661016e+03
coupling_S6_seed20250822,19,0,5.637766e+03
coupling_S6_seed20250822,20,0,4.551496e+03
coupling_S6_seed20250822,21,0,9.479252e+04
coupling_S6_seed20250822,22,0,6.398546e+03
coupling_S6_seed20250822,23,0,9.479257e+04
coupling_S6_seed20250823,0,1,3.577890e+03
coupling_S6_seed20250823,1,0,7.461593e+02
coupling_S6_seed20250823,2,0,7.509400e+02
coupling_S6_seed20250823,3,0,3.865867e+03
coupling_S6_seed20250823,4,0,7.620990e+02
coupling_S6_seed20250823,5,0,3.865882e+03
coupling_S6_seed20250823,6,0,7.568391e+02
coupling_S6_seed20250823,7,0,7.677918e+02
coupling_S6_seed20250823,8,0,4.274519e+03
coupling_S6_seed20250823,9,0,4.783163e+04
coupling_S6_seed20250823,10,0,4.278801e+03
coupling_S6_seed20250823,11,0,4.783163e+04
coupling_S6_seed20250823,12,0,7.731246e+02
coupling_S6_seed20250823,13,0,3.867421e+03
coupling_S6_seed20250823,14,0,4.274523e+03
coupling_S6_seed20250823,15,0,4.783163e+04
coupling_S6_seed20250823,16,0,5.741478e+03
coupling_S6_seed20250823,17,0,4.783199e+04
coupling_S6_seed20250823,18,0,7.838382e+02
coupling_S6_seed20250823,19,0,3.867436e+03
coupling_S6_seed20250823,20,0,4.278805e+03
coupling_S6_seed20250823,21,0,4.783163e+04
coupling_S6_seed20250823,22,0,5.741478e+03
coupling_S6_seed20250823,23,0,4.783199e+04
coupling_S6_seed20250824,0,1,8.515960e+03
coupling_S6_seed20250824,1,0,1.779522e+03
coupling_S6_seed20250824,2,0,1.784723e+03
coupling_S6_seed20250824,3,0,4.179991e+03
coupling_S6_seed20250824,4,0,1.791265e+03
coupling_S6_seed20250824,5,0,4.180000e+03
coupling_S6_seed20250824,6,0,1.780106e+03
coupling_S6_seed20250824,7,0,1.786616e+03
coupling_S6_seed20250824,8,0,4.545829e+03
coupling_S6_seed20250824,9,0,7.696853e+04
coupling_S6_seed20250824,10,0,4.548577e+03
coupling_S6_seed20250824,11,0,7.696853e+04
coupling_S6_seed20250824,12,0,1.791823e+03
coupling_S6_seed20250824,13,0,4.182601e+03
coupling_S6_seed20250824,14,0,4.545835e+03
coupling_S6_seed20250824,15,0,7.696853e+04
coupling_S6_seed20250824,16,0,5.942634e+03
coupling_S6_seed20250824,17,0,7.696882e+04
coupling_S6_seed20250824,18,0,1.798340e+03
coupling_S6_seed20250824,19,0,4.182610e+03
coupling_S6_seed20250824,20,0,4.548583e+03
coupling_S6_seed20250824,21,0,7.696853e+04
coupling_S6_seed20250824,22,0,5.942634e+03
coupling_S6_seed20250824,23,0,7.696882e+04
coupling_S6_seed20250825,0,1,3.002784e+03
coupling_S6_seed20250825,1,0,6.669176e+02
coupling_S6_seed20250825,2,0,6.589225e+02
coupling_S6_seed20250825,3,0,2.933074e+03
coupling_S6_seed20250825,4,0,6.764975e+02
coupling_S6_seed20250825,5,0,2.933081e+03
coupling_S6_seed20250825,6,0,6.714308e+02
coupling_S6_seed20250825,7,0,6.887731e+02
coupling_S6_seed20250825,8,0,2.835145e+03
coupling_S6_seed20250825,9,0,6.682941e+04
coupling_S6_seed20250825,10,0,2.839652e+03
coupling_S6_seed20250825,11,0,6.682941e+04
coupling_S6_seed20250825,12,0,6.810044e+02
coupling_S6_seed20250825,13,0,2.938841e+03
coupling_S6_seed20250825,14,0,2.835156e+03
coupling_S6_seed20250825,15,0,6.682941e+04
coupling_S6_seed20250825,16,0,4.034970e+03
coupling_S6_seed20250825,17,0,6.682952e+04
coupling_S6_seed20250825,18,0,6.981851e+02
coupling_S6_seed20250825,19,0,2.938848e+03
coupling_S6_seed20250825,20,0,2.839663e+03
coupling_S6_seed20250825,21,0,6.682941e+04
coupling_S6_seed20250825,22,0,4.034970e+03
coupling_S6_seed20250825,23,0,6.682952e+04
coupling_S6_seed20250826,0,1,7.638920e+03
coupling_S6_seed20250826,1,0,8.047899e+02
coupling_S6_seed20250826,2,0,8.120290e+02
coupling_S6_seed20250826,3,0,3.809401e+03
coupling_S6_seed20250826,4,0,8.356433e+02
coupling_S6_seed20250826,5,0,3.809412e+03
coupling_S6_seed20250826,6,0,8.035557e+02
coupling_S6_seed20250826,7,0,8.270558e+02
coupling_S6_seed20250826,8,0,4.347423e+03
coupling_S6_seed20250826,9,0,9.477817e+04
coupling_S6_seed20250826,10,0,4.349036e+03
coupling_S6_seed20250826,11,0,9.477817e+04
coupling_S6_seed20250826,12,0,8.338699e+02
coupling_S6_seed20250826,13,0,3.810184e+03
coupling_S6_seed20250826,14,0,4.347433e+03
coupling_S6_seed20250826,15,0,9.477817e+04
coupling_S6_seed20250826,16,0,6.630513e+03
coupling_S6_seed20250826,17,0,9.477844e+04
coupling_S6_seed20250826,18,0,8.572719e+02
coupling_S6_seed20250826,19,0,3.810195e+03
coupling_S6_seed20250826,20,0,4.349045e+03
coupling_S6_seed20250826,21,0,9.477817e+04
coupling_S6_seed20250826,22,0,6.630513e+03
coupling_S6_seed20250826,23,0,9.477844e+04
coupling_S6_seed20250827,0,1,7.038115e+04
coupling_S6_seed20250827,1,0,1.703950e+04
coupling_S6_seed20250827,2,0,1.703984e+04
coupling_S6_seed20250827,3,0,1.726056e+04
coupling_S6_seed20250827,4,0,1.704023e+04
coupling_S6_seed20250827,5,0,1.726056e+04
coupling_S6_seed20250827,6,0,1.703953e+04
coupling_S6_seed20250827,7,0,1.703986e+04
coupling_S6_seed20250827,8,0,1.747266e+04
coupling_S6_seed20250827,9,0,6.886890e+04
coupling_S6_seed20250827,10,0,1.747308e+04
coupling_S6_seed20250827,11,0,6.886890e+04
coupling_S6_seed20250827,12,0,1.704035e+04
coupling_S6_seed20250827,13,0,1.726111e+04
coupling_S6_seed20250827,14,0,1.747266e+04
coupling_S6_seed20250827,15,0,6.886890e+04
coupling_S6_seed20250827,16,0,1.769354e+04
coupling_S6_seed20250827,17,0,6.886923e+04
coupling_S6_seed20250827,18,0,1.704076e+04
coupling_S6_seed20250827,19,0,1.726111e+04
coupling_S6_seed20250827,20,0,1.747308e+04
coupling_S6_seed20250827,21,0,6.886890e+04
coupling_S6_seed20250827,22,0,1.769354e+04
coupling_S6_seed20250827,23,0,6.886923e+04
coupling_S6_seed20250828,0,1,7.891677e+03
coupling_S6_seed20250828,1,0,1.205313e+03
coupling_S6_seed20250828,2,0,1.393654e+03
coupling_S6_seed20250828,3,0,5.233828e+03
coupling_S6_seed20250828,4,0,1.214771e+03
coupling_S6_seed20250828,5,0,5.233830e+03
coupling_S6_seed20250828,6,0,1.195805e+03
coupling_S6_seed20250828,7,0,1.215112e+03
coupling_S6_seed20250828,8,0,3.801920e+03
coupling_S6_seed20250828,9,0,1.805446e+05
coupling_S6_seed20250828,10,0,3.807904e+03
coupling_S6_seed20250828,11,0,1.805446e+05
coupling_S6_seed20250828,12,0,1.205309e+03
coupling_S6_seed20250828,13,0,5.236561e+03
coupling_S6_seed20250828,14,0,3.801926e+03
coupling_S6_seed20250828,15,0,1.805446e+05
coupling_S6_seed20250828,16,0,6.263520e+03
coupling_S6_seed20250828,17,0,1.805446e+05
coupling_S6_seed20250828,18,0,1.224477e+03
coupling_S6_seed20250828,19,0,5.236563e+03
coupling_S6_seed20250828,20,0,3.807910e+03
coupling_S6_seed20250828,21,0,1.805446e+05
coupling_S6_seed20250828,22,0,6.263520e+03
coupling_S6_seed20250828,23,0,1.805446e+05
coupling_S6_seed20250829,0,1,4.279309e+03
coupling_S6_seed20250829,1,0,7.840557e+02
coupling_S6_seed20250829,2,0,7.792400e+02
coupling_S6_seed20250829,3,0,4.960036e+03
coupling_S6_seed20250829,4,0,8.067791e+02
coupling_S6_seed20250829,5,0,4.960044e+03
coupling_S6_seed20250829,6,0,7.734775e+02
coupling_S6_seed20250829,7,0,8.008810e+02
coupling_S6_seed20250829,8,0,4.020404e+03
coupling_S6_seed20250829,9,0,9.769170e+04
coupling_S6_seed20250829,10,0,4.026391e+03
coupling_S6_seed20250829,11,0,9.769170e+04
coupling_S6_seed20250829,12,0,7.961987e+02
coupling_S6_seed20250829,13,0,4.962779e+03
coupling_S6_seed20250829,14,0,4.020413e+03
coupling_S6_seed20250829,15,0,9.769170e+04
coupling_S6_seed20250829,16,0,6.344070e+03
coupling_S6_seed20250829,17,0,9.769190e+04
coupling_S6_seed20250829,18,0,8.232179e+02
coupling_S6_seed20250829,19,0,4.962787e+03
coupling_S6_seed20250829,20,0,4.026399e+03
coupling_S6_seed20250829,21,0,9.769170e+04
coupling_S6_seed20250829,22,0,6.344070e+03
coupling_S6_seed20250829,23,0,9.769190e+04
coupling_S6_seed20250830,0,1,4.691897e+03
coupling_S6_seed20250830,1,0,9.797644e+02
coupling_S6_seed20250830,2,0,9.772397e+02
coupling_S6_seed20250830,3,0,4.098808e+03
coupling_S6_seed20250830,4,0,9.904741e+02
coupling_S6_seed20250830,5,0,4.098813e+03
coupling_S6_seed20250830,6,0,9.904068e+02
coupling_S6_seed20250830,7,0,1.003470e+03
coupling_S6_seed20250830,8,0,3.140272e+03
coupling_S6_seed20250830,9,0,8.023024e+04
coupling_S6_seed20250830,10,0,3.144589e+03
coupling_S6_seed20250830,11,0,8.023024e+04
coupling_S6_seed20250830,12,0,1.001055e+03
coupling_S6_seed20250830,13,0,4.104752e+03
coupling_S6_seed20250830,14,0,3.140291e+03
coupling_S6_seed20250830,15,0,8.023024e+04
coupling_S6_seed20250830,16,0,5.079543e+03
coupling_S6_seed20250830,17,0,8.023038e+04
coupling_S6_seed20250830,18,0,1.014012e+03
coupling_S6_seed20250830,19,0,4.104757e+03
coupling_S6_seed20250830,20,0,3.144608e+03
coupling_S6_seed20250830,21,0,8.023024e+04
coupling_S6_seed20250830,22,0,5.079543e+03
coupling_S6_seed20250830,23,0,8.023038e+04
coupling_S6_seed20250831,0,1,6.897138e+03
coupling_S6_seed20250831,1,0,9.797307e+02
coupling_S6_seed20250831,2,0,9.724570e+02
coupling_S6_seed20250831,3,0,4.593808e+03
coupling_S6_seed20250831,4,0,9.875504e+02
coupling_S6_seed20250831,5,0,4.593810e+03
coupling_S6_seed20250831,6,0,1.078124e+03
coupling_S6_seed20250831,7,0,9.857031e+02
coupling_S6_seed20250831,8,0,4.329398e+03
coupling_S6_seed20250831,9,0,8.937092e+04
coupling_S6_seed20250831,10,0,4.330363e+03
coupling_S6_seed20250831,11,0,8.937092e+04
coupling_S6_seed20250831,12,0,9.788624e+02
coupling_S6_seed20250831,13,0,4.594579e+03
coupling_S6_seed20250831,14,0,4.329409e+03
coupling_S6_seed20250831,15,0,8.937092e+04
coupling_S6_seed20250831,16,0,4.989236e+03
coupling_S6_seed20250831,17,0,8.937097e+04
coupling_S6_seed20250831,18,0,9.937046e+02
coupling_S6_seed20250831,19,0,4.594580e+03
coupling_S6_seed20250831,20,0,4.330373e+03
coupling_S6_seed20250831,21,0,8.937092e+04
coupling_S6_seed20250831,22,0,4.989236e+03
coupling_S6_seed20250831,23,0,8.937097e+04
coupling_S6_seed20250832,0,1,3.149598e+03
coupling_S6_seed20250832,1,0,5.959599e+02
coupling_S6_seed20250832,2,0,5.756694e+02
coupling_S6_seed20250832,3,0,3.712561e+03
coupling_S6_seed20250832,4,0,6.044557e+02
coupling_S6_seed20250832,5,0,3.712565e+03
coupling_S6_seed20250832,6,0,5.990207e+02
coupling_S6_seed20250832,7,0,6.537267e+02
coupling_S6_seed20250832,8,0,2.830349e+03
coupling_S6_seed20250832,9,0,9.696983e+04
coupling_S6_seed20250832,10,0,2.836635e+03
coupling_S6_seed20250832,11,0,9.696983e+04
coupling_S6_seed20250832,12,0,6.075480e+02
coupling_S6_seed20250832,13,0,3.718162e+03
coupling_S6_seed20250832,14,0,2.830359e+03
coupling_S6_seed20250832,15,0,9.696983e+04
coupling_S6_seed20250832,16,0,4.638826e+03
coupling_S6_seed20250832,17,0,9.696989e+04
coupling_S6_seed20250832,18,0,6.581646e+02
coupling_S6_seed20250832,19,0,3.718166e+03
coupling_S6_seed20250832,20,0,2.836645e+03
coupling_S6_seed20250832,21,0,9.696983e+04
coupling_S6_seed20250832,22,0,4.638826e+03
coupling_S6_seed20250832,23,0,9.696989e+04
