class,instance,status,records,error
simple,caso01a.txt,complete,5,
simple,caso01b.txt,complete,5,
simple,caso01c.txt,complete,5,
simple,caso01d.txt,complete,5,
simple,caso01e.txt,complete,5,
simple,caso01f.txt,complete,5,
simple,caso02a.txt,complete,5,
simple,caso02b.txt,complete,5,
simple,caso02c.txt,complete,5,
simple,caso02d.txt,complete,5,
simple,caso02e.txt,complete,5,
simple,caso02f.txt,complete,5,
simple,caso03a.txt,complete,5,
simple,caso03b.txt,complete,5,
simple,caso03c.txt,complete,5,
simple,caso03d.txt,complete,5,
simple,caso03e.txt,complete,5,
simple,caso03f.txt,complete,5,
simple,caso04a.txt,complete,5,
simple,caso04b.txt,complete,5,
simple,caso04c.txt,complete,5,
simple,caso04d.txt,complete,5,
simple,caso04e.txt,complete,5,
simple,caso04f.txt,complete,5,
simple,caso05a.txt,complete,5,
simple,caso05b.txt,complete,5,
simple,caso05c.txt,complete,5,
simple,caso05d.txt,complete,5,
simple,caso05e.txt,complete,5,
simple,caso05f.txt,complete,5,
simple,caso09a.txt,complete,5,
simple,caso09b.txt,complete,5,
simple,caso09c.txt,complete,5,
simple,caso09d.txt,complete,5,
simple,caso09e.txt,complete,5,
simple,caso09f.txt,complete,5,
simple,caso10a.txt,complete,5,
simple,caso10b.txt,complete,5,
simple,caso10c.txt,complete,5,
simple,caso10d.txt,complete,5,
simple,caso10e.txt,complete,5,
simple,caso10f.txt,complete,5,
simple,caso11a.txt,complete,5,
simple,caso11b.txt,complete,5,
simple,caso11c.txt,complete,5,
simple,caso11d.txt,complete,5,
simple,caso11e.txt,complete,5,
simple,caso11f.txt,complete,5,
simple,caso12a.txt,complete,5,
simple,caso12b.txt,complete,5,
simple,caso12c.txt,complete,5,
simple,caso12d.txt,complete,5,
simple,caso12e.txt,complete,5,
simple,caso12f.txt,complete,5,
simple,caso14a.txt,complete,5,
simple,caso14b.txt,complete,5,
simple,caso14c.txt,complete,5,
simple,caso14d.txt,complete,5,
simple,caso14e.txt,complete,5,
simple,caso14f.txt,complete,5,
simple,caso19a.txt,complete,5,
simple,caso19b.txt,complete,5,
simple,caso19c.txt,complete,5,
simple,caso19d.txt,complete,5,
simple,caso19e.txt,complete,5,
simple,caso19f.txt,complete,5,
simple,caso20a.txt,complete,5,
simple,caso20b.txt,complete,5,
simple,caso20c.txt,complete,5,
simple,caso20d.txt,complete,5,
simple,caso20e.txt,complete,5,
simple,caso20f.txt,complete,5,
simple,caso21a.txt,complete,5,
simple,caso21b.txt,complete,5,
simple,caso21c.txt,complete,5,
simple,caso21d.txt,complete,5,
simple,caso21e.txt,complete,5,
simple,caso21f.txt,complete,5,
simple,caso22a.txt,complete,5,
simple,caso22b.txt,complete,5,
simple,caso22c.txt,complete,5,
simple,caso22d.txt,complete,5,
simple,caso22e.txt,complete,5,
simple,caso22f.txt,complete,5,
simple,caso23a.txt,complete,5,
simple,caso23b.txt,complete,5,
simple,caso23c.txt,complete,5,
simple,caso23d.txt,complete,5,
simple,caso23e.txt,complete,5,
simple,caso23f.txt,complete,5,
simple,caso24a.txt,complete,5,
simple,caso24b.txt,complete,5,
simple,caso24c.txt,complete,5,
simple,caso24d.txt,complete,5,
simple,caso24e.txt,complete,5,
simple,caso24f.txt,complete,5,
simple,caso25a.txt,complete,5,
simple,caso25b.txt,complete,5,
simple,caso25c.txt,complete,5,
simple,caso25d.txt,complete,5,
simple,caso25e.txt,complete,5,
simple,caso25f.txt,complete,5,
simple,caso26a.txt,complete,5,
simple,caso26b.txt,complete,5,
simple,caso26c.txt,complete,5,
simple,caso26d.txt,complete,5,
simple,caso26e.txt,complete,5,
simple,caso26f.txt,complete,5,
simple,caso27a.txt,complete,5,
simple,caso27b.txt,complete,5,
simple,caso27c.txt,complete,5,
simple,caso27d.txt,complete,5,
simple,caso27e.txt,complete,5,
simple,caso27f.txt,complete,5,
simple,caso28a.txt,complete,5,
simple,caso28b.txt,complete,5,
simple,caso28c.txt,complete,5,
simple,caso28d.txt,complete,5,
simple,caso28e.txt,complete,5,
simple,caso28f.txt,complete,5,
simple,caso29a.txt,complete,5,
simple,caso29b.txt,complete,5,
simple,caso29c.txt,complete,5,
simple,caso29d.txt,complete,5,
simple,caso29e.txt,complete,5,
simple,caso29f.txt,complete,5,
simple,caso30a.txt,complete,5,
simple,caso30b.txt,complete,5,
simple,caso30c.txt,complete,5,
simple,caso30d.txt,complete,5,
simple,caso30e.txt,complete,5,
simple,caso30f.txt,complete,5,
simple,caso31a.txt,complete,5,
simple,caso31b.txt,complete,5,
simple,caso31c.txt,complete,5,
simple,caso31d.txt,complete,5,
simple,caso31e.txt,complete,5,
simple,caso31f.txt,complete,5,
simple,caso32a.txt,complete,5,
simple,caso32b.txt,complete,5,
simple,caso32c.txt,complete,5,
simple,caso32d.txt,complete,5,
simple,caso32e.txt,complete,5,
simple,caso32f.txt,complete,5,
simple,caso33a.txt,complete,5,
simple,caso33b.txt,complete,5,
simple,caso33c.txt,complete,5,
simple,caso33d.txt,complete,5,
simple,caso33e.txt,complete,5,
simple,caso33f.txt,complete,5,
simple,caso34a.txt,complete,5,
simple,caso34b.txt,complete,5,
simple,caso34c.txt,complete,5,
simple,caso34d.txt,complete,5,
simple,caso34e.txt,complete,5,
simple,caso34f.txt,complete,5,
simple,caso35a.txt,complete,5,
simple,caso35b.txt,complete,5,
simple,caso35c.txt,complete,5,
simple,caso35d.txt,complete,5,
simple,caso35e.txt,complete,5,
simple,caso35f.txt,complete,5,
simple,caso42a.txt,complete,5,
simple,caso42b.txt,complete,5,
simple,caso42c.txt,complete,5,
simple,caso42d.txt,complete,5,
simple,caso42e.txt,complete,5,
simple,caso42f.txt,complete,5,
simple,caso43a.txt,complete,5,
simple,caso43b.txt,complete,5,
simple,caso43c.txt,complete,5,
simple,caso43d.txt,complete,5,
simple,caso43e.txt,complete,5,
simple,caso43f.txt,complete,5,
simple,caso44a.txt,complete,5,
simple,caso44b.txt,complete,5,
simple,caso44c.txt,complete,5,
simple,caso44d.txt,complete,5,
simple,caso44e.txt,complete,5,
simple,caso44f.txt,complete,5,
simple,caso45a.txt,complete,5,
simple,caso45b.txt,complete,5,
simple,caso45c.txt,complete,5,
simple,caso45d.txt,complete,5,
simple,caso45e.txt,complete,5,
simple,caso45f.txt,complete,5,
simple,caso46a.txt,complete,5,
simple,caso46b.txt,complete,5,
simple,caso46c.txt,complete,5,
simple,caso46d.txt,complete,5,
simple,caso46e.txt,complete,5,
simple,caso46f.txt,complete,5,
simple,caso47a.txt,complete,5,
simple,caso47b.txt,complete,5,
simple,caso47c.txt,complete,5,
simple,caso47d.txt,complete,5,
simple,caso47e.txt,complete,5,
simple,caso47f.txt,complete,5,
simple,caso48a.txt,complete,5,
simple,caso48b.txt,complete,5,
simple,caso48c.txt,complete,5,
simple,caso48d.txt,complete,5,
simple,caso48e.txt,complete,5,
simple,caso48f.txt,complete,5,
full,instance001.txt,complete,5,
full,instance002.txt,complete,5,
full,instance003.txt,complete,5,
full,instance004.txt,complete,5,
full,instance005.txt,complete,5,
full,instance009.txt,complete,5,
full,instance010.txt,complete,5,
full,instance011.txt,complete,5,
full,instance012.txt,complete,5,
full,instance014.txt,complete,5,
full,instance019.txt,complete,5,
full,instance020.txt,complete,5,
full,instance021.txt,complete,5,
full,instance022.txt,complete,5,
full,instance023.txt,complete,5,
full,instance024.txt,complete,5,
full,instance025.txt,complete,5,
full,instance026.txt,complete,5,
full,instance027.txt,complete,5,
full,instance028.txt,complete,5,
full,instance029.txt,complete,5,
full,instance030.txt,complete,5,
full,instance031.txt,complete,5,
full,instance032.txt,complete,5,
full,instance033.txt,complete,5,
full,instance034.txt,complete,5,
full,instance035.txt,complete,5,
full,instance042.txt,complete,5,
full,instance043.txt,complete,5,
full,instance044.txt,complete,5,
full,instance045.txt,complete,5,
full,instance046.txt,complete,5,
full,instance047.txt,complete,5,
full,instance048.txt,complete,5,
sgtm,instance001.txt,complete,5,
sgtm,instance002.txt,complete,5,
sgtm,instance003.txt,complete,5,
sgtm,instance004.txt,complete,5,
sgtm,instance005.txt,complete,5,
sgtm,instance009.txt,complete,5,
sgtm,instance010.txt,complete,5,
sgtm,instance011.txt,complete,5,
sgtm,instance012.txt,complete,5,
sgtm,instance014.txt,complete,5,
sgtm,instance019.txt,complete,5,
sgtm,instance020.txt,complete,5,
sgtm,instance021.txt,complete,5,
sgtm,instance022.txt,complete,5,
sgtm,instance023.txt,complete,5,
sgtm,instance024.txt,complete,5,
sgtm,instance025.txt,complete,5,
sgtm,instance026.txt,complete,5,
sgtm,instance027.txt,complete,5,
sgtm,instance028.txt,complete,5,
sgtm,instance029.txt,complete,5,
sgtm,instance030.txt,complete,5,
sgtm,instance031.txt,complete,5,
sgtm,instance032.txt,complete,5,
sgtm,instance033.txt,complete,5,
sgtm,instance034.txt,complete,5,
sgtm,instance035.txt,complete,5,
sgtm,instance042.txt,complete,5,
sgtm,instance043.txt,complete,5,
sgtm,instance044.txt,complete,5,
sgtm,instance045.txt,complete,5,
sgtm,instance046.txt,complete,5,
sgtm,instance047.txt,complete,5,
sgtm,instance048.txt,complete,5,
sgtm,instance049.txt,complete,5,
sgtm,instance050.txt,complete,5,
sgtm,instance051.txt,complete,5,
sgtm,instance052.txt,complete,5,
sgtm,instance053.txt,complete,5,
sgtm,instance057.txt,complete,5,
sgtm,instance058.txt,complete,5,
sgtm,instance059.txt,complete,5,
sgtm,instance060.txt,complete,5,
sgtm,instance062.txt,complete,5,
sgtm,instance067.txt,complete,5,
sgtm,instance068.txt,complete,5,
sgtm,instance069.txt,complete,5,
sgtm,instance070.txt,complete,5,
sgtm,instance071.txt,complete,5,
sgtm,instance072.txt,complete,5,
sgtm,instance073.txt,complete,5,
sgtm,instance074.txt,complete,5,
sgtm,instance075.txt,complete,5,
sgtm,instance076.txt,complete,5,
sgtm,instance077.txt,complete,5,
sgtm,instance078.txt,complete,5,
sgtm,instance079.txt,complete,5,
sgtm,instance080.txt,complete,5,
sgtm,instance081.txt,complete,5,
sgtm,instance082.txt,complete,5,
sgtm,instance083.txt,complete,5,
sgtm,instance090.txt,complete,5,
sgtm,instance091.txt,complete,5,
sgtm,instance092.txt,complete,5,
sgtm,instance093.txt,complete,5,
sgtm,instance094.txt,complete,5,
sgtm,instance095.txt,complete,5,
sgtm,instance096.txt,complete,5,
