instance,variant,kappa1,rows,basic_structural,basic_slack,singular,mip_obj,mip_gap,note
instance001.txt,Base,464870758446.46234,10080,3960,6120,0,-989879.4736639877,0.0,
instance001.txt,SA-Aug,283821576454.2352,10080,3960,6120,0,-989879.4736639877,0.0,
instance001.txt,Flat-Aug,17803093456.06897,10080,3960,6120,0,-989879.4736639877,0.0,
instance001.txt,SA-Mat,283821607154.51953,10080,3960,6120,0,-989879.4736639877,0.0,
instance001.txt,Flat-Mat,6081668319.810154,10080,3960,6120,0,-989879.4736639877,0.0,
instance001.txt,Ruiz,812362145091.1887,10080,3960,6120,0,-989879.4736639877,0.0,
instance002.txt,Base,809299494409.4879,10080,4033,6047,0,7055604.324932218,0.6764808368698519,
instance002.txt,SA-Aug,775961860404.4032,10080,4033,6047,0,7055604.324932218,0.6764808368698519,
instance002.txt,Flat-Aug,5763011429.531808,10080,4033,6047,0,7055604.324932218,0.6764808368698519,
instance002.txt,SA-Mat,124283674427.65675,10080,4033,6047,0,7055604.324932218,0.6764808368698519,
instance002.txt,Flat-Mat,2663123829.838561,10080,4033,6047,0,7055604.324932218,0.6764808368698519,
instance002.txt,Ruiz,923684346195.3424,10080,4033,6047,0,7055604.324932218,0.6764808368698519,
instance003.txt,Base,751492404819.7625,10080,4020,6060,0,271315.74931720464,0.0,
instance003.txt,SA-Aug,977102828277.911,10080,4020,6060,0,271315.74931720464,0.0,
instance003.txt,Flat-Aug,10141787247.828295,10080,4020,6060,0,271315.74931720464,0.0,
instance003.txt,SA-Mat,120189011865.04741,10080,4020,6060,0,271315.74931720464,0.0,
instance003.txt,Flat-Mat,2575384281.6167216,10080,4020,6060,0,271315.74931720464,0.0,
instance003.txt,Ruiz,1205009536657.5059,10080,4020,6060,0,271315.74931720464,0.0,
instance004.txt,Base,505383994646.4836,10080,3960,6120,0,-6879471.8430484645,0.00043641499801238713,
instance004.txt,SA-Aug,286823178770.6146,10080,3960,6120,0,-6879471.8430484645,0.00043641499801238713,
instance004.txt,Flat-Aug,13150418894.730476,10080,3960,6120,0,-6879471.8430484645,0.00043641499801238713,
instance004.txt,SA-Mat,286823208111.20184,10080,3960,6120,0,-6879471.8430484645,0.00043641499801238713,
instance004.txt,Flat-Mat,6145985979.166612,10080,3960,6120,0,-6879471.8430484645,0.00043641499801238713,
instance004.txt,Ruiz,788608661285.3334,10080,3960,6120,0,-6879471.8430484645,0.00043641499801238713,
instance005.txt,Base,1608963239292.7754,10080,4057,6023,0,-2539851.2867699233,0.0003901996260409993,
instance005.txt,SA-Aug,838848809185.1464,10080,4057,6023,0,-2539851.2867699233,0.0003901996260409993,
instance005.txt,Flat-Aug,32033008666.024513,10080,4057,6023,0,-2539851.2867699233,0.0003901996260409993,
instance005.txt,SA-Mat,267102097131.88312,10080,4057,6023,0,-2539851.2867699233,0.0003901996260409993,
instance005.txt,Flat-Mat,5723406257.0770035,10080,4057,6023,0,-2539851.2867699233,0.0003901996260409993,
instance005.txt,Ruiz,930533520476.79,10080,4057,6023,0,-2539851.2867699233,0.0003901996260409993,
instance009.txt,Base,1541522141431.198,10080,4068,6012,0,-26183240.15237607,0.00010413921389215167,
instance009.txt,SA-Aug,1247083000648.5203,10080,4068,6012,0,-26183240.15237607,0.00010413921389215167,
instance009.txt,Flat-Aug,19909829610.990738,10080,4068,6012,0,-26183240.15237607,0.00010413921389215167,
instance009.txt,SA-Mat,208675667781.7043,10080,4068,6012,0,-26183240.15237607,0.00010413921389215167,
instance009.txt,Flat-Mat,4471457302.305713,10080,4068,6012,0,-26183240.15237607,0.00010413921389215167,
instance009.txt,Ruiz,582204995974.056,10080,4068,6012,0,-26183240.15237607,0.00010413921389215167,
instance010.txt,Base,229379188024.3851,10080,2584,7496,0,71613.86084080132,1.6255976211885545e-15,
instance010.txt,SA-Aug,149091101546.81683,10080,2584,7496,0,71613.86084080132,1.6255976211885545e-15,
instance010.txt,Flat-Aug,13127040341.860577,10080,2584,7496,0,71613.86084080132,1.6255976211885545e-15,
instance010.txt,SA-Mat,51750268976.90395,10080,2584,7496,0,71613.86084080132,1.6255976211885545e-15,
instance010.txt,Flat-Mat,1108893626.9998121,10080,2584,7496,0,71613.86084080132,1.6255976211885545e-15,
instance010.txt,Ruiz,436147120889.60266,10080,2584,7496,0,71613.86084080132,1.6255976211885545e-15,
instance011.txt,Base,418373898016.9008,10080,3997,6083,0,854256.3539053216,1.341125173882932,
instance011.txt,SA-Aug,271956543825.9882,10080,3997,6083,0,854256.3539053216,1.341125173882932,
instance011.txt,Flat-Aug,25908977945.653267,10080,3997,6083,0,854256.3539053216,1.341125173882932,
instance011.txt,SA-Mat,267337109062.66522,10080,3997,6083,0,854256.3539053216,1.341125173882932,
instance011.txt,Flat-Mat,5728442042.155328,10080,3997,6083,0,854256.3539053216,1.341125173882932,
instance011.txt,Ruiz,2347140963881.3496,10080,3997,6083,0,854256.3539053216,1.341125173882932,
instance012.txt,Base,437165605902.4971,10080,2642,7438,0,121231.38828528696,0.0,
instance012.txt,SA-Aug,284175781101.84937,10080,2642,7438,0,121231.38828528696,0.0,
instance012.txt,Flat-Aug,14151232653.279085,10080,2642,7438,0,121231.38828528696,0.0,
instance012.txt,SA-Mat,187787270573.60303,10080,2642,7438,0,121231.38828528696,0.0,
instance012.txt,Flat-Mat,4023865222.1052833,10080,2642,7438,0,121231.38828528696,0.0,
instance012.txt,Ruiz,1377179555249.8022,10080,2642,7438,0,121231.38828528696,0.0,
instance014.txt,Base,154726467907.65567,10080,2761,7319,0,237180.17223124707,0.0,
instance014.txt,SA-Aug,74156523735.87749,10080,2761,7319,0,237180.17223124707,0.0,
instance014.txt,Flat-Aug,8335287953.87837,10080,2761,7319,0,237180.17223124707,0.0,
instance014.txt,SA-Mat,45453771615.398705,10080,2761,7319,0,237180.17223124707,0.0,
instance014.txt,Flat-Mat,973973636.5412037,10080,2761,7319,0,237180.17223124707,0.0,
instance014.txt,Ruiz,254188544922.23807,10080,2761,7319,0,237180.17223124707,0.0,
instance019.txt,Base,54515712964.3215,10080,2362,7718,0,0.0,0.0,
instance019.txt,SA-Aug,46558953657.92416,10080,2362,7718,0,0.0,0.0,
instance019.txt,Flat-Aug,2078032533.5660233,10080,2362,7718,0,0.0,0.0,
instance019.txt,SA-Mat,10940695586.196028,10080,2362,7718,0,0.0,0.0,
instance019.txt,Flat-Mat,233521548.42575225,10080,2362,7718,0,0.0,0.0,
instance019.txt,Ruiz,175041020439.74216,10080,2362,7718,0,0.0,0.0,
instance020.txt,Base,15579953490.850784,10080,2325,7755,0,0.0,0.0,
instance020.txt,SA-Aug,47771011922.81523,10080,2325,7755,0,0.0,0.0,
instance020.txt,Flat-Aug,400024572.49587935,10080,2325,7755,0,0.0,0.0,
instance020.txt,SA-Mat,3153364325.9939218,10080,2325,7755,0,0.0,0.0,
instance020.txt,Flat-Mat,66656290.01272919,10080,2325,7755,0,0.0,0.0,
instance020.txt,Ruiz,161728595552.2592,10080,2325,7755,0,0.0,0.0,
instance021.txt,Base,218932459459.1603,10080,3466,6614,0,-253071.0,3.680084144826861e-15,
instance021.txt,SA-Aug,82121724357.71716,10080,3466,6614,0,-253071.0,3.680084144826861e-15,
instance021.txt,Flat-Aug,5934765753.441871,10080,3466,6614,0,-253071.0,3.680084144826861e-15,
instance021.txt,SA-Mat,43825257344.074066,10080,3466,6614,0,-253071.0,3.680084144826861e-15,
instance021.txt,Flat-Mat,938164861.0289617,10080,3466,6614,0,-253071.0,3.680084144826861e-15,
instance021.txt,Ruiz,349455740118.24927,10080,3466,6614,0,-253071.0,3.680084144826861e-15,
instance022.txt,Base,454876690030.99457,10080,3960,6120,0,-292984.3697415988,0.000668370724697996,
instance022.txt,SA-Aug,253527746532.65558,10080,3960,6120,0,-292984.3697415988,0.000668370724697996,
instance022.txt,Flat-Aug,14657498637.388876,10080,3960,6120,0,-292984.3697415988,0.000668370724697996,
instance022.txt,SA-Mat,253527788444.42682,10080,3960,6120,0,-292984.3697415988,0.000668370724697996,
instance022.txt,Flat-Mat,5432538891.708016,10080,3960,6120,0,-292984.3697415988,0.000668370724697996,
instance022.txt,Ruiz,791858023432.5369,10080,3960,6120,0,-292984.3697415988,0.000668370724697996,
instance023.txt,Base,431556126260.61127,10080,3960,6120,0,-211887.3793825234,0.0006942808742573525,
instance023.txt,SA-Aug,249933344622.27493,10080,3960,6120,0,-211887.3793825234,0.0006942808742573525,
instance023.txt,Flat-Aug,15457797366.043562,10080,3960,6120,0,-211887.3793825234,0.0006942808742573525,
instance023.txt,SA-Mat,249933374155.22415,10080,3960,6120,0,-211887.3793825234,0.0006942808742573525,
instance023.txt,Flat-Mat,5355518555.8355055,10080,3960,6120,0,-211887.3793825234,0.0006942808742573525,
instance023.txt,Ruiz,784405954379.9993,10080,3960,6120,0,-211887.3793825234,0.0006942808742573525,
instance024.txt,Base,1271755877220.92,10080,4096,5984,0,1462161.9746986856,0.0,
instance024.txt,SA-Aug,1182415591344.475,10080,4096,5984,0,1462161.9746986856,0.0,
instance024.txt,Flat-Aug,22419118496.99772,10080,4096,5984,0,1462161.9746986856,0.0,
instance024.txt,SA-Mat,234229990560.83954,10080,4096,5984,0,1462161.9746986856,0.0,
instance024.txt,Flat-Mat,5019029831.536931,10080,4096,5984,0,1462161.9746986856,0.0,
instance024.txt,Ruiz,2155758313712.2102,10080,4096,5984,0,1462161.9746986856,0.0,
instance025.txt,Base,433729891938.2164,10080,3960,6120,0,-2970241.460706212,5.076268890944451e-05,
instance025.txt,SA-Aug,264807001215.81366,10080,3960,6120,0,-2970241.460706212,5.076268890944451e-05,
instance025.txt,Flat-Aug,7701896379.007133,10080,3960,6120,0,-2970241.460706212,5.076268890944451e-05,
instance025.txt,SA-Mat,264807045485.49426,10080,3960,6120,0,-2970241.460706212,5.076268890944451e-05,
instance025.txt,Flat-Mat,5674228384.292384,10080,3960,6120,0,-2970241.460706212,5.076268890944451e-05,
instance025.txt,Ruiz,757435172005.184,10080,3960,6120,0,-2970241.460706212,5.076268890944451e-05,
instance026.txt,Base,679233698649.3204,10080,3994,6086,0,-1288735.5386239048,0.08767412381775444,
instance026.txt,SA-Aug,326499151947.6031,10080,3994,6086,0,-1288735.5386239048,0.08767412381775444,
instance026.txt,Flat-Aug,5679514266.523382,10080,3994,6086,0,-1288735.5386239048,0.08767412381775444,
instance026.txt,SA-Mat,181172403656.7116,10080,3994,6086,0,-1288735.5386239048,0.08767412381775444,
instance026.txt,Flat-Mat,3882123277.3268614,10080,3994,6086,0,-1288735.5386239048,0.08767412381775444,
instance026.txt,Ruiz,1653634380469.6084,10080,3994,6086,0,-1288735.5386239048,0.08767412381775444,
instance027.txt,Base,512244260982.1124,10080,3960,6120,0,-1599730.5345885693,0.0,
instance027.txt,SA-Aug,245549833169.2842,10080,3960,6120,0,-1599730.5345885693,0.0,
instance027.txt,Flat-Aug,17451089647.06043,10080,3960,6120,0,-1599730.5345885693,0.0,
instance027.txt,SA-Mat,198865321141.99167,10080,3960,6120,0,-1599730.5345885693,0.0,
instance027.txt,Flat-Mat,4261243305.692642,10080,3960,6120,0,-1599730.5345885693,0.0,
instance027.txt,Ruiz,1023535570643.0813,10080,3960,6120,0,-1599730.5345885693,0.0,
instance028.txt,Base,229574449263.65112,10080,3439,6641,0,-1791582.0,0.0,
instance028.txt,SA-Aug,59833799005.340004,10080,3439,6641,0,-1791582.0,0.0,
instance028.txt,Flat-Aug,4645516497.565074,10080,3439,6641,0,-1791582.0,0.0,
instance028.txt,SA-Mat,45953820877.646515,10080,3439,6641,0,-1791582.0,0.0,
instance028.txt,Flat-Mat,983775262.3603269,10080,3439,6641,0,-1791582.0,0.0,
instance028.txt,Ruiz,358343054440.2757,10080,3439,6641,0,-1791582.0,0.0,
instance029.txt,Base,468489354921.76764,10080,3960,6120,0,-3063333.3325791927,0.0008969321778897272,
instance029.txt,SA-Aug,236642231042.7214,10080,3960,6120,0,-3063333.3325791927,0.0008969321778897272,
instance029.txt,Flat-Aug,13564684403.112326,10080,3960,6120,0,-3063333.3325791927,0.0008969321778897272,
instance029.txt,SA-Mat,236642270054.4247,10080,3960,6120,0,-3063333.3325791927,0.0008969321778897272,
instance029.txt,Flat-Mat,5070719637.403888,10080,3960,6120,0,-3063333.3325791927,0.0008969321778897272,
instance029.txt,Ruiz,823981381806.6575,10080,3960,6120,0,-3063333.3325791927,0.0008969321778897272,
instance030.txt,Base,467974524138.364,10080,3960,6120,0,-2524157.6306614787,0.00020331532279656717,
instance030.txt,SA-Aug,239447159740.09955,10080,3960,6120,0,-2524157.6306614787,0.00020331532279656717,
instance030.txt,Flat-Aug,10389484269.701353,10080,3960,6120,0,-2524157.6306614787,0.00020331532279656717,
instance030.txt,SA-Mat,239447199214.1931,10080,3960,6120,0,-2524157.6306614787,0.00020331532279656717,
instance030.txt,Flat-Mat,5130823055.819767,10080,3960,6120,0,-2524157.6306614787,0.00020331532279656717,
instance030.txt,Ruiz,850707245417.7163,10080,3960,6120,0,-2524157.6306614787,0.00020331532279656717,
instance031.txt,Base,353445473252.58856,10080,3657,6423,0,-1542528.0,3.0188190250532845e-16,
instance031.txt,SA-Aug,92124809716.9064,10080,3657,6423,0,-1542528.0,3.0188190250532845e-16,
instance031.txt,Flat-Aug,7808107368.3596525,10080,3657,6423,0,-1542528.0,3.0188190250532845e-16,
instance031.txt,SA-Mat,70729199422.87936,10080,3657,6423,0,-1542528.0,3.0188190250532845e-16,
instance031.txt,Flat-Mat,1514656742.1759748,10080,3657,6423,0,-1542528.0,3.0188190250532845e-16,
instance031.txt,Ruiz,645193780897.4943,10080,3657,6423,0,-1542528.0,3.0188190250532845e-16,
instance032.txt,Base,258663380661.77808,10080,3003,7077,0,-2181231.0,2.1348554431316044e-16,
instance032.txt,SA-Aug,133698575286.85606,10080,3003,7077,0,-2181231.0,2.1348554431316044e-16,
instance032.txt,Flat-Aug,6413103431.992404,10080,3003,7077,0,-2181231.0,2.1348554431316044e-16,
instance032.txt,SA-Mat,133699025593.93443,10080,3003,7077,0,-2181231.0,2.1348554431316044e-16,
instance032.txt,Flat-Mat,2864873948.449735,10080,3003,7077,0,-2181231.0,2.1348554431316044e-16,
instance032.txt,Ruiz,1001012254320.4924,10080,3003,7077,0,-2181231.0,2.1348554431316044e-16,
instance033.txt,Base,26415466328.811054,10080,2413,7667,0,-2.959260767848233e-11,inf,
instance033.txt,SA-Aug,38957770263.645515,10080,2413,7667,0,-2.959260767848233e-11,inf,
instance033.txt,Flat-Aug,180570169.51621702,10080,2413,7667,0,-2.959260767848233e-11,inf,
instance033.txt,SA-Mat,5320381637.367232,10080,2413,7667,0,-2.959260767848233e-11,inf,
instance033.txt,Flat-Mat,113090670.61957364,10080,2413,7667,0,-2.959260767848233e-11,inf,
instance033.txt,Ruiz,146486509731.8346,10080,2413,7667,0,-2.959260767848233e-11,inf,
instance034.txt,Base,385222496756.78754,10080,2438,7642,0,0.0,0.0,
instance034.txt,SA-Aug,184655046036.61624,10080,2438,7642,0,0.0,0.0,
instance034.txt,Flat-Aug,4619840552.951192,10080,2438,7642,0,0.0,0.0,
instance034.txt,SA-Mat,77084466939.54507,10080,2438,7642,0,0.0,0.0,
instance034.txt,Flat-Mat,1650836046.8720477,10080,2438,7642,0,0.0,0.0,
instance034.txt,Ruiz,556430316767.556,10080,2438,7642,0,0.0,0.0,
instance035.txt,Base,438732713105.96783,10080,3960,6120,0,453658.04958326486,3.2347111972906393,
instance035.txt,SA-Aug,267491548862.89172,10080,3960,6120,0,453658.04958326486,3.2347111972906393,
instance035.txt,Flat-Aug,11824166189.786385,10080,3960,6120,0,453658.04958326486,3.2347111972906393,
instance035.txt,SA-Mat,267491598599.32544,10080,3960,6120,0,453658.04958326486,3.2347111972906393,
instance035.txt,Flat-Mat,5728694526.793291,10080,3960,6120,0,453658.04958326486,3.2347111972906393,
instance035.txt,Ruiz,2349885031009.915,10080,3960,6120,0,453658.04958326486,3.2347111972906393,
instance042.txt,Base,448111711089.3275,10080,3760,6320,0,-510159.0,0.0,
instance042.txt,SA-Aug,214806107245.59946,10080,3760,6320,0,-510159.0,0.0,
instance042.txt,Flat-Aug,12404931033.366356,10080,3760,6320,0,-510159.0,0.0,
instance042.txt,SA-Mat,89663525892.11635,10080,3760,6320,0,-510159.0,0.0,
instance042.txt,Flat-Mat,1920377415.0992653,10080,3760,6320,0,-510159.0,0.0,
instance042.txt,Ruiz,632770513410.969,10080,3760,6320,0,-510159.0,0.0,
instance043.txt,Base,28714437865.76962,10080,2412,7668,0,0.0,0.0,
instance043.txt,SA-Aug,45801997108.47019,10080,2412,7668,0,0.0,0.0,
instance043.txt,Flat-Aug,305691957.7469735,10080,2412,7668,0,0.0,0.0,
instance043.txt,SA-Mat,5780230764.7899475,10080,2412,7668,0,0.0,0.0,
instance043.txt,Flat-Mat,122944218.76263839,10080,2412,7668,0,0.0,0.0,
instance043.txt,Ruiz,174684336584.22678,10080,2412,7668,0,0.0,0.0,
instance044.txt,Base,497180226273.5931,10080,3961,6119,0,-541303.4336243976,0.0007498334568976606,
instance044.txt,SA-Aug,281670599990.52625,10080,3961,6119,0,-541303.4336243976,0.0007498334568976606,
instance044.txt,Flat-Aug,14892483022.3742,10080,3961,6119,0,-541303.4336243976,0.0007498334568976606,
instance044.txt,SA-Mat,270997060052.9831,10080,3961,6119,0,-541303.4336243976,0.0007498334568976606,
instance044.txt,Flat-Mat,5806866684.355864,10080,3961,6119,0,-541303.4336243976,0.0007498334568976606,
instance044.txt,Ruiz,1598882039983.993,10080,3961,6119,0,-541303.4336243976,0.0007498334568976606,
instance045.txt,Base,489221860709.81854,10080,3960,6120,0,-817071.6585537427,0.0009983510802256072,
instance045.txt,SA-Aug,302932559267.3415,10080,3960,6120,0,-817071.6585537427,0.0009983510802256072,
instance045.txt,Flat-Aug,12069525064.257286,10080,3960,6120,0,-817071.6585537427,0.0009983510802256072,
instance045.txt,SA-Mat,302932590079.8241,10080,3960,6120,0,-817071.6585537427,0.0009983510802256072,
instance045.txt,Flat-Mat,6491174349.257662,10080,3960,6120,0,-817071.6585537427,0.0009983510802256072,
instance045.txt,Ruiz,780623582429.8934,10080,3960,6120,0,-817071.6585537427,0.0009983510802256072,
instance046.txt,Base,498943756614.33795,10080,3966,6114,0,-695780.305957771,0.16502671450996495,
instance046.txt,SA-Aug,282657238323.0999,10080,3966,6114,0,-695780.305957771,0.16502671450996495,
instance046.txt,Flat-Aug,12717893783.681984,10080,3966,6114,0,-695780.305957771,0.16502671450996495,
instance046.txt,SA-Mat,282657287230.2109,10080,3966,6114,0,-695780.305957771,0.16502671450996495,
instance046.txt,Flat-Mat,6056719523.033253,10080,3966,6114,0,-695780.305957771,0.16502671450996495,
instance046.txt,Ruiz,2459250017209.756,10080,3966,6114,0,-695780.305957771,0.16502671450996495,
instance047.txt,Base,448849927578.4517,10080,3960,6120,0,-860178.8600263125,0.0007141988352215079,
instance047.txt,SA-Aug,259949952874.2165,10080,3960,6120,0,-860178.8600263125,0.0007141988352215079,
instance047.txt,Flat-Aug,8391388620.802557,10080,3960,6120,0,-860178.8600263125,0.0007141988352215079,
instance047.txt,SA-Mat,259949995728.3823,10080,3960,6120,0,-860178.8600263125,0.0007141988352215079,
instance047.txt,Flat-Mat,5570152567.332164,10080,3960,6120,0,-860178.8600263125,0.0007141988352215079,
instance047.txt,Ruiz,815143993141.5321,10080,3960,6120,0,-860178.8600263125,0.0007141988352215079,
instance048.txt,Base,456275479337.5917,10080,3960,6120,0,-1298795.7041167058,0.0,
instance048.txt,SA-Aug,254082531011.80667,10080,3960,6120,0,-1298795.7041167058,0.0,
instance048.txt,Flat-Aug,15649328097.28083,10080,3960,6120,0,-1298795.7041167058,0.0,
instance048.txt,SA-Mat,254082572898.68335,10080,3960,6120,0,-1298795.7041167058,0.0,
instance048.txt,Flat-Mat,5444426693.604432,10080,3960,6120,0,-1298795.7041167058,0.0,
instance048.txt,Ruiz,839144088482.0521,10080,3960,6120,0,-1298795.7041167058,0.0,
instance049.txt,Base,948999843656.6072,10080,3972,6108,0,41244540.443322465,0.6885159600044665,
instance049.txt,SA-Aug,1233900045512.1743,10080,3972,6108,0,41244540.443322465,0.6885159600044665,
instance049.txt,Flat-Aug,10600634056.560978,10080,3972,6108,0,41244540.443322465,0.6885159600044665,
instance049.txt,SA-Mat,199361905847.72052,10080,3972,6108,0,41244540.443322465,0.6885159600044665,
instance049.txt,Flat-Mat,4271884015.9021688,10080,3972,6108,0,41244540.443322465,0.6885159600044665,
instance049.txt,Ruiz,1661240082906.9253,10080,3972,6108,0,41244540.443322465,0.6885159600044665,
instance050.txt,Base,573864783314.631,10080,3945,6135,0,130504034.32298161,0.0,
instance050.txt,SA-Aug,743059119696.0361,10080,3945,6135,0,130504034.32298161,0.0,
instance050.txt,Flat-Aug,4160043899.6360497,10080,3945,6135,0,130504034.32298161,0.0,
instance050.txt,SA-Mat,105587974889.0085,10080,3945,6135,0,130504034.32298161,0.0,
instance050.txt,Flat-Mat,2254662045.1084995,10080,3945,6135,0,130504034.32298161,0.0,
instance050.txt,Ruiz,970424399995.45,10080,3945,6135,0,130504034.32298161,0.0,
instance051.txt,Base,462456786004.6053,10080,3953,6127,0,85798713.68182625,0.00027549810649194986,
instance051.txt,SA-Aug,460532499686.15375,10080,3953,6127,0,85798713.68182625,0.00027549810649194986,
instance051.txt,Flat-Aug,6555938552.82313,10080,3953,6127,0,85798713.68182625,0.00027549810649194986,
instance051.txt,SA-Mat,96059835994.11876,10080,3953,6127,0,85798713.68182625,0.00027549810649194986,
instance051.txt,Flat-Mat,2053189886.051159,10080,3953,6127,0,85798713.68182625,0.00027549810649194986,
instance051.txt,Ruiz,967453580588.2217,10080,3953,6127,0,85798713.68182625,0.00027549810649194986,
instance052.txt,Base,1734211843668.429,10080,3936,6144,0,1753458.7073743083,0.000866773250923791,
instance052.txt,SA-Aug,846386997130.8174,10080,3936,6144,0,1753458.7073743083,0.000866773250923791,
instance052.txt,Flat-Aug,15560967596.159513,10080,3936,6144,0,1753458.7073743083,0.000866773250923791,
instance052.txt,SA-Mat,285302592354.2047,10080,3936,6144,0,1753458.7073743083,0.000866773250923791,
instance052.txt,Flat-Mat,6113402551.961583,10080,3936,6144,0,1753458.7073743083,0.000866773250923791,
instance052.txt,Ruiz,784420414772.2035,10080,3936,6144,0,1753458.7073743083,0.000866773250923791,
instance053.txt,Base,325800348463.98676,10080,3946,6134,0,20205449.802437752,0.2147095048244211,
instance053.txt,SA-Aug,211992957071.83612,10080,3946,6134,0,20205449.802437752,0.2147095048244211,
instance053.txt,Flat-Aug,1514263379.8185806,10080,3946,6134,0,20205449.802437752,0.2147095048244211,
instance053.txt,SA-Mat,164730721339.86258,10080,3946,6134,0,20205449.802437752,0.2147095048244211,
instance053.txt,Flat-Mat,3526200546.544409,10080,3946,6134,0,20205449.802437752,0.2147095048244211,
instance053.txt,Ruiz,575324131460.4492,10080,3946,6134,0,20205449.802437752,0.2147095048244211,
instance057.txt,Base,269951866515.61023,10080,3939,6141,0,-21924351.04379136,0.00018398357772121297,
instance057.txt,SA-Aug,259543348383.11243,10080,3939,6141,0,-21924351.04379136,0.00018398357772121297,
instance057.txt,Flat-Aug,5987057389.374804,10080,3939,6141,0,-21924351.04379136,0.00018398357772121297,
instance057.txt,SA-Mat,197589974361.88986,10080,3939,6141,0,-21924351.04379136,0.00018398357772121297,
instance057.txt,Flat-Mat,4230970167.6590195,10080,3939,6141,0,-21924351.04379136,0.00018398357772121297,
instance057.txt,Ruiz,1634859866470.8508,10080,3939,6141,0,-21924351.04379136,0.00018398357772121297,
instance058.txt,Base,1387369531907.5098,10080,3903,6177,0,56428277.61677331,0.4603641402237692,
instance058.txt,SA-Aug,1330219272748.641,10080,3903,6177,0,56428277.61677331,0.4603641402237692,
instance058.txt,Flat-Aug,19406721786.327454,10080,3903,6177,0,56428277.61677331,0.4603641402237692,
instance058.txt,SA-Mat,306006073038.0806,10080,3903,6177,0,56428277.61677331,0.4603641402237692,
instance058.txt,Flat-Mat,6557032280.674874,10080,3903,6177,0,56428277.61677331,0.4603641402237692,
instance058.txt,Ruiz,2132122057588.8796,10080,3903,6177,0,56428277.61677331,0.4603641402237692,
instance059.txt,Base,342992458345.08276,10080,3860,6220,0,35169677.21919154,5.248582263231138e-05,
instance059.txt,SA-Aug,205504844722.84344,10080,3860,6220,0,35169677.21919154,5.248582263231138e-05,
instance059.txt,Flat-Aug,9075171652.572636,10080,3860,6220,0,35169677.21919154,5.248582263231138e-05,
instance059.txt,SA-Mat,196600728696.01453,10080,3860,6220,0,35169677.21919154,5.248582263231138e-05,
instance059.txt,Flat-Mat,4210489638.8349514,10080,3860,6220,0,35169677.21919154,5.248582263231138e-05,
instance059.txt,Ruiz,604398446369.0824,10080,3860,6220,0,35169677.21919154,5.248582263231138e-05,
instance060.txt,Base,669910800262.6323,10080,3825,6255,0,25959453.27777373,0.0008959863273217357,
instance060.txt,SA-Aug,872654684534.6035,10080,3825,6255,0,25959453.27777373,0.0008959863273217357,
instance060.txt,Flat-Aug,8760174777.589918,10080,3825,6255,0,25959453.27777373,0.0008959863273217357,
instance060.txt,SA-Mat,199440022908.55988,10080,3825,6255,0,25959453.27777373,0.0008959863273217357,
instance060.txt,Flat-Mat,4270253363.903557,10080,3825,6255,0,25959453.27777373,0.0008959863273217357,
instance060.txt,Ruiz,723488357078.4766,10080,3825,6255,0,25959453.27777373,0.0008959863273217357,
instance062.txt,Base,247032125822.1949,10080,3233,6847,0,30849756.051631965,0.0007280030738747391,
instance062.txt,SA-Aug,160571158629.13556,10080,3233,6847,0,30849756.051631965,0.0007280030738747391,
instance062.txt,Flat-Aug,8376542340.170824,10080,3233,6847,0,30849756.051631965,0.0007280030738747391,
instance062.txt,SA-Mat,69630760136.709,10080,3233,6847,0,30849756.051631965,0.0007280030738747391,
instance062.txt,Flat-Mat,1492032943.6975343,10080,3233,6847,0,30849756.051631965,0.0007280030738747391,
instance062.txt,Ruiz,384599332222.75214,10080,3233,6847,0,30849756.051631965,0.0007280030738747391,
instance067.txt,Base,370512579381.0783,10080,3014,7066,0,935515.9814088931,0.0,
instance067.txt,SA-Aug,240843358836.40085,10080,3014,7066,0,935515.9814088931,0.0,
instance067.txt,Flat-Aug,11120816709.286129,10080,3014,7066,0,935515.9814088931,0.0,
instance067.txt,SA-Mat,166096750363.8175,10080,3014,7066,0,935515.9814088931,0.0,
instance067.txt,Flat-Mat,3559085422.841315,10080,3014,7066,0,935515.9814088931,0.0,
instance067.txt,Ruiz,1270533430761.7913,10080,3014,7066,0,935515.9814088931,0.0,
instance068.txt,Base,593207688471.8771,10080,3917,6163,0,-133087.9201260676,0.00092572439122486,
instance068.txt,SA-Aug,385620262166.50134,10080,3917,6163,0,-133087.9201260676,0.00092572439122486,
instance068.txt,Flat-Aug,19815006034.406364,10080,3917,6163,0,-133087.9201260676,0.00092572439122486,
instance068.txt,SA-Mat,323343287659.02374,10080,3917,6163,0,-133087.9201260676,0.00092572439122486,
instance068.txt,Flat-Mat,6928530384.610757,10080,3917,6163,0,-133087.9201260676,0.00092572439122486,
instance068.txt,Ruiz,850607469357.8597,10080,3917,6163,0,-133087.9201260676,0.00092572439122486,
instance069.txt,Base,570983665269.0376,10080,3950,6130,0,-351752.7956159435,0.0,
instance069.txt,SA-Aug,371169918303.4009,10080,3950,6130,0,-351752.7956159435,0.0,
instance069.txt,Flat-Aug,16283402844.13877,10080,3950,6130,0,-351752.7956159435,0.0,
instance069.txt,SA-Mat,353565263394.93445,10080,3950,6130,0,-351752.7956159435,0.0,
instance069.txt,Flat-Mat,7576120376.922703,10080,3950,6130,0,-351752.7956159435,0.0,
instance069.txt,Ruiz,911576313220.2382,10080,3950,6130,0,-351752.7956159435,0.0,
instance070.txt,Base,557917839918.2317,10080,3927,6153,0,217210.61424990522,0.0,
instance070.txt,SA-Aug,362674731235.0341,10080,3927,6153,0,217210.61424990522,0.0,
instance070.txt,Flat-Aug,22812203819.78915,10080,3927,6153,0,217210.61424990522,0.0,
instance070.txt,SA-Mat,310964021874.7981,10080,3927,6153,0,217210.61424990522,0.0,
instance070.txt,Flat-Mat,6663270141.399439,10080,3927,6153,0,217210.61424990522,0.0,
instance070.txt,Ruiz,972602746381.2892,10080,3927,6153,0,217210.61424990522,0.0,
instance071.txt,Base,404650174087.84045,10080,3993,6087,0,8009275.734057333,0.4072338284187575,
instance071.txt,SA-Aug,387983254076.6922,10080,3993,6087,0,8009275.734057333,0.4072338284187575,
instance071.txt,Flat-Aug,3358765224.3885713,10080,3993,6087,0,8009275.734057333,0.4072338284187575,
instance071.txt,SA-Mat,79345201264.71921,10080,3993,6087,0,8009275.734057333,0.4072338284187575,
instance071.txt,Flat-Mat,1700191897.6446729,10080,3993,6087,0,8009275.734057333,0.4072338284187575,
instance071.txt,Ruiz,725895058009.905,10080,3993,6087,0,8009275.734057333,0.4072338284187575,
instance072.txt,Base,833990054496.9856,10080,3955,6125,0,80624717.62102474,0.0,
instance072.txt,SA-Aug,1087504862255.0658,10080,3955,6125,0,80624717.62102474,0.0,
instance072.txt,Flat-Aug,6277233404.405609,10080,3955,6125,0,80624717.62102474,0.0,
instance072.txt,SA-Mat,145771154249.5781,10080,3955,6125,0,80624717.62102474,0.0,
instance072.txt,Flat-Mat,3119915413.790808,10080,3955,6125,0,80624717.62102474,0.0,
instance072.txt,Ruiz,483573292919.918,10080,3955,6125,0,80624717.62102474,0.0,
instance073.txt,Base,439838112083.65857,10080,3960,6120,0,-1645838.929348668,0.0006160129365332687,
instance073.txt,SA-Aug,268536663128.15625,10080,3960,6120,0,-1645838.929348668,0.0006160129365332687,
instance073.txt,Flat-Aug,11350534410.204248,10080,3960,6120,0,-1645838.929348668,0.0006160129365332687,
instance073.txt,SA-Mat,268536707397.85876,10080,3960,6120,0,-1645838.929348668,0.0006160129365332687,
instance073.txt,Flat-Mat,5754146777.128772,10080,3960,6120,0,-1645838.929348668,0.0006160129365332687,
instance073.txt,Ruiz,768089874960.7615,10080,3960,6120,0,-1645838.929348668,0.0006160129365332687,
instance074.txt,Base,640695668718.619,10080,4131,5949,0,4295894.533186227,0.07965799909330636,
instance074.txt,SA-Aug,695244903398.5319,10080,4131,5949,0,4295894.533186227,0.07965799909330636,
instance074.txt,Flat-Aug,4328922353.874697,10080,4131,5949,0,4295894.533186227,0.07965799909330636,
instance074.txt,SA-Mat,126033556703.54865,10080,4131,5949,0,4295894.533186227,0.07965799909330636,
instance074.txt,Flat-Mat,2700619930.672403,10080,4131,5949,0,4295894.533186227,0.07965799909330636,
instance074.txt,Ruiz,1154799946464.98,10080,4131,5949,0,4295894.533186227,0.07965799909330636,
instance075.txt,Base,335568377177.2357,10080,3979,6101,0,-626567.276480428,0.08399235514450168,
instance075.txt,SA-Aug,294387587055.3812,10080,3979,6101,0,-626567.276480428,0.08399235514450168,
instance075.txt,Flat-Aug,11452183982.039862,10080,3979,6101,0,-626567.276480428,0.08399235514450168,
instance075.txt,SA-Mat,130269706651.38998,10080,3979,6101,0,-626567.276480428,0.08399235514450168,
instance075.txt,Flat-Mat,2791391240.1369643,10080,3979,6101,0,-626567.276480428,0.08399235514450168,
instance075.txt,Ruiz,678188951395.0492,10080,3979,6101,0,-626567.276480428,0.08399235514450168,
instance076.txt,Base,519822215198.4452,10080,3960,6120,0,-2706698.519666487,5.828663560368928e-05,
instance076.txt,SA-Aug,295018097151.295,10080,3960,6120,0,-2706698.519666487,5.828663560368928e-05,
instance076.txt,Flat-Aug,13219660890.353985,10080,3960,6120,0,-2706698.519666487,5.828663560368928e-05,
instance076.txt,SA-Mat,295018126491.8495,10080,3960,6120,0,-2706698.519666487,5.828663560368928e-05,
instance076.txt,Flat-Mat,6321584926.683955,10080,3960,6120,0,-2706698.519666487,5.828663560368928e-05,
instance076.txt,Ruiz,811103834800.0665,10080,3960,6120,0,-2706698.519666487,5.828663560368928e-05,
instance077.txt,Base,992354716513.628,10080,4113,5967,0,410795.6228566334,0.2013809579579888,
instance077.txt,SA-Aug,946857120435.4796,10080,4113,5967,0,410795.6228566334,0.2013809579579888,
instance077.txt,Flat-Aug,6540762263.797978,10080,4113,5967,0,410795.6228566334,0.2013809579579888,
instance077.txt,SA-Mat,172940638577.01807,10080,4113,5967,0,410795.6228566334,0.2013809579579888,
instance077.txt,Flat-Mat,3705734786.6717567,10080,4113,5967,0,410795.6228566334,0.2013809579579888,
instance077.txt,Ruiz,1520716808246.4534,10080,4113,5967,0,410795.6228566334,0.2013809579579888,
instance078.txt,Base,424272460996.23865,10080,3960,6120,0,2039597.2096777207,0.9490230775513918,
instance078.txt,SA-Aug,226993917304.33868,10080,3960,6120,0,2039597.2096777207,0.9490230775513918,
instance078.txt,Flat-Aug,11497362867.981142,10080,3960,6120,0,2039597.2096777207,0.9490230775513918,
instance078.txt,SA-Mat,226993967727.42822,10080,3960,6120,0,2039597.2096777207,0.9490230775513918,
instance078.txt,Flat-Mat,4861210150.874611,10080,3960,6120,0,2039597.2096777207,0.9490230775513918,
instance078.txt,Ruiz,2062767729508.3704,10080,3960,6120,0,2039597.2096777207,0.9490230775513918,
instance079.txt,Base,506123356121.2728,10080,3963,6117,0,-2813222.386513537,0.0009866029495994434,
instance079.txt,SA-Aug,329005197003.4778,10080,3963,6117,0,-2813222.386513537,0.0009866029495994434,
instance079.txt,Flat-Aug,20422513122.68523,10080,3963,6117,0,-2813222.386513537,0.0009866029495994434,
instance079.txt,SA-Mat,238998882478.0778,10080,3963,6117,0,-2813222.386513537,0.0009866029495994434,
instance079.txt,Flat-Mat,5121216621.27587,10080,3963,6117,0,-2813222.386513537,0.0009866029495994434,
instance079.txt,Ruiz,2180995425326.6138,10080,3963,6117,0,-2813222.386513537,0.0009866029495994434,
instance080.txt,Base,461475058913.6157,10080,3962,6118,0,-3972978.262879861,0.0009317600679807849,
instance080.txt,SA-Aug,238651068075.00992,10080,3962,6118,0,-3972978.262879861,0.0009317600679807849,
instance080.txt,Flat-Aug,12170462476.253134,10080,3962,6118,0,-3972978.262879861,0.0009317600679807849,
instance080.txt,SA-Mat,238651107748.24307,10080,3962,6118,0,-3972978.262879861,0.0009317600679807849,
instance080.txt,Flat-Mat,5113764579.2059555,10080,3962,6118,0,-3972978.262879861,0.0009317600679807849,
instance080.txt,Ruiz,1760781361537.933,10080,3962,6118,0,-3972978.262879861,0.0009317600679807849,
instance081.txt,Base,507974025824.0256,10080,3960,6120,0,-2048223.7158012544,0.0007047950268149253,
instance081.txt,SA-Aug,304468798124.03546,10080,3960,6120,0,-2048223.7158012544,0.0007047950268149253,
instance081.txt,Flat-Aug,12523862305.341421,10080,3960,6120,0,-2048223.7158012544,0.0007047950268149253,
instance081.txt,SA-Mat,304468828404.5495,10080,3960,6120,0,-2048223.7158012544,0.0007047950268149253,
instance081.txt,Flat-Mat,6524092533.482002,10080,3960,6120,0,-2048223.7158012544,0.0007047950268149253,
instance081.txt,Ruiz,841168972419.1693,10080,3960,6120,0,-2048223.7158012544,0.0007047950268149253,
instance082.txt,Base,414284774596.3916,10080,4011,6069,0,-3359643.118939017,0.0006732526017234274,
instance082.txt,SA-Aug,215993190174.96362,10080,4011,6069,0,-3359643.118939017,0.0006732526017234274,
instance082.txt,Flat-Aug,6373456457.359798,10080,4011,6069,0,-3359643.118939017,0.0006732526017234274,
instance082.txt,SA-Mat,84793749427.86179,10080,4011,6069,0,-3359643.118939017,0.0006732526017234274,
instance082.txt,Flat-Mat,1816942215.159096,10080,4011,6069,0,-3359643.118939017,0.0006732526017234274,
instance082.txt,Ruiz,330426771285.66705,10080,4011,6069,0,-3359643.118939017,0.0006732526017234274,
instance083.txt,Base,1098673047207.6027,10080,4038,6042,0,135461119.2270134,0.9128149117799808,
instance083.txt,SA-Aug,877574367320.6969,10080,4038,6042,0,135461119.2270134,0.9128149117799808,
instance083.txt,Flat-Aug,13505841619.456884,10080,4038,6042,0,135461119.2270134,0.9128149117799808,
instance083.txt,SA-Mat,222552665259.55704,10080,4038,6042,0,135461119.2270134,0.9128149117799808,
instance083.txt,Flat-Mat,4768810617.936808,10080,4038,6042,0,135461119.2270134,0.9128149117799808,
instance083.txt,Ruiz,1718608109552.5112,10080,4038,6042,0,135461119.2270134,0.9128149117799808,
instance090.txt,Base,6037566364291.462,10080,3952,6128,0,1350598.7365991606,0.0,
instance090.txt,SA-Aug,2629961179421.398,10080,3952,6128,0,1350598.7365991606,0.0,
instance090.txt,Flat-Aug,16996506115.14409,10080,3952,6128,0,1350598.7365991606,0.0,
instance090.txt,SA-Mat,2629970986114.112,10080,3952,6128,0,1350598.7365991606,0.0,
instance090.txt,Flat-Mat,56354452321.74378,10080,3952,6128,0,1350598.7365991606,0.0,
instance090.txt,Ruiz,1601548084539.0635,10080,3952,6128,0,1350598.7365991606,0.0,
instance091.txt,Base,584372513862.075,10080,3952,6128,0,410400.1389754718,0.0,
instance091.txt,SA-Aug,379874847091.63293,10080,3952,6128,0,410400.1389754718,0.0,
instance091.txt,Flat-Aug,17202259118.732758,10080,3952,6128,0,410400.1389754718,0.0,
instance091.txt,SA-Mat,356392559975.1932,10080,3952,6128,0,410400.1389754718,0.0,
instance091.txt,Flat-Mat,7636703079.611387,10080,3952,6128,0,410400.1389754718,0.0,
instance091.txt,Ruiz,895955974359.7018,10080,3952,6128,0,410400.1389754718,0.0,
instance092.txt,Base,443188176843.64954,10080,3717,6363,0,12389020.71811038,0.0,
instance092.txt,SA-Aug,576246486924.8207,10080,3717,6363,0,12389020.71811038,0.0,
instance092.txt,Flat-Aug,4297135468.662442,10080,3717,6363,0,12389020.71811038,0.0,
instance092.txt,SA-Mat,174707508232.83347,10080,3717,6363,0,12389020.71811038,0.0,
instance092.txt,Flat-Mat,3741867913.2457266,10080,3717,6363,0,12389020.71811038,0.0,
instance092.txt,Ruiz,1255388301197.324,10080,3717,6363,0,12389020.71811038,0.0,
instance093.txt,Base,393947631785.7066,10080,3852,6228,0,20997878.618757173,0.8350852887510127,
instance093.txt,SA-Aug,211166286838.6791,10080,3852,6228,0,20997878.618757173,0.8350852887510127,
instance093.txt,Flat-Aug,9354778453.624666,10080,3852,6228,0,20997878.618757173,0.8350852887510127,
instance093.txt,SA-Mat,211166323775.22757,10080,3852,6228,0,20997878.618757173,0.8350852887510127,
instance093.txt,Flat-Mat,4522684011.320873,10080,3852,6228,0,20997878.618757173,0.8350852887510127,
instance093.txt,Ruiz,1685810247929.7412,10080,3852,6228,0,20997878.618757173,0.8350852887510127,
instance094.txt,Base,508797075394.1969,10080,3960,6120,0,13041037.396621669,0.9324922522034989,
instance094.txt,SA-Aug,330741158984.1304,10080,3960,6120,0,13041037.396621669,0.9324922522034989,
instance094.txt,Flat-Aug,16387833855.340876,10080,3960,6120,0,13041037.396621669,0.9324922522034989,
instance094.txt,SA-Mat,283583645534.48486,10080,3960,6120,0,13041037.396621669,0.9324922522034989,
instance094.txt,Flat-Mat,6076569329.425298,10080,3960,6120,0,13041037.396621669,0.9324922522034989,
instance094.txt,Ruiz,2259899090212.781,10080,3960,6120,0,13041037.396621669,0.9324922522034989,
instance095.txt,Base,502967064927.3558,10080,3960,6120,0,-297802.402506928,0.0009670241526643252,
instance095.txt,SA-Aug,291294874277.3391,10080,3960,6120,0,-297802.402506928,0.0009670241526643252,
instance095.txt,Flat-Aug,12482170566.930359,10080,3960,6120,0,-297802.402506928,0.0009670241526643252,
instance095.txt,SA-Mat,291294904075.55054,10080,3960,6120,0,-297802.402506928,0.0009670241526643252,
instance095.txt,Flat-Mat,6241804517.983484,10080,3960,6120,0,-297802.402506928,0.0009670241526643252,
instance095.txt,Ruiz,913977800346.6788,10080,3960,6120,0,-297802.402506928,0.0009670241526643252,
instance096.txt,Base,438370947058.9626,10080,3990,6090,0,1472070.2146412153,1.581654470949383e-16,
instance096.txt,SA-Aug,420314692581.62256,10080,3990,6090,0,1472070.2146412153,1.581654470949383e-16,
instance096.txt,Flat-Aug,6204093650.537969,10080,3990,6090,0,1472070.2146412153,1.581654470949383e-16,
instance096.txt,SA-Mat,139724530768.46112,10080,3990,6090,0,1472070.2146412153,1.581654470949383e-16,
instance096.txt,Flat-Mat,2993987176.643178,10080,3990,6090,0,1472070.2146412153,1.581654470949383e-16,
instance096.txt,Ruiz,464051891499.4008,10080,3990,6090,0,1472070.2146412153,1.581654470949383e-16,
