instancia,variante,status,rc,tiempo_solver_s,gap_pct,objetivo_solver,objetivo_post,status_solver,best_bound,nodos_explorados,iter_simplex,presolve_time_s,rows_cargadas,cols_cargadas,nz_cargados,rows_presolved,cols_presolved,nz_presolved,reduccion_rows_pct,reduccion_cols_pct,reduccion_nz_pct,solver_warnings,solver_warnings_txt,matrix_min,matrix_max,objective_min,objective_max,rhs_min,rhs_max,bounds_min,bounds_max,matrix_range_ratio_vs_base,objective_range_ratio_vs_base,rhs_range_ratio_vs_base,bounds_range_ratio_vs_base,kappa_antes,kappa_despues,rho_antes,rho_despues,tiempo_preprocesamiento_s,tiempo_total_s,speedup_vs_base,speedup_solver_vs_base,speedup_total_vs_base,overhead_preprocesamiento_vs_base,ratio_preproc_solver,gap_delta_vs_base,obj_solver_delta_vs_base,obj_solver_rel_delta_vs_base,obj_post_delta_vs_base,obj_post_rel_delta_vs_base,matrix_kappa_ratio_vs_base,kappa_proxy_ratio,kappa_solver,kappa_solver_exact,kappa_solver_ratio_vs_base,work_units,dettime_ticks,root_gap,root_time,tiempo_determinista,speedup_det_vs_base,primal_integral,kappa_arbol_max,kappa_attention,kappa_stable_frac,kappa_suspicious_frac,kappa_unstable_frac,kappa_illposed_frac,kappa_arbol_max_ratio_vs_base,mip_equivalente,post_factible,solver_max_viol,solver_int_viol,solver_obj_diff,post_max_viol,post_int_viol,verif_solver_avg_viol,verif_solver_p95_viol,verif_solver_p99_viol,verif_solver_max_viol_rel,verif_post_avg_viol,verif_post_p95_viol,verif_post_p99_viol,verif_post_max_viol_rel,verif_solver_max_le,verif_solver_max_ge,verif_solver_max_eq,verif_solver_max_lb,verif_solver_max_ub,verif_solver_max_int,verif_solver_viol_le_count,verif_solver_viol_ge_count,verif_solver_viol_eq_count,verif_solver_viol_lb_count,verif_solver_viol_ub_count,verif_solver_viol_int_count,verif_solver_missing,verif_solver_obj_original,verif_post_max_le,verif_post_max_ge,verif_post_max_eq,verif_post_max_lb,verif_post_max_ub,verif_post_max_int,verif_post_viol_le_count,verif_post_viol_ge_count,verif_post_viol_eq_count,verif_post_viol_lb_count,verif_post_viol_ub_count,verif_post_viol_int_count,verif_post_missing,verif_post_obj_original,obj_original_variante,abs_obj_diff_vs_base,rel_obj_diff_vs_base,sentido_obj_vs_base,best_bound_delta_vs_base,equivalente_vs_base,max_diff_post_csv,diffs_post_csv,csv,csv_post,log
instance001.txt,base,OK,0,3601.472066139,9.243715899518309,222314.78961957042,222315.0,TIME_LIMIT,201764.6420645255,192303.0,44504554.0,0.43,23763.0,16561.0,57555.0,20118.0,14390.0,52066.0,15.33897235197576,13.109111768613007,9.536964642515855,4,Model contains large bounds | Model contains large matrix coefficient range | Model contains large rhs | max constraint violation (1.8757e-06) exceeds tolerance,0.0007,10000000000.0,0.0004,100.0,5.0,10000000000.0,1.0,10000000000.0,,,,,,,,,0.0,3601.472066139,1.0,1.0,1.0,0.0,0.0,0.0,,,0.0,,,,3840936.649436,,,5208.937103,,0.442202,21.862051,5208.937103,1.0,0.179953103343131,,,,,,,,BASE,BASE,,,,,,2.325557209692e-09,5.6843418860808e-14,7.2354450821877e-08,9.5367431640625e-07,355552.313092545,3.62240067559768,9051556.17217033,96488932.9075611,1.81898940354586e-11,0.0,1.87568366527557e-06,0.0,0.0,0.0,0.0,0.0,1.0,0.0,0.0,0.0,0.0,222314.78961957,32.4870649184558,6017.60146691959,96488932.9075611,0.0,0.0,0.0,882.0,290.0,1160.0,0.0,0.0,0.0,0.0,222314.78961957,,,,,,BASE,0.0,0,/clusteruy/home/mathiasr/generator-aware-row-scaling/results-revision/r1-internal-scaling/full-gurobi-01pct/base-scaleflag2/resultados/instance001_base.csv,/clusteruy/home/mathiasr/generator-aware-row-scaling/results-revision/r1-internal-scaling/full-gurobi-01pct/base-scaleflag2/resultados/instance001_base_postprocesado.csv,/clusteruy/home/mathiasr/generator-aware-row-scaling/results-revision/r1-internal-scaling/full-gurobi-01pct/base-scaleflag2/logs/instance001_base.log
instance002.txt,base,OK,0,1939.674701346,0.036039659590477,1094187.6117155163,1094190.0,OPTIMAL,1093793.2702249729,73331.0,67339319.0,0.48,23763.0,16561.0,57555.0,20072.0,14325.0,52134.0,15.532550603879981,13.501600144918784,9.418816783945791,4,Model contains large bounds | Model contains large matrix coefficient range | Model contains large rhs | max constraint violation (1.0461e-06) exceeds tolerance,0.0006,10000000000.0,0.0005,100.0,5.0,10000000000.0,1.0,10000000000.0,,,,,,,,,0.0,1939.674701346,1.0,1.0,1.0,0.0,0.0,0.0,,,0.0,,,,419207.195581,,,3205.399007,,0.091904,22.134172,3205.399007,1.0,0.022061708234412,,,,,,,,BASE,BASE,,,,,,2.32850401815974e-09,6.03961325396085e-14,7.66781158745297e-08,1.04610808193684e-06,549905.458730963,2.66659349288616,16749034.554003,114246476.481718,7.27595761418343e-12,0.0,1.04610808193684e-06,0.0,0.0,0.0,0.0,0.0,1.0,0.0,0.0,0.0,0.0,1094187.61171552,33.2544996445657,8460.61218346888,114246476.481718,0.0,0.0,0.0,269.0,384.0,1088.0,0.0,0.0,0.0,0.0,1094187.61171552,,,,,,BASE,0.0,0,/clusteruy/home/mathiasr/generator-aware-row-scaling/results-revision/r1-internal-scaling/full-gurobi-01pct/base-scaleflag2/resultados/instance002_base.csv,/clusteruy/home/mathiasr/generator-aware-row-scaling/results-revision/r1-internal-scaling/full-gurobi-01pct/base-scaleflag2/resultados/instance002_base_postprocesado.csv,/clusteruy/home/mathiasr/generator-aware-row-scaling/results-revision/r1-internal-scaling/full-gurobi-01pct/base-scaleflag2/logs/instance002_base.log
instance003.txt,base,OK,0,3601.087992065,18.84238908583776,90963.14117399743,90963.1,TIME_LIMIT,73823.51218929295,307525.0,86397024.0,0.31,23763.0,16561.0,57555.0,20206.0,14480.0,50642.0,14.968648739637251,12.565666324497313,12.011119798453652,4,Model contains large bounds | Model contains large matrix coefficient range | Model contains large rhs | max constraint violation (2.2603e-06) exceeds tolerance,0.0003,10000000000.0,0.0005,100.0,5.0,10000000000.0,1.0,10000000000.0,,,,,,,,,0.0,3601.087992065,1.0,1.0,1.0,0.0,0.0,0.0,,,0.0,,,,1353874.406829,,,5666.029833,,0.889166,15.516623,5666.029833,1.0,0.27540378368042,,,,,,,,BASE,BASE,,,,,,1.87844153815307e-09,3.54383189460331e-14,5.58793544769287e-08,1.89058482646942e-07,589913.355095419,6.77935194243067,11395834.9587704,148644165.438989,3.63797880709171e-12,0.0,2.26031988859177e-06,0.0,0.0,0.0,0.0,0.0,3.0,0.0,0.0,0.0,0.0,90963.1411739974,43.8010731399294,13788.1189650823,148644165.438989,0.0,0.0,0.0,754.0,410.0,1072.0,0.0,0.0,0.0,0.0,90963.1411739974,,,,,,BASE,0.0,0,/clusteruy/home/mathiasr/generator-aware-row-scaling/results-revision/r1-internal-scaling/full-gurobi-01pct/base-scaleflag2/resultados/instance003_base.csv,/clusteruy/home/mathiasr/generator-aware-row-scaling/results-revision/r1-internal-scaling/full-gurobi-01pct/base-scaleflag2/resultados/instance003_base_postprocesado.csv,/clusteruy/home/mathiasr/generator-aware-row-scaling/results-revision/r1-internal-scaling/full-gurobi-01pct/base-scaleflag2/logs/instance003_base.log
instance004.txt,base,OK,0,196.293433636,0.098746780163226,-2603532.569194111,-2603530.0,OPTIMAL,-2606103.473776691,3501.0,1351047.0,0.47,23763.0,16561.0,57555.0,20109.0,14334.0,52030.0,15.376846357783108,13.447255600507216,9.599513508817653,3,Model contains large bounds | Model contains large matrix coefficient range | Model contains large rhs,0.0006,10000000000.0,0.0007,100.0,5.0,8000000000.0,1.0,10000000000.0,,,,,,,,,0.0,196.293433636,1.0,1.0,1.0,0.0,0.0,0.0,,,0.0,,,,281167.096687,,,311.373788,,0.063826,10.785302,311.373788,1.0,0.049275776416568,,,,,,,,BASE,BASE,,,,,,1.88539639766067e-09,2.1316282072803e-14,6.70552253723145e-08,4.76837158203125e-07,281663.630872944,38.6957475484119,8614845.98934688,167381015.802371,2.18278728425503e-11,0.0,9.3504786491394e-07,0.0,0.0,0.0,0.0,0.0,0.0,0.0,0.0,0.0,0.0,-2603532.56919411,111.904945015963,16788.5422608431,167381015.802371,0.0,0.0,0.0,2620.0,453.0,1061.0,0.0,0.0,0.0,0.0,-2603532.56919411,,,,,,BASE,0.0,0,/clusteruy/home/mathiasr/generator-aware-row-scaling/results-revision/r1-internal-scaling/full-gurobi-01pct/base-scaleflag2/resultados/instance004_base.csv,/clusteruy/home/mathiasr/generator-aware-row-scaling/results-revision/r1-internal-scaling/full-gurobi-01pct/base-scaleflag2/resultados/instance004_base_postprocesado.csv,/clusteruy/home/mathiasr/generator-aware-row-scaling/results-revision/r1-internal-scaling/full-gurobi-01pct/base-scaleflag2/logs/instance004_base.log
instance005.txt,base,OK,0,328.411709903,9.4e-14,-1493580.135987109,-1493580.0,OPTIMAL,-1493580.1359871104,14654.0,3704635.0,0.39,23763.0,16561.0,57555.0,18803.0,13693.0,48664.0,20.87278542271599,17.317794819153434,15.447832508035791,3,Model contains large bounds | Model contains large matrix coefficient range | Model contains large rhs,0.0005,10000000000.0,0.001,100.0,5.0,10000000000.0,1.0,10000000000.0,,,,,,,,,0.0,328.411709903,1.0,1.0,1.0,0.0,0.0,0.0,,,0.0,,,,915643.868892,,,449.403584,,0.262605,7.89445,449.403584,1.0,0.194054281715096,,,,,,,,BASE,BASE,,,,,,3.63678848510898e-09,5.6843418860808e-14,1.26659870147705e-07,9.5367431640625e-07,422329.73497372,16.3178437458936,8742202.8073175,148462826.982498,1.45519152283669e-11,1.86264514923096e-09,9.5367431640625e-07,0.0,0.0,0.0,0.0,0.0,0.0,0.0,0.0,0.0,0.0,-1493580.13598711,131.604320707869,23467.7584518654,148462826.982498,0.0,0.0,0.0,2029.0,437.0,1132.0,0.0,0.0,0.0,0.0,-1493580.13598711,,,,,,BASE,0.0,0,/clusteruy/home/mathiasr/generator-aware-row-scaling/results-revision/r1-internal-scaling/full-gurobi-01pct/base-scaleflag2/resultados/instance005_base.csv,/clusteruy/home/mathiasr/generator-aware-row-scaling/results-revision/r1-internal-scaling/full-gurobi-01pct/base-scaleflag2/resultados/instance005_base_postprocesado.csv,/clusteruy/home/mathiasr/generator-aware-row-scaling/results-revision/r1-internal-scaling/full-gurobi-01pct/base-scaleflag2/logs/instance005_base.log
instance009.txt,base,OK,0,84.036787202,0.070524375611052,-11203740.714345878,-11203700.0,OPTIMAL,-11211642.082529752,3547.0,831148.0,0.41,23763.0,16561.0,57555.0,18816.0,13851.0,48496.0,20.818078525438708,16.36374615059477,15.739727217444184,3,Model contains large bounds | Model contains large matrix coefficient range | Model contains large rhs,0.0007,10000000000.0,0.002,100.0,5.0,9000000000.0,1.0,10000000000.0,,,,,,,,,0.0,84.036787202,1.0,1.0,1.0,0.0,0.0,0.0,,,0.0,,,,144292.228781,,,121.16544,,0.02218,7.883895,121.16544,1.0,0.051455714641363,,,,,,,,BASE,BASE,,,,,,2.55549275168799e-09,7.105427357601e-15,7.07805156707764e-08,3.72529029846191e-09,160876.735426511,20.8109635829174,8508571.84385338,17312083.7079268,1.45519152283669e-11,0.0,9.23871994018555e-07,0.0,0.0,0.0,0.0,0.0,0.0,0.0,0.0,0.0,0.0,-11203740.7143459,675.879507060868,16795.3001435552,17312083.7079268,0.0,0.0,0.0,2087.0,467.0,916.0,0.0,0.0,0.0,0.0,-11203740.7143459,,,,,,BASE,0.0,0,/clusteruy/home/mathiasr/generator-aware-row-scaling/results-revision/r1-internal-scaling/full-gurobi-01pct/base-scaleflag2/resultados/instance009_base.csv,/clusteruy/home/mathiasr/generator-aware-row-scaling/results-revision/r1-internal-scaling/full-gurobi-01pct/base-scaleflag2/resultados/instance009_base_postprocesado.csv,/clusteruy/home/mathiasr/generator-aware-row-scaling/results-revision/r1-internal-scaling/full-gurobi-01pct/base-scaleflag2/logs/instance009_base.log
instance010.txt,base,OK,0,24.339280642,0.073060479300203,-17509834.007470775,-17509800.0,OPTIMAL,-17522626.776121303,1081.0,52011.0,0.42,23763.0,16561.0,57555.0,21063.0,14955.0,53735.0,11.362201742204267,9.69748203610893,6.637129702024151,3,Model contains large bounds | Model contains large matrix coefficient range | Model contains large rhs,0.0006,10000000000.0,0.0001,100.0,5.0,10000000000.0,1.0,10000000000.0,,,,,,,,,0.0,24.339280642,1.0,1.0,1.0,0.0,0.0,0.0,,,0.0,,,,24685.960835,,,25.183717,,0.005297,7.982338,25.183717,1.0,0.094525743266886,,,,,,,,BASE,BASE,,,,,,1.00066779038231e-09,2.1316282072803e-14,3.53902578353882e-08,1.26659870147705e-07,460363.337596265,8.89910282763275,16112725.2613743,137364221.85667,9.09494701772928e-13,7.45058059692383e-09,4.76837158203125e-07,0.0,0.0,0.0,0.0,0.0,0.0,0.0,0.0,0.0,0.0,-17509834.0074708,727.088255479648,14097.6388027793,137364221.85667,0.0,0.0,0.0,714.0,414.0,907.0,0.0,0.0,0.0,0.0,-17509834.0074708,,,,,,BASE,0.0,0,/clusteruy/home/mathiasr/generator-aware-row-scaling/results-revision/r1-internal-scaling/full-gurobi-01pct/base-scaleflag2/resultados/instance010_base.csv,/clusteruy/home/mathiasr/generator-aware-row-scaling/results-revision/r1-internal-scaling/full-gurobi-01pct/base-scaleflag2/resultados/instance010_base_postprocesado.csv,/clusteruy/home/mathiasr/generator-aware-row-scaling/results-revision/r1-internal-scaling/full-gurobi-01pct/base-scaleflag2/logs/instance010_base.log
instance011.txt,base,OK,0,288.549285167,0.096428036312248,-4636287.095594285,-4636290.0,OPTIMAL,-4640757.776198365,8335.0,3972639.0,0.41,23763.0,16561.0,57555.0,19621.0,14209.0,50806.0,17.430459117114843,14.20204093955679,11.726174963078794,3,Model contains large bounds | Model contains large matrix coefficient range | Model contains large rhs,0.0006,10000000000.0,0.0003,100.0,5.0,10000000000.0,1.0,10000000000.0,,,,,,,,,0.0,288.549285167,1.0,1.0,1.0,0.0,0.0,0.0,,,0.0,,,,591742.709929,,,402.440307,,0.030539,11.680617,402.440307,1.0,0.019622571859815,,,,,,,,BASE,BASE,,,,,,1.64489678576168e-09,2.48689957516035e-14,4.67430800199513e-08,1.73225998878479e-07,253219.650070223,7.00423199432143,13495359.4184881,115650364.002059,2.38418579101562e-07,1.11758708953857e-08,9.74163413047791e-07,4.05634636990726e-10,0.0,0.0,0.0,0.0,0.0,0.0,0.0,0.0,0.0,-4636287.09559428,1403.84687310205,16538.6755785889,115650364.002059,4.05634636990726e-10,0.0,0.0,843.0,422.0,847.0,0.0,0.0,0.0,0.0,-4636287.09559428,,,,,,BASE,0.0,0,/clusteruy/home/mathiasr/generator-aware-row-scaling/results-revision/r1-internal-scaling/full-gurobi-01pct/base-scaleflag2/resultados/instance011_base.csv,/clusteruy/home/mathiasr/generator-aware-row-scaling/results-revision/r1-internal-scaling/full-gurobi-01pct/base-scaleflag2/resultados/instance011_base_postprocesado.csv,/clusteruy/home/mathiasr/generator-aware-row-scaling/results-revision/r1-internal-scaling/full-gurobi-01pct/base-scaleflag2/logs/instance011_base.log
instance012.txt,base,OK,0,659.131458561,0.099769989142645,-6085315.685668003,-6085320.0,OPTIMAL,-6091387.004466889,41386.0,10496023.0,0.33,23763.0,16561.0,57555.0,21467.0,15092.0,54625.0,9.66207970374111,8.870237304510598,5.090782729563027,4,Model contains large bounds | Model contains large matrix coefficient range | Model contains large rhs | max constraint violation (2.6226e-06) exceeds tolerance,0.0007,9000000000.0,0.0001,100.0,5.0,6000000000.0,1.0,10000000000.0,,,,,,,,,0.0,659.131458561,1.0,1.0,1.0,0.0,0.0,0.0,,,0.0,,,,136216.364161,,,957.990473,,0.050087,14.492946,957.990473,1.0,0.028244078622798,,,,,,,,BASE,BASE,,,,,,2.23467813638598e-09,4.9737991503207e-14,6.33299350738525e-08,2.51457095146179e-07,210581.284106499,2.6949453941859,14061619.8518823,38809706.483564,1.45519152283669e-11,0.0,2.62260437011719e-06,0.0,0.0,0.0,0.0,0.0,4.0,0.0,0.0,0.0,0.0,-6085315.685668,163.93516383606,317.945801457798,38809706.483564,0.0,0.0,0.0,955.0,17.0,900.0,0.0,0.0,0.0,0.0,-6085315.685668,,,,,,BASE,0.0,0,/clusteruy/home/mathiasr/generator-aware-row-scaling/results-revision/r1-internal-scaling/full-gurobi-01pct/base-scaleflag2/resultados/instance012_base.csv,/clusteruy/home/mathiasr/generator-aware-row-scaling/results-revision/r1-internal-scaling/full-gurobi-01pct/base-scaleflag2/resultados/instance012_base_postprocesado.csv,/clusteruy/home/mathiasr/generator-aware-row-scaling/results-revision/r1-internal-scaling/full-gurobi-01pct/base-scaleflag2/logs/instance012_base.log
instance014.txt,base,OK,0,1.441097689,0.000158374709012,-1696763.9803202585,-1696760.0,OPTIMAL,-1696766.667565275,1.0,11428.0,0.34,23763.0,16561.0,57555.0,20032.0,14356.0,52245.0,15.700879518579304,13.314413380834491,9.225957779515246,3,Model contains large bounds | Model contains large matrix coefficient range | Model contains large rhs,0.0005,4000000000.0,0.0001,100.0,5.0,4000000000.0,1.0,10000000000.0,,,,,,,,,0.0,1.441097689,1.0,1.0,1.0,0.0,0.0,0.0,,,0.0,,,,55625.441577,,,1.175055,,0.020971,1.228872,1.175055,1.0,0.456387637871062,,,,,,,,BASE,BASE,,,,,,1.35619127965285e-09,0.0,4.4703483581543e-08,2.19792127609253e-07,622626.090494524,4.73744371060407,16963247.3127848,415204686.899483,2.38418579101562e-07,1.86264514923096e-09,4.76837158203125e-07,3.44316181350085e-09,0.0,1.88737914186277e-15,0.0,0.0,0.0,0.0,0.0,0.0,0.0,-1696763.98032026,8627.32174778026,4995.7612987996,415204686.899483,3.44316181350085e-09,0.0,1.88737914186277e-15,892.0,9.0,927.0,0.0,0.0,0.0,0.0,-1696763.98032026,,,,,,BASE,0.0,0,/clusteruy/home/mathiasr/generator-aware-row-scaling/results-revision/r1-internal-scaling/full-gurobi-01pct/base-scaleflag2/resultados/instance014_base.csv,/clusteruy/home/mathiasr/generator-aware-row-scaling/results-revision/r1-internal-scaling/full-gurobi-01pct/base-scaleflag2/resultados/instance014_base_postprocesado.csv,/clusteruy/home/mathiasr/generator-aware-row-scaling/results-revision/r1-internal-scaling/full-gurobi-01pct/base-scaleflag2/logs/instance014_base.log
instance019.txt,base,OK,0,285.258094342,0.089177156781289,-1406022.2953262967,-1406020.0,OPTIMAL,-1407276.1460329797,37463.0,4240359.0,0.45,23763.0,16561.0,57555.0,20959.0,14895.0,53768.0,11.799856920422506,10.059778998852726,6.579793241247502,4,Model contains large bounds | Model contains large matrix coefficient range | Model contains large rhs | max constraint violation (3.1255e-06) exceeds tolerance,0.0005,10000000000.0,0.0001,100.0,5.0,7000000000.0,1.0,10000000000.0,,,,,,,,,0.0,285.258094342,1.0,1.0,1.0,0.0,0.0,0.0,,,0.0,,,,4.618767652415322e+16,,,401.60076,,0.008456,9.611469,401.60076,1.0,0.01288788399555,,,,,,,,BASE,BASE,,,,,,2.8036389152983e-09,3.19744231092045e-14,9.68575477600098e-08,1.30385160446167e-08,221081.149189895,4.65677807327174,14351205.2461349,15758261.7918625,1.81898940354586e-11,0.0,3.12551856040955e-06,0.0,0.0,0.0,0.0,0.0,5.0,0.0,0.0,0.0,0.0,-1406022.2953263,73.6616718641151,981.447491849773,15758261.7918625,0.0,0.0,0.0,2500.0,138.0,950.0,0.0,0.0,0.0,0.0,-1406022.2953263,,,,,,BASE,0.0,0,/clusteruy/home/mathiasr/generator-aware-row-scaling/results-revision/r1-internal-scaling/full-gurobi-01pct/base-scaleflag2/resultados/instance019_base.csv,/clusteruy/home/mathiasr/generator-aware-row-scaling/results-revision/r1-internal-scaling/full-gurobi-01pct/base-scaleflag2/resultados/instance019_base_postprocesado.csv,/clusteruy/home/mathiasr/generator-aware-row-scaling/results-revision/r1-internal-scaling/full-gurobi-01pct/base-scaleflag2/logs/instance019_base.log
instance020.txt,base,OK,0,35.41821101,0.097238288514583,-848079.1935643448,-848079.0,OPTIMAL,-848903.851257415,2538.0,235191.0,0.44,23763.0,16561.0,57555.0,21018.0,14930.0,54056.0,11.551571771241004,9.848439103918846,6.0794023108331166,4,Model contains large bounds | Model contains large matrix coefficient range | Model contains large rhs | max constraint violation (1.6689e-06) exceeds tolerance,0.0002,8000000000.0,0.0001,100.0,5.0,7000000000.0,1.0,10000000000.0,,,,,,,,,0.0,35.41821101,1.0,1.0,1.0,0.0,0.0,0.0,,,0.0,,,,87709.447457,,,45.442456,,0.002035,7.123737,45.442456,1.0,0.081399546534296,,,,,,,,BASE,BASE,,,,,,2.71232389260624e-09,1.4210854715202e-14,1.06589868664744e-07,3.17855748462954e-08,239858.34497873,8.65889421005336,15115161.043974,16972502.6163077,3.17855748462954e-08,0.0,1.66893005371094e-06,8.6003005416305e-10,0.0,0.0,0.0,0.0,6.0,0.0,0.0,0.0,0.0,-848079.193564345,124.955921458107,171.685313710419,16972502.6163077,8.6003005416305e-10,0.0,0.0,2817.0,16.0,869.0,0.0,0.0,0.0,0.0,-848079.193564345,,,,,,BASE,0.0,0,/clusteruy/home/mathiasr/generator-aware-row-scaling/results-revision/r1-internal-scaling/full-gurobi-01pct/base-scaleflag2/resultados/instance020_base.csv,/clusteruy/home/mathiasr/generator-aware-row-scaling/results-revision/r1-internal-scaling/full-gurobi-01pct/base-scaleflag2/resultados/instance020_base_postprocesado.csv,/clusteruy/home/mathiasr/generator-aware-row-scaling/results-revision/r1-internal-scaling/full-gurobi-01pct/base-scaleflag2/logs/instance020_base.log
instance021.txt,base,OK,0,503.891449686,0.097164525129343,-667361.88443946,-667362.0,OPTIMAL,-668010.3234453698,55368.0,9603517.0,0.5,23763.0,16561.0,57555.0,20000.0,14429.0,51785.0,15.835542650338763,12.873618742829539,10.025193293371558,3,Model contains large bounds | Model contains large matrix coefficient range | Model contains large rhs,0.0002,10000000000.0,0.0001,100.0,5.0,8000000000.0,1.0,10000000000.0,,,,,,,,,0.0,503.891449686,1.0,1.0,1.0,0.0,0.0,0.0,,,0.0,,,,233089.19417,,,704.478542,,0.017772,9.29984,704.478542,1.0,0.007959030198348,,,,,,,,BASE,BASE,,,,,,1.74592085562263e-09,3.10862446895044e-14,5.21540641784668e-08,8.51470716156655e-08,194112.623045544,5.13049029758449,12131217.1100566,14463814.4941243,2.18278728425503e-11,9.31322574615479e-10,5.81145286560059e-07,0.0,0.0,0.0,0.0,0.0,0.0,0.0,0.0,0.0,0.0,-667361.88443946,63.5719406516815,2179.72874899139,14463814.4941243,0.0,0.0,0.0,2523.0,140.0,962.0,0.0,0.0,0.0,0.0,-667361.88443946,,,,,,BASE,0.0,0,/clusteruy/home/mathiasr/generator-aware-row-scaling/results-revision/r1-internal-scaling/full-gurobi-01pct/base-scaleflag2/resultados/instance021_base.csv,/clusteruy/home/mathiasr/generator-aware-row-scaling/results-revision/r1-internal-scaling/full-gurobi-01pct/base-scaleflag2/resultados/instance021_base_postprocesado.csv,/clusteruy/home/mathiasr/generator-aware-row-scaling/results-revision/r1-internal-scaling/full-gurobi-01pct/base-scaleflag2/logs/instance021_base.log
instance022.txt,base,OK,0,376.163662584,0.094270263192018,-533105.469692028,-533105.0,OPTIMAL,-533608.0296213977,11386.0,3351728.0,0.45,23763.0,16561.0,57555.0,19857.0,14431.0,51208.0,16.43731852038884,12.861542177404747,11.027712622708714,4,Model contains large bounds | Model contains large matrix coefficient range | Model contains large rhs | max constraint violation (1.7658e-06) exceeds tolerance,0.0002,10000000000.0,0.0001,100.0,5.0,10000000000.0,1.0,10000000000.0,,,,,,,,,0.0,376.163662584,1.0,1.0,1.0,0.0,0.0,0.0,,,0.0,,,,2084698.662749,,,569.529923,,0.021076,12.893909,569.529923,1.0,0.01793455001425,,,,,,,,BASE,BASE,,,,,,2.77169713627699e-09,3.5527136788005e-14,1.00759789347649e-07,2.05822288990021e-07,320976.099293057,11.4812754093208,8982901.3945269,117257630.512692,2.91038304567337e-11,1.86264514923096e-09,1.76578760147095e-06,0.0,0.0,0.0,0.0,0.0,4.0,0.0,0.0,0.0,0.0,-533105.469692028,280.521094975426,12668.2599697992,117257630.512692,0.0,0.0,0.0,1905.0,369.0,1003.0,0.0,0.0,0.0,0.0,-533105.469692028,,,,,,BASE,0.0,0,/clusteruy/home/mathiasr/generator-aware-row-scaling/results-revision/r1-internal-scaling/full-gurobi-01pct/base-scaleflag2/resultados/instance022_base.csv,/clusteruy/home/mathiasr/generator-aware-row-scaling/results-revision/r1-internal-scaling/full-gurobi-01pct/base-scaleflag2/resultados/instance022_base_postprocesado.csv,/clusteruy/home/mathiasr/generator-aware-row-scaling/results-revision/r1-internal-scaling/full-gurobi-01pct/base-scaleflag2/logs/instance022_base.log
instance023.txt,base,OK,0,11.910867785,0.0,-320152.2245364906,-320152.0,OPTIMAL,-320152.2245364906,1.0,24076.0,0.47,23763.0,16561.0,57555.0,19782.0,14242.0,51696.0,16.75293523545007,14.002777610047703,10.17982799061767,4,Model contains large bounds | Model contains large matrix coefficient range | Model contains large rhs | max constraint violation (1.3503e-06) exceeds tolerance,0.0002,10000000000.0,0.0002,100.0,5.0,10000000000.0,1.0,10000000000.0,,,,,,,,,0.0,11.910867785,1.0,1.0,1.0,0.0,0.0,0.0,,,0.0,,,,792637.047934,,,10.065979,,0.045778,11.210145,10.065979,1.0,0.316551697071682,,,,,,,,BASE,BASE,,,,,,2.28120970815257e-09,2.8421709430404e-14,7.3350965976717e-08,1.35030131787062e-06,702383.222207244,8.49346107412846,18435362.5869841,138963786.895463,5.76960701437201e-12,0.0,1.35030131787062e-06,0.0,0.0,0.0,0.0,0.0,1.0,0.0,0.0,0.0,0.0,-320152.224536491,794.071148029259,9277.62356383438,138963786.895463,0.0,0.0,0.0,817.0,311.0,1065.0,0.0,0.0,0.0,0.0,-320152.224536491,,,,,,BASE,0.0,0,/clusteruy/home/mathiasr/generator-aware-row-scaling/results-revision/r1-internal-scaling/full-gurobi-01pct/base-scaleflag2/resultados/instance023_base.csv,/clusteruy/home/mathiasr/generator-aware-row-scaling/results-revision/r1-internal-scaling/full-gurobi-01pct/base-scaleflag2/resultados/instance023_base_postprocesado.csv,/clusteruy/home/mathiasr/generator-aware-row-scaling/results-revision/r1-internal-scaling/full-gurobi-01pct/base-scaleflag2/logs/instance023_base.log
instance024.txt,base,OK,0,941.354843772,0.0,145117.10062300783,145117.0,OPTIMAL,145117.10062300783,43480.0,6126505.0,0.47,23763.0,16561.0,57555.0,19728.0,14224.0,50944.0,16.980179270294155,14.11146669887084,11.486404308921902,4,Model contains large bounds | Model contains large matrix coefficient range | Model contains large rhs | max constraint violation (1.0559e-06) exceeds tolerance,0.0003,10000000000.0,0.0002,100.0,5.0,10000000000.0,1.0,10000000000.0,,,,,,,,,0.0,941.354843772,1.0,1.0,1.0,0.0,0.0,0.0,,,0.0,,,,1676473.345922,,,1226.99063,,0.983795,22.416935,1226.99063,1.0,0.680688795966892,,,,,,,,BASE,BASE,,,,,,2.131109382975e-09,7.105427357601e-14,6.70552253723145e-08,9.5367431640625e-07,465157.539748217,1.1501138930957,7081271.49053709,103665710.970533,7.27595761418343e-12,0.0,1.0558869689703e-06,0.0,0.0,0.0,0.0,0.0,1.0,0.0,0.0,0.0,0.0,145117.100623008,204.277251776537,8125.67225395585,103665710.970533,0.0,0.0,0.0,378.0,224.0,1040.0,0.0,0.0,0.0,0.0,145117.100623008,,,,,,BASE,0.0,0,/clusteruy/home/mathiasr/generator-aware-row-scaling/results-revision/r1-internal-scaling/full-gurobi-01pct/base-scaleflag2/resultados/instance024_base.csv,/clusteruy/home/mathiasr/generator-aware-row-scaling/results-revision/r1-internal-scaling/full-gurobi-01pct/base-scaleflag2/resultados/instance024_base_postprocesado.csv,/clusteruy/home/mathiasr/generator-aware-row-scaling/results-revision/r1-internal-scaling/full-gurobi-01pct/base-scaleflag2/logs/instance024_base.log
instance025.txt,base,OK,0,714.130394598,0.097679634208781,-1300444.6344651098,-1300440.0,OPTIMAL,-1301714.904027143,39357.0,14950968.0,0.44,23763.0,16561.0,57555.0,19698.0,14384.0,51156.0,17.106425956318645,13.145341464887386,11.118060985144645,3,Model contains large bounds | Model contains large matrix coefficient range | Model contains large rhs,0.0007,10000000000.0,0.0004,100.0,5.0,10000000000.0,1.0,10000000000.0,,,,,,,,,0.0,714.130394598,1.0,1.0,1.0,0.0,0.0,0.0,,,0.0,,,,776623.739452,,,1046.699548,,0.033687,9.410876,1046.699548,1.0,0.010976012848181,,,,,,,,BASE,BASE,,,,,,1.51969795128201e-09,0.0,4.96814027428629e-08,1.564621925354e-07,99852.5796496536,4.69485305700912,5412415.23798986,11660083.3893543,9.09494701772928e-13,1.86264514923096e-09,4.00235876441002e-07,0.0,0.0,0.0,0.0,0.0,0.0,0.0,0.0,0.0,0.0,-1300444.63446511,36.1238661270152,3882.49522002804,11660083.3893543,0.0,0.0,0.0,1916.0,312.0,860.0,0.0,0.0,0.0,0.0,-1300444.63446511,,,,,,BASE,0.0,0,/clusteruy/home/mathiasr/generator-aware-row-scaling/results-revision/r1-internal-scaling/full-gurobi-01pct/base-scaleflag2/resultados/instance025_base.csv,/clusteruy/home/mathiasr/generator-aware-row-scaling/results-revision/r1-internal-scaling/full-gurobi-01pct/base-scaleflag2/resultados/instance025_base_postprocesado.csv,/clusteruy/home/mathiasr/generator-aware-row-scaling/results-revision/r1-internal-scaling/full-gurobi-01pct/base-scaleflag2/logs/instance025_base.log
instance026.txt,base,OK,0,993.922179377,1.39e-13,-501562.8865455177,-501563.0,OPTIMAL,-501562.8865455184,42467.0,8404780.0,0.43,23763.0,16561.0,57555.0,19868.0,14342.0,51553.0,16.391028068846527,13.398949338808043,10.42828598731648,4,Model contains large bounds | Model contains large matrix coefficient range | Model contains large rhs | max constraint violation (1.5561e-06) exceeds tolerance,0.0006,10000000000.0,0.0005,100.0,5.0,10000000000.0,1.0,10000000000.0,,,,,,,,,0.0,993.922179377,1.0,1.0,1.0,0.0,0.0,0.0,,,0.0,,,,2004369.513466,,,1361.606154,,0.115328,19.149418,1361.606154,1.0,0.06313981187483,,,,,,,,BASE,BASE,,,,,,2.66346379832743e-09,3.12860848339364e-14,8.94069671630859e-08,1.55612360686064e-06,527259.264075802,1.71210251093832,9264016.55895254,100029802.11575,5.96855898038484e-13,0.0,1.55612360686064e-06,0.0,0.0,0.0,0.0,0.0,2.0,0.0,0.0,0.0,0.0,-501562.886545518,215.905777093478,6620.66567684882,100029802.11575,0.0,0.0,0.0,887.0,339.0,1075.0,0.0,0.0,0.0,0.0,-501562.886545518,,,,,,BASE,0.0,0,/clusteruy/home/mathiasr/generator-aware-row-scaling/results-revision/r1-internal-scaling/full-gurobi-01pct/base-scaleflag2/resultados/instance026_base.csv,/clusteruy/home/mathiasr/generator-aware-row-scaling/results-revision/r1-internal-scaling/full-gurobi-01pct/base-scaleflag2/resultados/instance026_base_postprocesado.csv,/clusteruy/home/mathiasr/generator-aware-row-scaling/results-revision/r1-internal-scaling/full-gurobi-01pct/base-scaleflag2/logs/instance026_base.log
instance027.txt,base,OK,0,578.247984313,0.099404287507928,-1047881.2035107268,-1047880.0,OPTIMAL,-1048922.8423550061,55828.0,5631470.0,0.29,23763.0,16561.0,57555.0,20005.0,14525.0,50204.0,15.814501536001346,12.293943602439466,12.772131005125532,3,Model contains large bounds | Model contains large matrix coefficient range | Model contains large rhs,0.0003,10000000000.0,0.0003,100.0,5.0,10000000000.0,1.0,10000000000.0,,,,,,,,,0.0,578.247984313,1.0,1.0,1.0,0.0,0.0,0.0,,,0.0,,,,185260.487247,,,770.092473,,0.028259,11.337034,770.092473,1.0,0.013626375178245,,,,,,,,BASE,BASE,,,,,,1.02578577403637e-09,5.32907051820075e-15,3.72529029846191e-08,4.86890305850807e-09,98524.7707455474,8.01157154933717,5315748.93867899,12470918.2141908,4.86889017992098e-09,0.0,2.38418579101562e-07,0.0,0.0,0.0,0.0,0.0,0.0,0.0,0.0,0.0,0.0,-1047881.20351073,77.3102090994539,3573.38746068691,12470918.2141908,0.0,0.0,0.0,2234.0,327.0,1025.0,0.0,0.0,0.0,0.0,-1047881.20351073,,,,,,BASE,0.0,0,/clusteruy/home/mathiasr/generator-aware-row-scaling/results-revision/r1-internal-scaling/full-gurobi-01pct/base-scaleflag2/resultados/instance027_base.csv,/clusteruy/home/mathiasr/generator-aware-row-scaling/results-revision/r1-internal-scaling/full-gurobi-01pct/base-scaleflag2/resultados/instance027_base_postprocesado.csv,/clusteruy/home/mathiasr/generator-aware-row-scaling/results-revision/r1-internal-scaling/full-gurobi-01pct/base-scaleflag2/logs/instance027_base.log
instance028.txt,base,OK,0,159.708354161,0.090283794982262,-1280160.4466805381,-1280160.0,OPTIMAL,-1281316.2241136632,16927.0,1510457.0,0.46,23763.0,16561.0,57555.0,19977.0,14385.0,52008.0,15.932331776290873,13.13930318217499,9.637737816002085,4,Model contains large bounds | Model contains large matrix coefficient range | Model contains large rhs | max constraint violation (1.4082e-06) exceeds tolerance,0.0006,10000000000.0,0.0002,100.0,5.0,8000000000.0,1.0,10000000000.0,,,,,,,,,0.0,159.708354161,1.0,1.0,1.0,0.0,0.0,0.0,,,0.0,,,,341463.541879,,,218.953559,,0.015554,8.561007,218.953559,1.0,0.024320107162483,,,,,,,,BASE,BASE,,,,,,2.20576018123727e-09,2.66453525910038e-15,8.70390795171269e-08,3.72529029846191e-09,191574.027357482,8.41849955404584,12158579.3597026,14626916.902331,3.86794375228882e-11,1.86264514923096e-09,1.4081597328186e-06,2.64215087890625e-10,0.0,0.0,0.0,0.0,3.0,0.0,0.0,0.0,0.0,-1280160.44668054,63.6099591510949,581.660283279663,14626916.902331,2.64215087890625e-10,0.0,0.0,2658.0,153.0,1079.0,0.0,0.0,0.0,0.0,-1280160.44668054,,,,,,BASE,0.0,0,/clusteruy/home/mathiasr/generator-aware-row-scaling/results-revision/r1-internal-scaling/full-gurobi-01pct/base-scaleflag2/resultados/instance028_base.csv,/clusteruy/home/mathiasr/generator-aware-row-scaling/results-revision/r1-internal-scaling/full-gurobi-01pct/base-scaleflag2/resultados/instance028_base_postprocesado.csv,/clusteruy/home/mathiasr/generator-aware-row-scaling/results-revision/r1-internal-scaling/full-gurobi-01pct/base-scaleflag2/logs/instance028_base.log
instance029.txt,base,OK,0,289.836126658,0.061223146251229,-1532246.8907679967,-1532250.0,OPTIMAL,-1533184.9805228615,23555.0,3764993.0,0.45,23763.0,16561.0,57555.0,19877.0,14320.0,51751.0,16.353154063039177,13.531791558480768,10.084267222656589,4,Model contains large bounds | Model contains large matrix coefficient range | Model contains large rhs | max constraint violation (1.1866e-06) exceeds tolerance,0.0005,10000000000.0,0.0005,100.0,5.0,10000000000.0,1.0,10000000000.0,,,,,,,,,0.0,289.836126658,1.0,1.0,1.0,0.0,0.0,0.0,,,0.0,,,,130166.130893,,,369.414202,,0.038849,13.49381,369.414202,1.0,0.040079204036609,,,,,,,,BASE,BASE,,,,,,2.46977477429839e-09,2.8421709430404e-14,7.1488320827486e-08,1.18662137538195e-06,194743.879912451,17.3965268030355,6108432.23256836,48397306.985132,3.27418092638254e-11,1.86264514923096e-09,1.18662137538195e-06,0.0,0.0,0.0,0.0,0.0,2.0,0.0,0.0,0.0,0.0,-1532246.890768,53.9646836115048,12338.3269303763,48397306.985132,0.0,0.0,0.0,2422.0,461.0,957.0,0.0,0.0,0.0,0.0,-1532246.890768,,,,,,BASE,0.0,0,/clusteruy/home/mathiasr/generator-aware-row-scaling/results-revision/r1-internal-scaling/full-gurobi-01pct/base-scaleflag2/resultados/instance029_base.csv,/clusteruy/home/mathiasr/generator-aware-row-scaling/results-revision/r1-internal-scaling/full-gurobi-01pct/base-scaleflag2/resultados/instance029_base_postprocesado.csv,/clusteruy/home/mathiasr/generator-aware-row-scaling/results-revision/r1-internal-scaling/full-gurobi-01pct/base-scaleflag2/logs/instance029_base.log
instance030.txt,base,OK,0,266.435777393,0.098336252775786,-1681257.8126106367,-1681260.0,OPTIMAL,-1682911.0985430581,9334.0,2709465.0,0.45,23763.0,16561.0,57555.0,19786.0,14457.0,51028.0,16.736102343980136,12.704546826882435,11.340456954217705,4,Model contains large bounds | Model contains large matrix coefficient range | Model contains large rhs | max constraint violation (1.5851e-06) exceeds tolerance,0.0005,10000000000.0,0.0005,100.0,5.0,10000000000.0,1.0,10000000000.0,,,,,,,,,0.0,266.435777393,1.0,1.0,1.0,0.0,0.0,0.0,,,0.0,,,,482507.499066,,,400.672377,,0.030244,9.893472,400.672377,1.0,0.02583659568032,,,,,,,,BASE,BASE,,,,,,1.09487688481543e-09,7.105427357601e-15,2.93321500066668e-08,3.72529029846191e-09,125201.66730024,7.35821997321362,6123074.49878988,15348205.8504745,7.27595761418343e-12,1.86264514923096e-09,1.58511102199554e-06,0.0,0.0,0.0,0.0,0.0,2.0,0.0,0.0,0.0,0.0,-1681257.81261064,40.1859732963972,12077.6478269868,15348205.8504745,0.0,0.0,0.0,1714.0,492.0,761.0,0.0,0.0,0.0,0.0,-1681257.81261064,,,,,,BASE,0.0,0,/clusteruy/home/mathiasr/generator-aware-row-scaling/results-revision/r1-internal-scaling/full-gurobi-01pct/base-scaleflag2/resultados/instance030_base.csv,/clusteruy/home/mathiasr/generator-aware-row-scaling/results-revision/r1-internal-scaling/full-gurobi-01pct/base-scaleflag2/resultados/instance030_base_postprocesado.csv,/clusteruy/home/mathiasr/generator-aware-row-scaling/results-revision/r1-internal-scaling/full-gurobi-01pct/base-scaleflag2/logs/instance030_base.log
instance031.txt,base,OK,0,198.405478458,0.095548563115454,-1238852.8194375096,-1238850.0,OPTIMAL,-1240036.5255055975,14498.0,2194084.0,0.42,23763.0,16561.0,57555.0,20054.0,14477.0,51172.0,15.608298615494677,12.583781172634502,11.090261489010512,3,Model contains large bounds | Model contains large matrix coefficient range | Model contains large rhs,0.0003,9000000000.0,0.0002,100.0,5.0,8000000000.0,1.0,10000000000.0,,,,,,,,,0.0,198.405478458,1.0,1.0,1.0,0.0,0.0,0.0,,,0.0,,,,4706913367216221.0,,,264.51801,,0.009864,9.045078,264.51801,1.0,0.017294185684007,,,,,,,,BASE,BASE,,,,,,1.59394112395328e-09,1.86517468137026e-14,4.57232818007472e-08,4.15581347112948e-08,184264.654488487,47.201333490609,10708548.1724448,15926761.1629174,4.76837158203125e-07,0.0,5.81145286560059e-07,0.0,0.0,0.0,0.0,0.0,0.0,0.0,0.0,0.0,0.0,-1238852.81943751,117.508664726925,1714.75776682061,15926761.1629174,0.0,0.0,0.0,2874.0,204.0,1064.0,0.0,0.0,0.0,0.0,-1238852.81943751,,,,,,BASE,0.0,0,/clusteruy/home/mathiasr/generator-aware-row-scaling/results-revision/r1-internal-scaling/full-gurobi-01pct/base-scaleflag2/resultados/instance031_base.csv,/clusteruy/home/mathiasr/generator-aware-row-scaling/results-revision/r1-internal-scaling/full-gurobi-01pct/base-scaleflag2/resultados/instance031_base_postprocesado.csv,/clusteruy/home/mathiasr/generator-aware-row-scaling/results-revision/r1-internal-scaling/full-gurobi-01pct/base-scaleflag2/logs/instance031_base.log
instance032.txt,base,OK,0,420.658665786,0.078282644528012,-1621677.1137590483,-1621680.0,OPTIMAL,-1622946.6054894044,44262.0,2738232.0,0.44,23763.0,16561.0,57555.0,20103.0,14480.0,51520.0,15.402095694988006,12.565666324497313,10.485622448093128,3,Model contains large bounds | Model contains large matrix coefficient range | Model contains large rhs,0.0005,8000000000.0,0.0003,100.0,5.0,7000000000.0,1.0,10000000000.0,,,,,,,,,0.0,420.658665786,1.0,1.0,1.0,0.0,0.0,0.0,,,0.0,,,,215140.25721,,,519.801271,,0.012442,8.096582,519.801271,1.0,0.007072317066139,,,,,,,,BASE,BASE,,,,,,1.72572484646423e-09,1.08177355961912e-15,6.10187998972835e-08,6.72212401298111e-08,226179.68485814,8.84676298891042,14627240.1062835,15611164.7623837,6.72211957208901e-08,0.0,9.05245542526245e-07,0.0,0.0,0.0,0.0,0.0,0.0,0.0,0.0,0.0,0.0,-1621677.11375905,117.657242213608,316.982353536878,15611164.7623837,0.0,0.0,0.0,2661.0,98.0,1018.0,0.0,0.0,0.0,0.0,-1621677.11375905,,,,,,BASE,0.0,0,/clusteruy/home/mathiasr/generator-aware-row-scaling/results-revision/r1-internal-scaling/full-gurobi-01pct/base-scaleflag2/resultados/instance032_base.csv,/clusteruy/home/mathiasr/generator-aware-row-scaling/results-revision/r1-internal-scaling/full-gurobi-01pct/base-scaleflag2/resultados/instance032_base_postprocesado.csv,/clusteruy/home/mathiasr/generator-aware-row-scaling/results-revision/r1-internal-scaling/full-gurobi-01pct/base-scaleflag2/logs/instance032_base.log
instance033.txt,base,OK,0,98.856032015,0.085639493118513,-826168.6178331338,-826169.0,OPTIMAL,-826876.1444497503,14543.0,1005604.0,0.47,23763.0,16561.0,57555.0,19823.0,14477.0,51281.0,16.580398097883265,12.583781172634502,10.900877421596734,3,Model contains large bounds | Model contains large matrix coefficient range | Model contains large rhs,0.0007,10000000000.0,0.0001,100.0,5.0,9000000000.0,1.0,10000000000.0,,,,,,,,,0.0,98.856032015,1.0,1.0,1.0,0.0,0.0,0.0,,,0.0,,,,357991.465893,,,133.008436,,0.004684,9.253999,133.008436,1.0,0.029315299120048,,,,,,,,BASE,BASE,,,,,,3.07681775402198e-09,4.44089209850063e-14,1.26659870147705e-07,3.72529029846191e-09,224320.443255617,1.95843923179558,14502419.3071824,16311960.7322905,9.65574271151364e-11,7.45058059692383e-09,4.69386577606201e-07,0.0,0.0,0.0,0.0,0.0,0.0,0.0,0.0,0.0,0.0,-826168.617833134,43.2584099306576,295.558741745117,16311960.7322905,0.0,0.0,0.0,2471.0,93.0,1023.0,0.0,0.0,0.0,0.0,-826168.617833134,,,,,,BASE,0.0,0,/clusteruy/home/mathiasr/generator-aware-row-scaling/results-revision/r1-internal-scaling/full-gurobi-01pct/base-scaleflag2/resultados/instance033_base.csv,/clusteruy/home/mathiasr/generator-aware-row-scaling/results-revision/r1-internal-scaling/full-gurobi-01pct/base-scaleflag2/resultados/instance033_base_postprocesado.csv,/clusteruy/home/mathiasr/generator-aware-row-scaling/results-revision/r1-internal-scaling/full-gurobi-01pct/base-scaleflag2/logs/instance033_base.log
instance034.txt,base,OK,0,97.045969671,0.022818588424018,-2990596.176124003,-2990600.0,OPTIMAL,-2991278.587956857,8654.0,636325.0,0.44,23763.0,16561.0,57555.0,20955.0,14939.0,53874.0,11.816689811892438,9.794094559507275,6.395621579358874,3,Model contains large bounds | Model contains large matrix coefficient range | Model contains large rhs,0.0006,10000000000.0,0.0001,100.0,5.0,10000000000.0,1.0,10000000000.0,,,,,,,,,0.0,97.045969671,1.0,1.0,1.0,0.0,0.0,0.0,,,0.0,,,,383562.85185,,,117.380552,,0.004909,9.780063,117.380552,1.0,0.028898263939009,,,,,,,,BASE,BASE,,,,,,2.14165297090506e-09,1.75859327100586e-14,7.3350965976717e-08,1.00582838058472e-07,214800.904030315,8.60103969999174,13221007.0546413,19344931.5288567,1.09139364212751e-10,0.0,9.20146703720093e-07,0.0,0.0,0.0,0.0,0.0,0.0,0.0,0.0,0.0,0.0,-2990596.176124,77.6707267496288,4716.352342689,19344931.5288567,0.0,0.0,0.0,2462.0,180.0,903.0,0.0,0.0,0.0,0.0,-2990596.176124,,,,,,BASE,0.0,0,/clusteruy/home/mathiasr/generator-aware-row-scaling/results-revision/r1-internal-scaling/full-gurobi-01pct/base-scaleflag2/resultados/instance034_base.csv,/clusteruy/home/mathiasr/generator-aware-row-scaling/results-revision/r1-internal-scaling/full-gurobi-01pct/base-scaleflag2/resultados/instance034_base_postprocesado.csv,/clusteruy/home/mathiasr/generator-aware-row-scaling/results-revision/r1-internal-scaling/full-gurobi-01pct/base-scaleflag2/logs/instance034_base.log
instance035.txt,base,OK,0,3600.579224026,0.936364388053603,-2342417.3729276406,-2342420.0,TIME_LIMIT,-2364350.9350273157,342096.0,74595825.0,0.43,23763.0,16561.0,57555.0,19470.0,14058.0,50451.0,18.065900770104786,15.113821629128676,12.34297628355486,3,Model contains large bounds | Model contains large matrix coefficient range | Model contains large rhs,0.0006,10000000000.0,0.0007,100.0,5.0,10000000000.0,1.0,10000000000.0,,,,,,,,,0.0,3600.579224026,1.0,1.0,1.0,0.0,0.0,0.0,,,0.0,,,,801090.620412,,,5516.506653,,0.057388,11.946236,5516.506653,1.0,0.019781881327164,,,,,,,,BASE,BASE,,,,,,2.36581610791221e-09,8.5265128291212e-14,8.9539680629969e-08,2.49594449996948e-07,314967.14210279,6.77077097390258,12781970.9259565,112829263.022307,7.27595761418343e-12,0.0,9.5367431640625e-07,0.0,0.0,0.0,0.0,0.0,0.0,0.0,0.0,0.0,0.0,-2342417.37292764,20.2035861097744,20326.9469121883,112829263.022307,0.0,0.0,0.0,494.0,402.0,998.0,0.0,0.0,0.0,0.0,-2342417.37292764,,,,,,BASE,0.0,0,/clusteruy/home/mathiasr/generator-aware-row-scaling/results-revision/r1-internal-scaling/full-gurobi-01pct/base-scaleflag2/resultados/instance035_base.csv,/clusteruy/home/mathiasr/generator-aware-row-scaling/results-revision/r1-internal-scaling/full-gurobi-01pct/base-scaleflag2/resultados/instance035_base_postprocesado.csv,/clusteruy/home/mathiasr/generator-aware-row-scaling/results-revision/r1-internal-scaling/full-gurobi-01pct/base-scaleflag2/logs/instance035_base.log
instance042.txt,base,OK,0,234.228196461,0.099954771840323,-975093.9301454021,-975094.0,OPTIMAL,-976068.5830585078,5195.0,4696566.0,0.36,23763.0,16561.0,57555.0,19222.0,13911.0,48702.0,19.109540041240585,16.001449187850977,15.381808704717226,3,Model contains large bounds | Model contains large matrix coefficient range | Model contains large rhs,0.0003,8000000000.0,0.0001,100.0,5.0,7000000000.0,1.0,10000000000.0,,,,,,,,,0.0,234.228196461,1.0,1.0,1.0,0.0,0.0,0.0,,,0.0,,,,233299.878168,,,356.516888,,0.019153,10.335096,356.516888,1.0,0.021934819556317,,,,,,,,BASE,BASE,,,,,,1.85329043705395e-09,4.2632564145606e-14,4.84398333355785e-08,3.7852834111618e-07,245500.404465024,60.7652203234028,13206787.3361548,78567461.4666853,3.7852834111618e-07,0.0,9.5367431640625e-07,0.0,0.0,0.0,0.0,0.0,0.0,0.0,0.0,0.0,0.0,-975093.930145402,112.378678409853,12625.0297911721,78567461.4666853,0.0,0.0,0.0,2780.0,420.0,1113.0,0.0,0.0,0.0,0.0,-975093.930145402,,,,,,BASE,0.0,0,/clusteruy/home/mathiasr/generator-aware-row-scaling/results-revision/r1-internal-scaling/full-gurobi-01pct/base-scaleflag2/resultados/instance042_base.csv,/clusteruy/home/mathiasr/generator-aware-row-scaling/results-revision/r1-internal-scaling/full-gurobi-01pct/base-scaleflag2/resultados/instance042_base_postprocesado.csv,/clusteruy/home/mathiasr/generator-aware-row-scaling/results-revision/r1-internal-scaling/full-gurobi-01pct/base-scaleflag2/logs/instance042_base.log
instance043.txt,base,OK,0,621.259681754,0.095815102601381,-997267.4917957017,-997267.0,OPTIMAL,-998223.024666176,14605.0,9678728.0,0.45,23763.0,16561.0,57555.0,21186.0,14909.0,54322.0,10.84459032950385,9.975243040879175,5.617235687603162,4,Model contains large bounds | Model contains large matrix coefficient range | Model contains large rhs | max constraint violation (1.9707e-06) exceeds tolerance,0.0003,10000000000.0,0.0001,100.0,5.0,7000000000.0,1.0,10000000000.0,,,,,,,,,0.0,621.259681754,1.0,1.0,1.0,0.0,0.0,0.0,,,0.0,,,,24602.497674,,,987.166859,,0.014792,11.823854,987.166859,1.0,0.010370541925907,,,,,,,,BASE,BASE,,,,,,1.74744954570231e-09,4.2632564145606e-14,4.23938035965004e-08,1.11758708953857e-08,180083.214637961,25.2018539859748,10953486.9215592,14694863.5618206,7.74605373721652e-11,0.0,1.97067856788635e-06,5.29124620225694e-10,0.0,0.0,0.0,0.0,1.0,0.0,0.0,0.0,0.0,-997267.491795702,73.1384894476904,11006.7689540588,14694863.5618206,5.29124620225694e-10,0.0,0.0,2369.0,529.0,1059.0,0.0,0.0,0.0,0.0,-997267.491795702,,,,,,BASE,0.0,0,/clusteruy/home/mathiasr/generator-aware-row-scaling/results-revision/r1-internal-scaling/full-gurobi-01pct/base-scaleflag2/resultados/instance043_base.csv,/clusteruy/home/mathiasr/generator-aware-row-scaling/results-revision/r1-internal-scaling/full-gurobi-01pct/base-scaleflag2/resultados/instance043_base_postprocesado.csv,/clusteruy/home/mathiasr/generator-aware-row-scaling/results-revision/r1-internal-scaling/full-gurobi-01pct/base-scaleflag2/logs/instance043_base.log
instance044.txt,base,OK,0,2269.256483904,0.099665127446953,-818701.6188560268,-818702.0,OPTIMAL,-819517.5788678699,145803.0,47981651.0,0.44,23763.0,16561.0,57555.0,21291.0,14920.0,54696.0,10.40272692841813,9.908821931042812,4.967422465467814,4,Model contains large bounds | Model contains large matrix coefficient range | Model contains large rhs | max constraint violation (2.7120e-06) exceeds tolerance,0.0002,8000000000.0,0.0002,100.0,5.0,7000000000.0,1.0,10000000000.0,,,,,,,,,0.0,2269.256483904,1.0,1.0,1.0,0.0,0.0,0.0,,,0.0,,,,785695.253189,,,3819.354232,,0.034333,11.595123,3819.354232,1.0,0.006726189915507,,,,,,,,BASE,BASE,,,,,,3.49221593199136e-09,7.27595761418343e-12,1.22934579849243e-07,7.56551468583666e-07,428295.623389786,38.9494202679481,12759796.7873651,81565965.6193113,2.31679477380453e-07,0.0,2.71201133728027e-06,0.0,0.0,0.0,0.0,0.0,3.0,0.0,0.0,0.0,0.0,-818701.618856027,108.511350173169,16131.0228009591,81565965.6193113,0.0,0.0,0.0,2669.0,345.0,1383.0,0.0,0.0,0.0,0.0,-818701.618856027,,,,,,BASE,0.0,0,/clusteruy/home/mathiasr/generator-aware-row-scaling/results-revision/r1-internal-scaling/full-gurobi-01pct/base-scaleflag2/resultados/instance044_base.csv,/clusteruy/home/mathiasr/generator-aware-row-scaling/results-revision/r1-internal-scaling/full-gurobi-01pct/base-scaleflag2/resultados/instance044_base_postprocesado.csv,/clusteruy/home/mathiasr/generator-aware-row-scaling/results-revision/r1-internal-scaling/full-gurobi-01pct/base-scaleflag2/logs/instance044_base.log
instance045.txt,base,OK,0,2026.624818996,0.093353197080638,-733277.1648717135,-733277.0,OPTIMAL,-733961.7025485835,94533.0,27177783.0,0.47,23763.0,16561.0,57555.0,20420.0,14464.0,52578.0,14.068089045995876,12.662278847895658,8.647380766223613,4,Model contains large bounds | Model contains large matrix coefficient range | Model contains large rhs | max constraint violation (2.3767e-06) exceeds tolerance,0.0002,10000000000.0,0.0002,100.0,5.0,8000000000.0,1.0,10000000000.0,,,,,,,,,0.0,2026.624818996,1.0,1.0,1.0,0.0,0.0,0.0,,,0.0,,,,223678.257691,,,2950.131394,,0.034727,12.192238,2950.131394,1.0,0.010890167055697,,,,,,,,BASE,BASE,,,,,,2.89717845864257e-09,4.9737991503207e-14,1.07455998659135e-07,2.22120434045792e-07,338639.24021532,4.99969281908496,17223776.9643317,37166766.9410264,7.27595761418343e-12,9.31322574615479e-10,2.3767352104187e-06,0.0,0.0,0.0,0.0,0.0,3.0,0.0,0.0,0.0,0.0,-733277.164871713,39.1642053385146,727.761358977645,37166766.9410264,0.0,0.0,0.0,2581.0,45.0,1411.0,0.0,0.0,0.0,0.0,-733277.164871713,,,,,,BASE,0.0,0,/clusteruy/home/mathiasr/generator-aware-row-scaling/results-revision/r1-internal-scaling/full-gurobi-01pct/base-scaleflag2/resultados/instance045_base.csv,/clusteruy/home/mathiasr/generator-aware-row-scaling/results-revision/r1-internal-scaling/full-gurobi-01pct/base-scaleflag2/resultados/instance045_base_postprocesado.csv,/clusteruy/home/mathiasr/generator-aware-row-scaling/results-revision/r1-internal-scaling/full-gurobi-01pct/base-scaleflag2/logs/instance045_base.log
instance046.txt,base,OK,0,953.242925297,0.097086940419091,-746396.2866271818,-746396.0,OPTIMAL,-747120.9399452698,51657.0,14273430.0,0.44,23763.0,16561.0,57555.0,20083.0,14505.0,51755.0,15.486260152337668,12.414709256687399,10.077317348623057,4,Model contains large bounds | Model contains large matrix coefficient range | Model contains large rhs | max constraint violation (3.2000e-06) exceeds tolerance,0.0003,10000000000.0,0.0002,100.0,5.0,10000000000.0,1.0,10000000000.0,,,,,,,,,0.0,953.242925297,1.0,1.0,1.0,0.0,0.0,0.0,,,0.0,,,,313830.777653,,,1477.708422,,0.007902,15.83572,1477.708422,1.0,0.011858927693053,,,,,,,,BASE,BASE,,,,,,2.79295264489001e-09,4.61852778244065e-14,8.5681676864624e-08,2.23517417907715e-07,314658.910100966,8.86688550180147,7747609.4817858,76011554.748947,1.45519152283669e-11,9.31322574615479e-10,3.20002436637878e-06,0.0,0.0,0.0,0.0,0.0,2.0,0.0,0.0,0.0,0.0,-746396.286627182,67.4010214171643,7566.47097310875,76011554.748947,0.0,0.0,0.0,2001.0,408.0,1016.0,0.0,0.0,0.0,0.0,-746396.286627182,,,,,,BASE,0.0,0,/clusteruy/home/mathiasr/generator-aware-row-scaling/results-revision/r1-internal-scaling/full-gurobi-01pct/base-scaleflag2/resultados/instance046_base.csv,/clusteruy/home/mathiasr/generator-aware-row-scaling/results-revision/r1-internal-scaling/full-gurobi-01pct/base-scaleflag2/resultados/instance046_base_postprocesado.csv,/clusteruy/home/mathiasr/generator-aware-row-scaling/results-revision/r1-internal-scaling/full-gurobi-01pct/base-scaleflag2/logs/instance046_base.log
instance047.txt,base,OK,0,1153.011767718,0.09849383967186,-671378.0608571498,-671378.0,OPTIMAL,-672039.3268880025,28634.0,10427361.0,0.47,23763.0,16561.0,57555.0,19578.0,14264.0,51357.0,17.611412700416615,13.869935390374977,10.768829814959604,3,Model contains large bounds | Model contains large matrix coefficient range | Model contains large rhs,0.0003,10000000000.0,0.0002,100.0,5.0,10000000000.0,1.0,10000000000.0,,,,,,,,,0.0,1153.011767718,1.0,1.0,1.0,0.0,0.0,0.0,,,0.0,,,,424954.214988,,,1806.557916,,0.006946,28.68994,1806.557916,1.0,0.012139307119723,,,,,,,,BASE,BASE,,,,,,2.03501003945325e-09,3.5527136788005e-14,6.49038702249532e-08,9.59931639954448e-07,384415.337629948,7.00229210999322,7889890.19136532,58301467.0871969,7.89885667984436e-08,9.31322574615479e-10,9.59931639954448e-07,0.0,0.0,0.0,0.0,0.0,0.0,0.0,0.0,0.0,0.0,-671378.06085715,261.874806957836,7543.9179811264,58301467.0871969,0.0,0.0,0.0,1712.0,367.0,936.0,0.0,0.0,0.0,0.0,-671378.06085715,,,,,,BASE,0.0,0,/clusteruy/home/mathiasr/generator-aware-row-scaling/results-revision/r1-internal-scaling/full-gurobi-01pct/base-scaleflag2/resultados/instance047_base.csv,/clusteruy/home/mathiasr/generator-aware-row-scaling/results-revision/r1-internal-scaling/full-gurobi-01pct/base-scaleflag2/resultados/instance047_base_postprocesado.csv,/clusteruy/home/mathiasr/generator-aware-row-scaling/results-revision/r1-internal-scaling/full-gurobi-01pct/base-scaleflag2/logs/instance047_base.log
instance048.txt,base,OK,0,610.054694141,0.076792697237311,-1019771.3505186855,-1019770.0,OPTIMAL,-1020554.4604444022,12668.0,4154437.0,0.45,23763.0,16561.0,57555.0,19366.0,14196.0,50107.0,18.503555948323022,14.280538614817946,12.940665450438711,3,Model contains large bounds | Model contains large matrix coefficient range | Model contains large rhs,0.0004,10000000000.0,0.0004,100.0,5.0,10000000000.0,1.0,10000000000.0,,,,,,,,,0.0,610.054694141,1.0,1.0,1.0,0.0,0.0,0.0,,,0.0,,,,2080923.771212,,,802.008345,,0.022746,12.190545,802.008345,1.0,0.020565781279232,,,,,,,,BASE,BASE,,,,,,2.3254881439806e-09,1.4210854715202e-14,6.90948218107228e-08,6.46337866783142e-07,575152.74818466,1.54914606317454,8856179.26938276,107646192.869195,1.14331406547413e-09,9.31322574615479e-10,7.15263013262302e-07,8.74132012261285e-09,0.0,0.0,0.0,0.0,0.0,0.0,0.0,0.0,0.0,-1019771.35051869,241.504788496037,7438.34202814274,107646192.869195,8.74132012261285e-09,0.0,0.0,965.0,293.0,1008.0,0.0,0.0,0.0,0.0,-1019771.35051869,,,,,,BASE,0.0,0,/clusteruy/home/mathiasr/generator-aware-row-scaling/results-revision/r1-internal-scaling/full-gurobi-01pct/base-scaleflag2/resultados/instance048_base.csv,/clusteruy/home/mathiasr/generator-aware-row-scaling/results-revision/r1-internal-scaling/full-gurobi-01pct/base-scaleflag2/resultados/instance048_base_postprocesado.csv,/clusteruy/home/mathiasr/generator-aware-row-scaling/results-revision/r1-internal-scaling/full-gurobi-01pct/base-scaleflag2/logs/instance048_base.log
