class,instance,kernel,policy,result,bytes
Simple,caso01a.txt,Augmented,selective,identical,1768449
Simple,caso01a.txt,Augmented,role-blind,identical,1779305
Simple,caso01a.txt,Matrix-only,selective,identical,1729862
Simple,caso01a.txt,Matrix-only,role-blind,identical,1729862
Simple,caso01b.txt,Augmented,selective,identical,1768449
Simple,caso01b.txt,Augmented,role-blind,identical,1779305
Simple,caso01b.txt,Matrix-only,selective,identical,1729862
Simple,caso01b.txt,Matrix-only,role-blind,identical,1729862
Simple,caso01c.txt,Augmented,selective,identical,1768449
Simple,caso01c.txt,Augmented,role-blind,identical,1779305
Simple,caso01c.txt,Matrix-only,selective,identical,1729862
Simple,caso01c.txt,Matrix-only,role-blind,identical,1729862
Simple,caso01d.txt,Augmented,selective,identical,1768471
Simple,caso01d.txt,Augmented,role-blind,identical,1779290
Simple,caso01d.txt,Matrix-only,selective,identical,1729884
Simple,caso01d.txt,Matrix-only,role-blind,identical,1729884
Simple,caso01e.txt,Augmented,selective,identical,1768471
Simple,caso01e.txt,Augmented,role-blind,identical,1779290
Simple,caso01e.txt,Matrix-only,selective,identical,1729884
Simple,caso01e.txt,Matrix-only,role-blind,identical,1729884
Simple,caso01f.txt,Augmented,selective,identical,1768471
Simple,caso01f.txt,Augmented,role-blind,identical,1779290
Simple,caso01f.txt,Matrix-only,selective,identical,1729884
Simple,caso01f.txt,Matrix-only,role-blind,identical,1729884
Simple,caso02a.txt,Augmented,selective,identical,1762964
Simple,caso02a.txt,Augmented,role-blind,identical,1773786
Simple,caso02a.txt,Matrix-only,selective,identical,1725021
Simple,caso02a.txt,Matrix-only,role-blind,identical,1725021
Simple,caso02b.txt,Augmented,selective,identical,1762964
Simple,caso02b.txt,Augmented,role-blind,identical,1773786
Simple,caso02b.txt,Matrix-only,selective,identical,1725021
Simple,caso02b.txt,Matrix-only,role-blind,identical,1725021
Simple,caso02c.txt,Augmented,selective,identical,1762961
Simple,caso02c.txt,Augmented,role-blind,identical,1773783
Simple,caso02c.txt,Matrix-only,selective,identical,1725018
Simple,caso02c.txt,Matrix-only,role-blind,identical,1725018
Simple,caso02d.txt,Augmented,selective,identical,1763006
Simple,caso02d.txt,Augmented,role-blind,identical,1773821
Simple,caso02d.txt,Matrix-only,selective,identical,1725063
Simple,caso02d.txt,Matrix-only,role-blind,identical,1725063
Simple,caso02e.txt,Augmented,selective,identical,1763006
Simple,caso02e.txt,Augmented,role-blind,identical,1773821
Simple,caso02e.txt,Matrix-only,selective,identical,1725063
Simple,caso02e.txt,Matrix-only,role-blind,identical,1725063
Simple,caso02f.txt,Augmented,selective,identical,1763003
Simple,caso02f.txt,Augmented,role-blind,identical,1773818
Simple,caso02f.txt,Matrix-only,selective,identical,1725060
Simple,caso02f.txt,Matrix-only,role-blind,identical,1725060
Simple,caso03a.txt,Augmented,selective,identical,1775259
Simple,caso03a.txt,Augmented,role-blind,identical,1786104
Simple,caso03a.txt,Matrix-only,selective,identical,1729899
Simple,caso03a.txt,Matrix-only,role-blind,identical,1729899
Simple,caso03b.txt,Augmented,selective,identical,1775259
Simple,caso03b.txt,Augmented,role-blind,identical,1786104
Simple,caso03b.txt,Matrix-only,selective,identical,1729899
Simple,caso03b.txt,Matrix-only,role-blind,identical,1729899
Simple,caso03c.txt,Augmented,selective,identical,1775259
Simple,caso03c.txt,Augmented,role-blind,identical,1786104
Simple,caso03c.txt,Matrix-only,selective,identical,1729899
Simple,caso03c.txt,Matrix-only,role-blind,identical,1729899
Simple,caso03d.txt,Augmented,selective,identical,1775303
Simple,caso03d.txt,Augmented,role-blind,identical,1786129
Simple,caso03d.txt,Matrix-only,selective,identical,1729943
Simple,caso03d.txt,Matrix-only,role-blind,identical,1729943
Simple,caso03e.txt,Augmented,selective,identical,1775303
Simple,caso03e.txt,Augmented,role-blind,identical,1786129
Simple,caso03e.txt,Matrix-only,selective,identical,1729943
Simple,caso03e.txt,Matrix-only,role-blind,identical,1729943
Simple,caso03f.txt,Augmented,selective,identical,1775303
Simple,caso03f.txt,Augmented,role-blind,identical,1786129
Simple,caso03f.txt,Matrix-only,selective,identical,1729943
Simple,caso03f.txt,Matrix-only,role-blind,identical,1729943
Simple,caso04a.txt,Augmented,selective,identical,1757156
Simple,caso04a.txt,Augmented,role-blind,identical,1768035
Simple,caso04a.txt,Matrix-only,selective,identical,1728623
Simple,caso04a.txt,Matrix-only,role-blind,identical,1728623
Simple,caso04b.txt,Augmented,selective,identical,1757153
Simple,caso04b.txt,Augmented,role-blind,identical,1768032
Simple,caso04b.txt,Matrix-only,selective,identical,1728620
Simple,caso04b.txt,Matrix-only,role-blind,identical,1728620
Simple,caso04c.txt,Augmented,selective,identical,1757156
Simple,caso04c.txt,Augmented,role-blind,identical,1768035
Simple,caso04c.txt,Matrix-only,selective,identical,1728623
Simple,caso04c.txt,Matrix-only,role-blind,identical,1728623
Simple,caso04d.txt,Augmented,selective,identical,1757213
Simple,caso04d.txt,Augmented,role-blind,identical,1768020
Simple,caso04d.txt,Matrix-only,selective,identical,1728680
Simple,caso04d.txt,Matrix-only,role-blind,identical,1728680
Simple,caso04e.txt,Augmented,selective,identical,1757210
Simple,caso04e.txt,Augmented,role-blind,identical,1768017
Simple,caso04e.txt,Matrix-only,selective,identical,1728677
Simple,caso04e.txt,Matrix-only,role-blind,identical,1728677
Simple,caso04f.txt,Augmented,selective,identical,1757213
Simple,caso04f.txt,Augmented,role-blind,identical,1768020
Simple,caso04f.txt,Matrix-only,selective,identical,1728680
Simple,caso04f.txt,Matrix-only,role-blind,identical,1728680
Simple,caso05a.txt,Augmented,selective,identical,1757767
Simple,caso05a.txt,Augmented,role-blind,identical,1768527
Simple,caso05a.txt,Matrix-only,selective,identical,1729136
Simple,caso05a.txt,Matrix-only,role-blind,identical,1729136
Simple,caso05b.txt,Augmented,selective,identical,1757767
Simple,caso05b.txt,Augmented,role-blind,identical,1768527
Simple,caso05b.txt,Matrix-only,selective,identical,1729136
Simple,caso05b.txt,Matrix-only,role-blind,identical,1729136
Simple,caso05c.txt,Augmented,selective,identical,1757767
Simple,caso05c.txt,Augmented,role-blind,identical,1768527
Simple,caso05c.txt,Matrix-only,selective,identical,1729136
Simple,caso05c.txt,Matrix-only,role-blind,identical,1729136
Simple,caso05d.txt,Augmented,selective,identical,1757842
Simple,caso05d.txt,Augmented,role-blind,identical,1768621
Simple,caso05d.txt,Matrix-only,selective,identical,1729211
Simple,caso05d.txt,Matrix-only,role-blind,identical,1729211
Simple,caso05e.txt,Augmented,selective,identical,1757842
Simple,caso05e.txt,Augmented,role-blind,identical,1768621
Simple,caso05e.txt,Matrix-only,selective,identical,1729211
Simple,caso05e.txt,Matrix-only,role-blind,identical,1729211
Simple,caso05f.txt,Augmented,selective,identical,1757842
Simple,caso05f.txt,Augmented,role-blind,identical,1768621
Simple,caso05f.txt,Matrix-only,selective,identical,1729211
Simple,caso05f.txt,Matrix-only,role-blind,identical,1729211
Simple,caso09a.txt,Augmented,selective,identical,1758585
Simple,caso09a.txt,Augmented,role-blind,identical,1769383
Simple,caso09a.txt,Matrix-only,selective,identical,1733286
Simple,caso09a.txt,Matrix-only,role-blind,identical,1733286
Simple,caso09b.txt,Augmented,selective,identical,1758582
Simple,caso09b.txt,Augmented,role-blind,identical,1769380
Simple,caso09b.txt,Matrix-only,selective,identical,1733283
Simple,caso09b.txt,Matrix-only,role-blind,identical,1733283
Simple,caso09c.txt,Augmented,selective,identical,1758582
Simple,caso09c.txt,Augmented,role-blind,identical,1769380
Simple,caso09c.txt,Matrix-only,selective,identical,1733283
Simple,caso09c.txt,Matrix-only,role-blind,identical,1733283
Simple,caso09d.txt,Augmented,selective,identical,1758673
Simple,caso09d.txt,Augmented,role-blind,identical,1769469
Simple,caso09d.txt,Matrix-only,selective,identical,1733374
Simple,caso09d.txt,Matrix-only,role-blind,identical,1733374
Simple,caso09e.txt,Augmented,selective,identical,1758670
Simple,caso09e.txt,Augmented,role-blind,identical,1769466
Simple,caso09e.txt,Matrix-only,selective,identical,1733371
Simple,caso09e.txt,Matrix-only,role-blind,identical,1733371
Simple,caso09f.txt,Augmented,selective,identical,1758670
Simple,caso09f.txt,Augmented,role-blind,identical,1769466
Simple,caso09f.txt,Matrix-only,selective,identical,1733371
Simple,caso09f.txt,Matrix-only,role-blind,identical,1733371
Simple,caso10a.txt,Augmented,selective,identical,1784196
Simple,caso10a.txt,Augmented,role-blind,identical,1794946
Simple,caso10a.txt,Matrix-only,selective,identical,1737120
Simple,caso10a.txt,Matrix-only,role-blind,identical,1737120
Simple,caso10b.txt,Augmented,selective,identical,1784196
Simple,caso10b.txt,Augmented,role-blind,identical,1794946
Simple,caso10b.txt,Matrix-only,selective,identical,1737120
Simple,caso10b.txt,Matrix-only,role-blind,identical,1737120
Simple,caso10c.txt,Augmented,selective,identical,1784196
Simple,caso10c.txt,Augmented,role-blind,identical,1794946
Simple,caso10c.txt,Matrix-only,selective,identical,1737120
Simple,caso10c.txt,Matrix-only,role-blind,identical,1737120
Simple,caso10d.txt,Augmented,selective,identical,1784278
Simple,caso10d.txt,Augmented,role-blind,identical,1795102
Simple,caso10d.txt,Matrix-only,selective,identical,1737202
Simple,caso10d.txt,Matrix-only,role-blind,identical,1737202
Simple,caso10e.txt,Augmented,selective,identical,1784278
Simple,caso10e.txt,Augmented,role-blind,identical,1795102
Simple,caso10e.txt,Matrix-only,selective,identical,1737202
Simple,caso10e.txt,Matrix-only,role-blind,identical,1737202
Simple,caso10f.txt,Augmented,selective,identical,1784278
Simple,caso10f.txt,Augmented,role-blind,identical,1795102
Simple,caso10f.txt,Matrix-only,selective,identical,1737202
Simple,caso10f.txt,Matrix-only,role-blind,identical,1737202
Simple,caso11a.txt,Augmented,selective,identical,1770701
Simple,caso11a.txt,Augmented,role-blind,identical,1781595
Simple,caso11a.txt,Matrix-only,selective,identical,1731258
Simple,caso11a.txt,Matrix-only,role-blind,identical,1731258
Simple,caso11b.txt,Augmented,selective,identical,1770701
Simple,caso11b.txt,Augmented,role-blind,identical,1781595
Simple,caso11b.txt,Matrix-only,selective,identical,1731258
Simple,caso11b.txt,Matrix-only,role-blind,identical,1731258
Simple,caso11c.txt,Augmented,selective,identical,1770701
Simple,caso11c.txt,Augmented,role-blind,identical,1781595
Simple,caso11c.txt,Matrix-only,selective,identical,1731258
Simple,caso11c.txt,Matrix-only,role-blind,identical,1731258
Simple,caso11d.txt,Augmented,selective,identical,1770767
Simple,caso11d.txt,Augmented,role-blind,identical,1781582
Simple,caso11d.txt,Matrix-only,selective,identical,1731324
Simple,caso11d.txt,Matrix-only,role-blind,identical,1731324
Simple,caso11e.txt,Augmented,selective,identical,1770767
Simple,caso11e.txt,Augmented,role-blind,identical,1781582
Simple,caso11e.txt,Matrix-only,selective,identical,1731324
Simple,caso11e.txt,Matrix-only,role-blind,identical,1731324
Simple,caso11f.txt,Augmented,selective,identical,1770767
Simple,caso11f.txt,Augmented,role-blind,identical,1781582
Simple,caso11f.txt,Matrix-only,selective,identical,1731324
Simple,caso11f.txt,Matrix-only,role-blind,identical,1731324
Simple,caso12a.txt,Augmented,selective,identical,1788318
Simple,caso12a.txt,Augmented,role-blind,identical,1799170
Simple,caso12a.txt,Matrix-only,selective,identical,1735531
Simple,caso12a.txt,Matrix-only,role-blind,identical,1735531
Simple,caso12b.txt,Augmented,selective,identical,1788318
Simple,caso12b.txt,Augmented,role-blind,identical,1799170
Simple,caso12b.txt,Matrix-only,selective,identical,1735531
Simple,caso12b.txt,Matrix-only,role-blind,identical,1735531
Simple,caso12c.txt,Augmented,selective,identical,1788318
Simple,caso12c.txt,Augmented,role-blind,identical,1799170
Simple,caso12c.txt,Matrix-only,selective,identical,1735531
Simple,caso12c.txt,Matrix-only,role-blind,identical,1735531
Simple,caso12d.txt,Augmented,selective,identical,1788381
Simple,caso12d.txt,Augmented,role-blind,identical,1799181
Simple,caso12d.txt,Matrix-only,selective,identical,1735594
Simple,caso12d.txt,Matrix-only,role-blind,identical,1735594
Simple,caso12e.txt,Augmented,selective,identical,1788381
Simple,caso12e.txt,Augmented,role-blind,identical,1799181
Simple,caso12e.txt,Matrix-only,selective,identical,1735594
Simple,caso12e.txt,Matrix-only,role-blind,identical,1735594
Simple,caso12f.txt,Augmented,selective,identical,1788381
Simple,caso12f.txt,Augmented,role-blind,identical,1799181
Simple,caso12f.txt,Matrix-only,selective,identical,1735594
Simple,caso12f.txt,Matrix-only,role-blind,identical,1735594
Simple,caso14a.txt,Augmented,selective,identical,1787108
Simple,caso14a.txt,Augmented,role-blind,identical,1797945
Simple,caso14a.txt,Matrix-only,selective,identical,1735657
Simple,caso14a.txt,Matrix-only,role-blind,identical,1735657
Simple,caso14b.txt,Augmented,selective,identical,1787108
Simple,caso14b.txt,Augmented,role-blind,identical,1797945
Simple,caso14b.txt,Matrix-only,selective,identical,1735657
Simple,caso14b.txt,Matrix-only,role-blind,identical,1735657
Simple,caso14c.txt,Augmented,selective,identical,1787105
Simple,caso14c.txt,Augmented,role-blind,identical,1797942
Simple,caso14c.txt,Matrix-only,selective,identical,1735654
Simple,caso14c.txt,Matrix-only,role-blind,identical,1735654
Simple,caso14d.txt,Augmented,selective,identical,1787173
Simple,caso14d.txt,Augmented,role-blind,identical,1797999
Simple,caso14d.txt,Matrix-only,selective,identical,1735722
Simple,caso14d.txt,Matrix-only,role-blind,identical,1735722
Simple,caso14e.txt,Augmented,selective,identical,1787173
Simple,caso14e.txt,Augmented,role-blind,identical,1797999
Simple,caso14e.txt,Matrix-only,selective,identical,1735722
Simple,caso14e.txt,Matrix-only,role-blind,identical,1735722
Simple,caso14f.txt,Augmented,selective,identical,1787170
Simple,caso14f.txt,Augmented,role-blind,identical,1797996
Simple,caso14f.txt,Matrix-only,selective,identical,1735719
Simple,caso14f.txt,Matrix-only,role-blind,identical,1735719
Simple,caso19a.txt,Augmented,selective,identical,1785448
Simple,caso19a.txt,Augmented,role-blind,identical,1796252
Simple,caso19a.txt,Matrix-only,selective,identical,1733722
Simple,caso19a.txt,Matrix-only,role-blind,identical,1733722
Simple,caso19b.txt,Augmented,selective,identical,1785445
Simple,caso19b.txt,Augmented,role-blind,identical,1796249
Simple,caso19b.txt,Matrix-only,selective,identical,1733719
Simple,caso19b.txt,Matrix-only,role-blind,identical,1733719
Simple,caso19c.txt,Augmented,selective,identical,1785448
Simple,caso19c.txt,Augmented,role-blind,identical,1796252
Simple,caso19c.txt,Matrix-only,selective,identical,1733722
Simple,caso19c.txt,Matrix-only,role-blind,identical,1733722
Simple,caso19d.txt,Augmented,selective,identical,1785526
Simple,caso19d.txt,Augmented,role-blind,identical,1796354
Simple,caso19d.txt,Matrix-only,selective,identical,1733800
Simple,caso19d.txt,Matrix-only,role-blind,identical,1733800
Simple,caso19e.txt,Augmented,selective,identical,1785523
Simple,caso19e.txt,Augmented,role-blind,identical,1796351
Simple,caso19e.txt,Matrix-only,selective,identical,1733797
Simple,caso19e.txt,Matrix-only,role-blind,identical,1733797
Simple,caso19f.txt,Augmented,selective,identical,1785526
Simple,caso19f.txt,Augmented,role-blind,identical,1796354
Simple,caso19f.txt,Matrix-only,selective,identical,1733800
Simple,caso19f.txt,Matrix-only,role-blind,identical,1733800
Simple,caso20a.txt,Augmented,selective,identical,1785199
Simple,caso20a.txt,Augmented,role-blind,identical,1796053
Simple,caso20a.txt,Matrix-only,selective,identical,1733817
Simple,caso20a.txt,Matrix-only,role-blind,identical,1733817
Simple,caso20b.txt,Augmented,selective,identical,1785199
Simple,caso20b.txt,Augmented,role-blind,identical,1796053
Simple,caso20b.txt,Matrix-only,selective,identical,1733817
Simple,caso20b.txt,Matrix-only,role-blind,identical,1733817
Simple,caso20c.txt,Augmented,selective,identical,1785196
Simple,caso20c.txt,Augmented,role-blind,identical,1796050
Simple,caso20c.txt,Matrix-only,selective,identical,1733814
Simple,caso20c.txt,Matrix-only,role-blind,identical,1733814
Simple,caso20d.txt,Augmented,selective,identical,1785255
Simple,caso20d.txt,Augmented,role-blind,identical,1795999
Simple,caso20d.txt,Matrix-only,selective,identical,1733873
Simple,caso20d.txt,Matrix-only,role-blind,identical,1733873
Simple,caso20e.txt,Augmented,selective,identical,1785255
Simple,caso20e.txt,Augmented,role-blind,identical,1795999
Simple,caso20e.txt,Matrix-only,selective,identical,1733873
Simple,caso20e.txt,Matrix-only,role-blind,identical,1733873
Simple,caso20f.txt,Augmented,selective,identical,1785252
Simple,caso20f.txt,Augmented,role-blind,identical,1795996
Simple,caso20f.txt,Matrix-only,selective,identical,1733870
Simple,caso20f.txt,Matrix-only,role-blind,identical,1733870
Simple,caso21a.txt,Augmented,selective,identical,1769596
Simple,caso21a.txt,Augmented,role-blind,identical,1780513
Simple,caso21a.txt,Matrix-only,selective,identical,1734262
Simple,caso21a.txt,Matrix-only,role-blind,identical,1734262
Simple,caso21b.txt,Augmented,selective,identical,1769599
Simple,caso21b.txt,Augmented,role-blind,identical,1780516
Simple,caso21b.txt,Matrix-only,selective,identical,1734265
Simple,caso21b.txt,Matrix-only,role-blind,identical,1734265
Simple,caso21c.txt,Augmented,selective,identical,1769599
Simple,caso21c.txt,Augmented,role-blind,identical,1780516
Simple,caso21c.txt,Matrix-only,selective,identical,1734265
Simple,caso21c.txt,Matrix-only,role-blind,identical,1734265
Simple,caso21d.txt,Augmented,selective,identical,1769666
Simple,caso21d.txt,Augmented,role-blind,identical,1780474
Simple,caso21d.txt,Matrix-only,selective,identical,1734332
Simple,caso21d.txt,Matrix-only,role-blind,identical,1734332
Simple,caso21e.txt,Augmented,selective,identical,1769669
Simple,caso21e.txt,Augmented,role-blind,identical,1780477
Simple,caso21e.txt,Matrix-only,selective,identical,1734335
Simple,caso21e.txt,Matrix-only,role-blind,identical,1734335
Simple,caso21f.txt,Augmented,selective,identical,1769666
Simple,caso21f.txt,Augmented,role-blind,identical,1780474
Simple,caso21f.txt,Matrix-only,selective,identical,1734332
Simple,caso21f.txt,Matrix-only,role-blind,identical,1734332
Simple,caso22a.txt,Augmented,selective,identical,1777006
Simple,caso22a.txt,Augmented,role-blind,identical,1787746
Simple,caso22a.txt,Matrix-only,selective,identical,1734263
Simple,caso22a.txt,Matrix-only,role-blind,identical,1734263
Simple,caso22b.txt,Augmented,selective,identical,1777005
Simple,caso22b.txt,Augmented,role-blind,identical,1787745
Simple,caso22b.txt,Matrix-only,selective,identical,1734262
Simple,caso22b.txt,Matrix-only,role-blind,identical,1734262
Simple,caso22c.txt,Augmented,selective,identical,1777009
Simple,caso22c.txt,Augmented,role-blind,identical,1787749
Simple,caso22c.txt,Matrix-only,selective,identical,1734266
Simple,caso22c.txt,Matrix-only,role-blind,identical,1734266
Simple,caso22d.txt,Augmented,selective,identical,1777112
Simple,caso22d.txt,Augmented,role-blind,identical,1787894
Simple,caso22d.txt,Matrix-only,selective,identical,1734369
Simple,caso22d.txt,Matrix-only,role-blind,identical,1734369
Simple,caso22e.txt,Augmented,selective,identical,1777111
Simple,caso22e.txt,Augmented,role-blind,identical,1787893
Simple,caso22e.txt,Matrix-only,selective,identical,1734368
Simple,caso22e.txt,Matrix-only,role-blind,identical,1734368
Simple,caso22f.txt,Augmented,selective,identical,1777115
Simple,caso22f.txt,Augmented,role-blind,identical,1787897
Simple,caso22f.txt,Matrix-only,selective,identical,1734372
Simple,caso22f.txt,Matrix-only,role-blind,identical,1734372
Simple,caso23a.txt,Augmented,selective,identical,1750597
Simple,caso23a.txt,Augmented,role-blind,identical,1761499
Simple,caso23a.txt,Matrix-only,selective,identical,1729829
Simple,caso23a.txt,Matrix-only,role-blind,identical,1729829
Simple,caso23b.txt,Augmented,selective,identical,1750597
Simple,caso23b.txt,Augmented,role-blind,identical,1761499
Simple,caso23b.txt,Matrix-only,selective,identical,1729829
Simple,caso23b.txt,Matrix-only,role-blind,identical,1729829
Simple,caso23c.txt,Augmented,selective,identical,1750594
Simple,caso23c.txt,Augmented,role-blind,identical,1761496
Simple,caso23c.txt,Matrix-only,selective,identical,1729826
Simple,caso23c.txt,Matrix-only,role-blind,identical,1729826
Simple,caso23d.txt,Augmented,selective,identical,1750681
Simple,caso23d.txt,Augmented,role-blind,identical,1761485
Simple,caso23d.txt,Matrix-only,selective,identical,1729913
Simple,caso23d.txt,Matrix-only,role-blind,identical,1729913
Simple,caso23e.txt,Augmented,selective,identical,1750684
Simple,caso23e.txt,Augmented,role-blind,identical,1761488
Simple,caso23e.txt,Matrix-only,selective,identical,1729916
Simple,caso23e.txt,Matrix-only,role-blind,identical,1729916
Simple,caso23f.txt,Augmented,selective,identical,1750681
Simple,caso23f.txt,Augmented,role-blind,identical,1761485
Simple,caso23f.txt,Matrix-only,selective,identical,1729913
Simple,caso23f.txt,Matrix-only,role-blind,identical,1729913
Simple,caso24a.txt,Augmented,selective,identical,1765932
Simple,caso24a.txt,Augmented,role-blind,identical,1776765
Simple,caso24a.txt,Matrix-only,selective,identical,1732845
Simple,caso24a.txt,Matrix-only,role-blind,identical,1732845
Simple,caso24b.txt,Augmented,selective,identical,1765932
Simple,caso24b.txt,Augmented,role-blind,identical,1776765
Simple,caso24b.txt,Matrix-only,selective,identical,1732845
Simple,caso24b.txt,Matrix-only,role-blind,identical,1732845
Simple,caso24c.txt,Augmented,selective,identical,1765929
Simple,caso24c.txt,Augmented,role-blind,identical,1776762
Simple,caso24c.txt,Matrix-only,selective,identical,1732842
Simple,caso24c.txt,Matrix-only,role-blind,identical,1732842
Simple,caso24d.txt,Augmented,selective,identical,1765988
Simple,caso24d.txt,Augmented,role-blind,identical,1776748
Simple,caso24d.txt,Matrix-only,selective,identical,1732901
Simple,caso24d.txt,Matrix-only,role-blind,identical,1732901
Simple,caso24e.txt,Augmented,selective,identical,1765988
Simple,caso24e.txt,Augmented,role-blind,identical,1776748
Simple,caso24e.txt,Matrix-only,selective,identical,1732901
Simple,caso24e.txt,Matrix-only,role-blind,identical,1732901
Simple,caso24f.txt,Augmented,selective,identical,1765985
Simple,caso24f.txt,Augmented,role-blind,identical,1776745
Simple,caso24f.txt,Matrix-only,selective,identical,1732898
Simple,caso24f.txt,Matrix-only,role-blind,identical,1732898
Simple,caso25a.txt,Augmented,selective,identical,1768189
Simple,caso25a.txt,Augmented,role-blind,identical,1776333
Simple,caso25a.txt,Matrix-only,selective,identical,1729602
Simple,caso25a.txt,Matrix-only,role-blind,identical,1729602
Simple,caso25b.txt,Augmented,selective,identical,1768189
Simple,caso25b.txt,Augmented,role-blind,identical,1776333
Simple,caso25b.txt,Matrix-only,selective,identical,1729602
Simple,caso25b.txt,Matrix-only,role-blind,identical,1729602
Simple,caso25c.txt,Augmented,selective,identical,1768189
Simple,caso25c.txt,Augmented,role-blind,identical,1776333
Simple,caso25c.txt,Matrix-only,selective,identical,1729602
Simple,caso25c.txt,Matrix-only,role-blind,identical,1729602
Simple,caso25d.txt,Augmented,selective,identical,1768361
Simple,caso25d.txt,Augmented,role-blind,identical,1779336
Simple,caso25d.txt,Matrix-only,selective,identical,1729774
Simple,caso25d.txt,Matrix-only,role-blind,identical,1729774
Simple,caso25e.txt,Augmented,selective,identical,1768361
Simple,caso25e.txt,Augmented,role-blind,identical,1779336
Simple,caso25e.txt,Matrix-only,selective,identical,1729774
Simple,caso25e.txt,Matrix-only,role-blind,identical,1729774
Simple,caso25f.txt,Augmented,selective,identical,1768361
Simple,caso25f.txt,Augmented,role-blind,identical,1779336
Simple,caso25f.txt,Matrix-only,selective,identical,1729774
Simple,caso25f.txt,Matrix-only,role-blind,identical,1729774
Simple,caso26a.txt,Augmented,selective,identical,1768395
Simple,caso26a.txt,Augmented,role-blind,identical,1779214
Simple,caso26a.txt,Matrix-only,selective,identical,1731166
Simple,caso26a.txt,Matrix-only,role-blind,identical,1731166
Simple,caso26b.txt,Augmented,selective,identical,1768395
Simple,caso26b.txt,Augmented,role-blind,identical,1779214
Simple,caso26b.txt,Matrix-only,selective,identical,1731166
Simple,caso26b.txt,Matrix-only,role-blind,identical,1731166
Simple,caso26c.txt,Augmented,selective,identical,1768395
Simple,caso26c.txt,Augmented,role-blind,identical,1779214
Simple,caso26c.txt,Matrix-only,selective,identical,1731166
Simple,caso26c.txt,Matrix-only,role-blind,identical,1731166
Simple,caso26d.txt,Augmented,selective,identical,1768510
Simple,caso26d.txt,Augmented,role-blind,identical,1779274
Simple,caso26d.txt,Matrix-only,selective,identical,1731281
Simple,caso26d.txt,Matrix-only,role-blind,identical,1731281
Simple,caso26e.txt,Augmented,selective,identical,1768510
Simple,caso26e.txt,Augmented,role-blind,identical,1779274
Simple,caso26e.txt,Matrix-only,selective,identical,1731281
Simple,caso26e.txt,Matrix-only,role-blind,identical,1731281
Simple,caso26f.txt,Augmented,selective,identical,1768510
Simple,caso26f.txt,Augmented,role-blind,identical,1779274
Simple,caso26f.txt,Matrix-only,selective,identical,1731281
Simple,caso26f.txt,Matrix-only,role-blind,identical,1731281
Simple,caso27a.txt,Augmented,selective,identical,1779034
Simple,caso27a.txt,Augmented,role-blind,identical,1785775
Simple,caso27a.txt,Matrix-only,selective,identical,1732952
Simple,caso27a.txt,Matrix-only,role-blind,identical,1732952
Simple,caso27b.txt,Augmented,selective,identical,1779034
Simple,caso27b.txt,Augmented,role-blind,identical,1785775
Simple,caso27b.txt,Matrix-only,selective,identical,1732952
Simple,caso27b.txt,Matrix-only,role-blind,identical,1732952
Simple,caso27c.txt,Augmented,selective,identical,1779034
Simple,caso27c.txt,Augmented,role-blind,identical,1785775
Simple,caso27c.txt,Matrix-only,selective,identical,1732952
Simple,caso27c.txt,Matrix-only,role-blind,identical,1732952
Simple,caso27d.txt,Augmented,selective,identical,1779228
Simple,caso27d.txt,Augmented,role-blind,identical,1790199
Simple,caso27d.txt,Matrix-only,selective,identical,1733146
Simple,caso27d.txt,Matrix-only,role-blind,identical,1733146
Simple,caso27e.txt,Augmented,selective,identical,1779228
Simple,caso27e.txt,Augmented,role-blind,identical,1790199
Simple,caso27e.txt,Matrix-only,selective,identical,1733146
Simple,caso27e.txt,Matrix-only,role-blind,identical,1733146
Simple,caso27f.txt,Augmented,selective,identical,1779228
Simple,caso27f.txt,Augmented,role-blind,identical,1790199
Simple,caso27f.txt,Matrix-only,selective,identical,1733146
Simple,caso27f.txt,Matrix-only,role-blind,identical,1733146
Simple,caso28a.txt,Augmented,selective,identical,1760085
Simple,caso28a.txt,Augmented,role-blind,identical,1768148
Simple,caso28a.txt,Matrix-only,selective,identical,1730472
Simple,caso28a.txt,Matrix-only,role-blind,identical,1730472
Simple,caso28b.txt,Augmented,selective,identical,1760085
Simple,caso28b.txt,Augmented,role-blind,identical,1768148
Simple,caso28b.txt,Matrix-only,selective,identical,1730472
Simple,caso28b.txt,Matrix-only,role-blind,identical,1730472
Simple,caso28c.txt,Augmented,selective,identical,1760085
Simple,caso28c.txt,Augmented,role-blind,identical,1768148
Simple,caso28c.txt,Matrix-only,selective,identical,1730472
Simple,caso28c.txt,Matrix-only,role-blind,identical,1730472
Simple,caso28d.txt,Augmented,selective,identical,1760349
Simple,caso28d.txt,Augmented,role-blind,identical,1771364
Simple,caso28d.txt,Matrix-only,selective,identical,1730736
Simple,caso28d.txt,Matrix-only,role-blind,identical,1730736
Simple,caso28e.txt,Augmented,selective,identical,1760349
Simple,caso28e.txt,Augmented,role-blind,identical,1771364
Simple,caso28e.txt,Matrix-only,selective,identical,1730736
Simple,caso28e.txt,Matrix-only,role-blind,identical,1730736
Simple,caso28f.txt,Augmented,selective,identical,1760349
Simple,caso28f.txt,Augmented,role-blind,identical,1771364
Simple,caso28f.txt,Matrix-only,selective,identical,1730736
Simple,caso28f.txt,Matrix-only,role-blind,identical,1730736
Simple,caso29a.txt,Augmented,selective,identical,1754126
Simple,caso29a.txt,Augmented,role-blind,identical,1764964
Simple,caso29a.txt,Matrix-only,selective,identical,1726576
Simple,caso29a.txt,Matrix-only,role-blind,identical,1726576
Simple,caso29b.txt,Augmented,selective,identical,1754129
Simple,caso29b.txt,Augmented,role-blind,identical,1764967
Simple,caso29b.txt,Matrix-only,selective,identical,1726579
Simple,caso29b.txt,Matrix-only,role-blind,identical,1726579
Simple,caso29c.txt,Augmented,selective,identical,1754126
Simple,caso29c.txt,Augmented,role-blind,identical,1764964
Simple,caso29c.txt,Matrix-only,selective,identical,1726576
Simple,caso29c.txt,Matrix-only,role-blind,identical,1726576
Simple,caso29d.txt,Augmented,selective,identical,1754203
Simple,caso29d.txt,Augmented,role-blind,identical,1764991
Simple,caso29d.txt,Matrix-only,selective,identical,1726653
Simple,caso29d.txt,Matrix-only,role-blind,identical,1726653
Simple,caso29e.txt,Augmented,selective,identical,1754203
Simple,caso29e.txt,Augmented,role-blind,identical,1764991
Simple,caso29e.txt,Matrix-only,selective,identical,1726653
Simple,caso29e.txt,Matrix-only,role-blind,identical,1726653
Simple,caso29f.txt,Augmented,selective,identical,1754203
Simple,caso29f.txt,Augmented,role-blind,identical,1764991
Simple,caso29f.txt,Matrix-only,selective,identical,1726653
Simple,caso29f.txt,Matrix-only,role-blind,identical,1726653
Simple,caso30a.txt,Augmented,selective,identical,1779476
Simple,caso30a.txt,Augmented,role-blind,identical,1789327
Simple,caso30a.txt,Matrix-only,selective,identical,1732417
Simple,caso30a.txt,Matrix-only,role-blind,identical,1732417
Simple,caso30b.txt,Augmented,selective,identical,1779476
Simple,caso30b.txt,Augmented,role-blind,identical,1789327
Simple,caso30b.txt,Matrix-only,selective,identical,1732417
Simple,caso30b.txt,Matrix-only,role-blind,identical,1732417
Simple,caso30c.txt,Augmented,selective,identical,1779476
Simple,caso30c.txt,Augmented,role-blind,identical,1789327
Simple,caso30c.txt,Matrix-only,selective,identical,1732417
Simple,caso30c.txt,Matrix-only,role-blind,identical,1732417
Simple,caso30d.txt,Augmented,selective,identical,1779579
Simple,caso30d.txt,Augmented,role-blind,identical,1790408
Simple,caso30d.txt,Matrix-only,selective,identical,1732520
Simple,caso30d.txt,Matrix-only,role-blind,identical,1732520
Simple,caso30e.txt,Augmented,selective,identical,1779579
Simple,caso30e.txt,Augmented,role-blind,identical,1790408
Simple,caso30e.txt,Matrix-only,selective,identical,1732520
Simple,caso30e.txt,Matrix-only,role-blind,identical,1732520
Simple,caso30f.txt,Augmented,selective,identical,1779579
Simple,caso30f.txt,Augmented,role-blind,identical,1790408
Simple,caso30f.txt,Matrix-only,selective,identical,1732520
Simple,caso30f.txt,Matrix-only,role-blind,identical,1732520
Simple,caso31a.txt,Augmented,selective,identical,1766143
Simple,caso31a.txt,Augmented,role-blind,identical,1774179
Simple,caso31a.txt,Matrix-only,selective,identical,1730251
Simple,caso31a.txt,Matrix-only,role-blind,identical,1730251
Simple,caso31b.txt,Augmented,selective,identical,1766147
Simple,caso31b.txt,Augmented,role-blind,identical,1774183
Simple,caso31b.txt,Matrix-only,selective,identical,1730255
Simple,caso31b.txt,Matrix-only,role-blind,identical,1730255
Simple,caso31c.txt,Augmented,selective,identical,1766147
Simple,caso31c.txt,Augmented,role-blind,identical,1774183
Simple,caso31c.txt,Matrix-only,selective,identical,1730255
Simple,caso31c.txt,Matrix-only,role-blind,identical,1730255
Simple,caso31d.txt,Augmented,selective,identical,1766406
Simple,caso31d.txt,Augmented,role-blind,identical,1777442
Simple,caso31d.txt,Matrix-only,selective,identical,1730514
Simple,caso31d.txt,Matrix-only,role-blind,identical,1730514
Simple,caso31e.txt,Augmented,selective,identical,1766410
Simple,caso31e.txt,Augmented,role-blind,identical,1777446
Simple,caso31e.txt,Matrix-only,selective,identical,1730518
Simple,caso31e.txt,Matrix-only,role-blind,identical,1730518
Simple,caso31f.txt,Augmented,selective,identical,1766410
Simple,caso31f.txt,Augmented,role-blind,identical,1777446
Simple,caso31f.txt,Matrix-only,selective,identical,1730518
Simple,caso31f.txt,Matrix-only,role-blind,identical,1730518
Simple,caso32a.txt,Augmented,selective,identical,1780125
Simple,caso32a.txt,Augmented,role-blind,identical,1789814
Simple,caso32a.txt,Matrix-only,selective,identical,1733572
Simple,caso32a.txt,Matrix-only,role-blind,identical,1733572
Simple,caso32b.txt,Augmented,selective,identical,1780124
Simple,caso32b.txt,Augmented,role-blind,identical,1789813
Simple,caso32b.txt,Matrix-only,selective,identical,1733571
Simple,caso32b.txt,Matrix-only,role-blind,identical,1733571
Simple,caso32c.txt,Augmented,selective,identical,1780125
Simple,caso32c.txt,Augmented,role-blind,identical,1789814
Simple,caso32c.txt,Matrix-only,selective,identical,1733572
Simple,caso32c.txt,Matrix-only,role-blind,identical,1733572
Simple,caso32d.txt,Augmented,selective,identical,1780323
Simple,caso32d.txt,Augmented,role-blind,identical,1791311
Simple,caso32d.txt,Matrix-only,selective,identical,1733770
Simple,caso32d.txt,Matrix-only,role-blind,identical,1733770
Simple,caso32e.txt,Augmented,selective,identical,1780322
Simple,caso32e.txt,Augmented,role-blind,identical,1791310
Simple,caso32e.txt,Matrix-only,selective,identical,1733769
Simple,caso32e.txt,Matrix-only,role-blind,identical,1733769
Simple,caso32f.txt,Augmented,selective,identical,1780323
Simple,caso32f.txt,Augmented,role-blind,identical,1791311
Simple,caso32f.txt,Matrix-only,selective,identical,1733770
Simple,caso32f.txt,Matrix-only,role-blind,identical,1733770
Simple,caso33a.txt,Augmented,selective,identical,1755208
Simple,caso33a.txt,Augmented,role-blind,identical,1761389
Simple,caso33a.txt,Matrix-only,selective,identical,1729190
Simple,caso33a.txt,Matrix-only,role-blind,identical,1729190
Simple,caso33b.txt,Augmented,selective,identical,1755208
Simple,caso33b.txt,Augmented,role-blind,identical,1761389
Simple,caso33b.txt,Matrix-only,selective,identical,1729190
Simple,caso33b.txt,Matrix-only,role-blind,identical,1729190
Simple,caso33c.txt,Augmented,selective,identical,1755208
Simple,caso33c.txt,Augmented,role-blind,identical,1761389
Simple,caso33c.txt,Matrix-only,selective,identical,1729190
Simple,caso33c.txt,Matrix-only,role-blind,identical,1729190
Simple,caso33d.txt,Augmented,selective,identical,1755490
Simple,caso33d.txt,Augmented,role-blind,identical,1766580
Simple,caso33d.txt,Matrix-only,selective,identical,1729472
Simple,caso33d.txt,Matrix-only,role-blind,identical,1729472
Simple,caso33e.txt,Augmented,selective,identical,1755490
Simple,caso33e.txt,Augmented,role-blind,identical,1766580
Simple,caso33e.txt,Matrix-only,selective,identical,1729472
Simple,caso33e.txt,Matrix-only,role-blind,identical,1729472
Simple,caso33f.txt,Augmented,selective,identical,1755490
Simple,caso33f.txt,Augmented,role-blind,identical,1766580
Simple,caso33f.txt,Matrix-only,selective,identical,1729472
Simple,caso33f.txt,Matrix-only,role-blind,identical,1729472
Simple,caso34a.txt,Augmented,selective,identical,1781362
Simple,caso34a.txt,Augmented,role-blind,identical,1788032
Simple,caso34a.txt,Matrix-only,selective,identical,1733929
Simple,caso34a.txt,Matrix-only,role-blind,identical,1733929
Simple,caso34b.txt,Augmented,selective,identical,1781365
Simple,caso34b.txt,Augmented,role-blind,identical,1788035
Simple,caso34b.txt,Matrix-only,selective,identical,1733932
Simple,caso34b.txt,Matrix-only,role-blind,identical,1733932
Simple,caso34c.txt,Augmented,selective,identical,1781365
Simple,caso34c.txt,Augmented,role-blind,identical,1788035
Simple,caso34c.txt,Matrix-only,selective,identical,1733932
Simple,caso34c.txt,Matrix-only,role-blind,identical,1733932
Simple,caso34d.txt,Augmented,selective,identical,1781621
Simple,caso34d.txt,Augmented,role-blind,identical,1792571
Simple,caso34d.txt,Matrix-only,selective,identical,1734188
Simple,caso34d.txt,Matrix-only,role-blind,identical,1734188
Simple,caso34e.txt,Augmented,selective,identical,1781624
Simple,caso34e.txt,Augmented,role-blind,identical,1792574
Simple,caso34e.txt,Matrix-only,selective,identical,1734191
Simple,caso34e.txt,Matrix-only,role-blind,identical,1734191
Simple,caso34f.txt,Augmented,selective,identical,1781624
Simple,caso34f.txt,Augmented,role-blind,identical,1792574
Simple,caso34f.txt,Matrix-only,selective,identical,1734191
Simple,caso34f.txt,Matrix-only,role-blind,identical,1734191
Simple,caso35a.txt,Augmented,selective,identical,1772201
Simple,caso35a.txt,Augmented,role-blind,identical,1783053
Simple,caso35a.txt,Matrix-only,selective,identical,1733828
Simple,caso35a.txt,Matrix-only,role-blind,identical,1733828
Simple,caso35b.txt,Augmented,selective,identical,1772204
Simple,caso35b.txt,Augmented,role-blind,identical,1783056
Simple,caso35b.txt,Matrix-only,selective,identical,1733831
Simple,caso35b.txt,Matrix-only,role-blind,identical,1733831
Simple,caso35c.txt,Augmented,selective,identical,1772204
Simple,caso35c.txt,Augmented,role-blind,identical,1783056
Simple,caso35c.txt,Matrix-only,selective,identical,1733831
Simple,caso35c.txt,Matrix-only,role-blind,identical,1733831
Simple,caso35d.txt,Augmented,selective,identical,1772308
Simple,caso35d.txt,Augmented,role-blind,identical,1783009
Simple,caso35d.txt,Matrix-only,selective,identical,1733935
Simple,caso35d.txt,Matrix-only,role-blind,identical,1733935
Simple,caso35e.txt,Augmented,selective,identical,1772308
Simple,caso35e.txt,Augmented,role-blind,identical,1783009
Simple,caso35e.txt,Matrix-only,selective,identical,1733935
Simple,caso35e.txt,Matrix-only,role-blind,identical,1733935
Simple,caso35f.txt,Augmented,selective,identical,1772308
Simple,caso35f.txt,Augmented,role-blind,identical,1783009
Simple,caso35f.txt,Matrix-only,selective,identical,1733935
Simple,caso35f.txt,Matrix-only,role-blind,identical,1733935
Simple,caso42a.txt,Augmented,selective,identical,1773830
Simple,caso42a.txt,Augmented,role-blind,identical,1784680
Simple,caso42a.txt,Matrix-only,selective,identical,1731557
Simple,caso42a.txt,Matrix-only,role-blind,identical,1731557
Simple,caso42b.txt,Augmented,selective,identical,1773830
Simple,caso42b.txt,Augmented,role-blind,identical,1784680
Simple,caso42b.txt,Matrix-only,selective,identical,1731557
Simple,caso42b.txt,Matrix-only,role-blind,identical,1731557
Simple,caso42c.txt,Augmented,selective,identical,1773830
Simple,caso42c.txt,Augmented,role-blind,identical,1784680
Simple,caso42c.txt,Matrix-only,selective,identical,1731557
Simple,caso42c.txt,Matrix-only,role-blind,identical,1731557
Simple,caso42d.txt,Augmented,selective,identical,1773891
Simple,caso42d.txt,Augmented,role-blind,identical,1784682
Simple,caso42d.txt,Matrix-only,selective,identical,1731618
Simple,caso42d.txt,Matrix-only,role-blind,identical,1731618
Simple,caso42e.txt,Augmented,selective,identical,1773891
Simple,caso42e.txt,Augmented,role-blind,identical,1784682
Simple,caso42e.txt,Matrix-only,selective,identical,1731618
Simple,caso42e.txt,Matrix-only,role-blind,identical,1731618
Simple,caso42f.txt,Augmented,selective,identical,1773891
Simple,caso42f.txt,Augmented,role-blind,identical,1784682
Simple,caso42f.txt,Matrix-only,selective,identical,1731618
Simple,caso42f.txt,Matrix-only,role-blind,identical,1731618
Simple,caso43a.txt,Augmented,selective,identical,1785512
Simple,caso43a.txt,Augmented,role-blind,identical,1796308
Simple,caso43a.txt,Matrix-only,selective,identical,1733786
Simple,caso43a.txt,Matrix-only,role-blind,identical,1733786
Simple,caso43b.txt,Augmented,selective,identical,1785516
Simple,caso43b.txt,Augmented,role-blind,identical,1796312
Simple,caso43b.txt,Matrix-only,selective,identical,1733790
Simple,caso43b.txt,Matrix-only,role-blind,identical,1733790
Simple,caso43c.txt,Augmented,selective,identical,1785516
Simple,caso43c.txt,Augmented,role-blind,identical,1796312
Simple,caso43c.txt,Matrix-only,selective,identical,1733790
Simple,caso43c.txt,Matrix-only,role-blind,identical,1733790
Simple,caso43d.txt,Augmented,selective,identical,1785546
Simple,caso43d.txt,Augmented,role-blind,identical,1796359
Simple,caso43d.txt,Matrix-only,selective,identical,1733820
Simple,caso43d.txt,Matrix-only,role-blind,identical,1733820
Simple,caso43e.txt,Augmented,selective,identical,1785550
Simple,caso43e.txt,Augmented,role-blind,identical,1796363
Simple,caso43e.txt,Matrix-only,selective,identical,1733824
Simple,caso43e.txt,Matrix-only,role-blind,identical,1733824
Simple,caso43f.txt,Augmented,selective,identical,1785550
Simple,caso43f.txt,Augmented,role-blind,identical,1796363
Simple,caso43f.txt,Matrix-only,selective,identical,1733824
Simple,caso43f.txt,Matrix-only,role-blind,identical,1733824
Simple,caso44a.txt,Augmented,selective,identical,1785541
Simple,caso44a.txt,Augmented,role-blind,identical,1796429
Simple,caso44a.txt,Matrix-only,selective,identical,1734519
Simple,caso44a.txt,Matrix-only,role-blind,identical,1734519
Simple,caso44b.txt,Augmented,selective,identical,1785541
Simple,caso44b.txt,Augmented,role-blind,identical,1796429
Simple,caso44b.txt,Matrix-only,selective,identical,1734519
Simple,caso44b.txt,Matrix-only,role-blind,identical,1734519
Simple,caso44c.txt,Augmented,selective,identical,1785541
Simple,caso44c.txt,Augmented,role-blind,identical,1796429
Simple,caso44c.txt,Matrix-only,selective,identical,1734519
Simple,caso44c.txt,Matrix-only,role-blind,identical,1734519
Simple,caso44d.txt,Augmented,selective,identical,1785603
Simple,caso44d.txt,Augmented,role-blind,identical,1796383
Simple,caso44d.txt,Matrix-only,selective,identical,1734581
Simple,caso44d.txt,Matrix-only,role-blind,identical,1734581
Simple,caso44e.txt,Augmented,selective,identical,1785603
Simple,caso44e.txt,Augmented,role-blind,identical,1796383
Simple,caso44e.txt,Matrix-only,selective,identical,1734581
Simple,caso44e.txt,Matrix-only,role-blind,identical,1734581
Simple,caso44f.txt,Augmented,selective,identical,1785603
Simple,caso44f.txt,Augmented,role-blind,identical,1796383
Simple,caso44f.txt,Matrix-only,selective,identical,1734581
Simple,caso44f.txt,Matrix-only,role-blind,identical,1734581
Simple,caso45a.txt,Augmented,selective,identical,1768598
Simple,caso45a.txt,Augmented,role-blind,identical,1779431
Simple,caso45a.txt,Matrix-only,selective,identical,1733624
Simple,caso45a.txt,Matrix-only,role-blind,identical,1733624
Simple,caso45b.txt,Augmented,selective,identical,1768598
Simple,caso45b.txt,Augmented,role-blind,identical,1779431
Simple,caso45b.txt,Matrix-only,selective,identical,1733624
Simple,caso45b.txt,Matrix-only,role-blind,identical,1733624
Simple,caso45c.txt,Augmented,selective,identical,1768598
Simple,caso45c.txt,Augmented,role-blind,identical,1779431
Simple,caso45c.txt,Matrix-only,selective,identical,1733624
Simple,caso45c.txt,Matrix-only,role-blind,identical,1733624
Simple,caso45d.txt,Augmented,selective,identical,1768629
Simple,caso45d.txt,Augmented,role-blind,identical,1779420
Simple,caso45d.txt,Matrix-only,selective,identical,1733655
Simple,caso45d.txt,Matrix-only,role-blind,identical,1733655
Simple,caso45e.txt,Augmented,selective,identical,1768629
Simple,caso45e.txt,Augmented,role-blind,identical,1779420
Simple,caso45e.txt,Matrix-only,selective,identical,1733655
Simple,caso45e.txt,Matrix-only,role-blind,identical,1733655
Simple,caso45f.txt,Augmented,selective,identical,1768629
Simple,caso45f.txt,Augmented,role-blind,identical,1779420
Simple,caso45f.txt,Matrix-only,selective,identical,1733655
Simple,caso45f.txt,Matrix-only,role-blind,identical,1733655
Simple,caso46a.txt,Augmented,selective,identical,1776195
Simple,caso46a.txt,Augmented,role-blind,identical,1786638
Simple,caso46a.txt,Matrix-only,selective,identical,1733451
Simple,caso46a.txt,Matrix-only,role-blind,identical,1733451
Simple,caso46b.txt,Augmented,selective,identical,1776198
Simple,caso46b.txt,Augmented,role-blind,identical,1786641
Simple,caso46b.txt,Matrix-only,selective,identical,1733454
Simple,caso46b.txt,Matrix-only,role-blind,identical,1733454
Simple,caso46c.txt,Augmented,selective,identical,1776195
Simple,caso46c.txt,Augmented,role-blind,identical,1786638
Simple,caso46c.txt,Matrix-only,selective,identical,1733451
Simple,caso46c.txt,Matrix-only,role-blind,identical,1733451
Simple,caso46d.txt,Augmented,selective,identical,1776313
Simple,caso46d.txt,Augmented,role-blind,identical,1787153
Simple,caso46d.txt,Matrix-only,selective,identical,1733569
Simple,caso46d.txt,Matrix-only,role-blind,identical,1733569
Simple,caso46e.txt,Augmented,selective,identical,1776316
Simple,caso46e.txt,Augmented,role-blind,identical,1787156
Simple,caso46e.txt,Matrix-only,selective,identical,1733572
Simple,caso46e.txt,Matrix-only,role-blind,identical,1733572
Simple,caso46f.txt,Augmented,selective,identical,1776313
Simple,caso46f.txt,Augmented,role-blind,identical,1787153
Simple,caso46f.txt,Matrix-only,selective,identical,1733569
Simple,caso46f.txt,Matrix-only,role-blind,identical,1733569
Simple,caso47a.txt,Augmented,selective,identical,1751962
Simple,caso47a.txt,Augmented,role-blind,identical,1762451
Simple,caso47a.txt,Matrix-only,selective,identical,1731195
Simple,caso47a.txt,Matrix-only,role-blind,identical,1731195
Simple,caso47b.txt,Augmented,selective,identical,1751962
Simple,caso47b.txt,Augmented,role-blind,identical,1762451
Simple,caso47b.txt,Matrix-only,selective,identical,1731195
Simple,caso47b.txt,Matrix-only,role-blind,identical,1731195
Simple,caso47c.txt,Augmented,selective,identical,1751965
Simple,caso47c.txt,Augmented,role-blind,identical,1762454
Simple,caso47c.txt,Matrix-only,selective,identical,1731198
Simple,caso47c.txt,Matrix-only,role-blind,identical,1731198
Simple,caso47d.txt,Augmented,selective,identical,1752093
Simple,caso47d.txt,Augmented,role-blind,identical,1762990
Simple,caso47d.txt,Matrix-only,selective,identical,1731326
Simple,caso47d.txt,Matrix-only,role-blind,identical,1731326
Simple,caso47e.txt,Augmented,selective,identical,1752093
Simple,caso47e.txt,Augmented,role-blind,identical,1762990
Simple,caso47e.txt,Matrix-only,selective,identical,1731326
Simple,caso47e.txt,Matrix-only,role-blind,identical,1731326
Simple,caso47f.txt,Augmented,selective,identical,1752096
Simple,caso47f.txt,Augmented,role-blind,identical,1762993
Simple,caso47f.txt,Matrix-only,selective,identical,1731329
Simple,caso47f.txt,Matrix-only,role-blind,identical,1731329
Simple,caso48a.txt,Augmented,selective,identical,1765723
Simple,caso48a.txt,Augmented,role-blind,identical,1775222
Simple,caso48a.txt,Matrix-only,selective,identical,1732988
Simple,caso48a.txt,Matrix-only,role-blind,identical,1732988
Simple,caso48b.txt,Augmented,selective,identical,1765723
Simple,caso48b.txt,Augmented,role-blind,identical,1775222
Simple,caso48b.txt,Matrix-only,selective,identical,1732988
Simple,caso48b.txt,Matrix-only,role-blind,identical,1732988
Simple,caso48c.txt,Augmented,selective,identical,1765723
Simple,caso48c.txt,Augmented,role-blind,identical,1775222
Simple,caso48c.txt,Matrix-only,selective,identical,1732988
Simple,caso48c.txt,Matrix-only,role-blind,identical,1732988
Simple,caso48d.txt,Augmented,selective,identical,1765880
Simple,caso48d.txt,Augmented,role-blind,identical,1776733
Simple,caso48d.txt,Matrix-only,selective,identical,1733145
Simple,caso48d.txt,Matrix-only,role-blind,identical,1733145
Simple,caso48e.txt,Augmented,selective,identical,1765880
Simple,caso48e.txt,Augmented,role-blind,identical,1776733
Simple,caso48e.txt,Matrix-only,selective,identical,1733145
Simple,caso48e.txt,Matrix-only,role-blind,identical,1733145
Simple,caso48f.txt,Augmented,selective,identical,1765880
Simple,caso48f.txt,Augmented,role-blind,identical,1776733
Simple,caso48f.txt,Matrix-only,selective,identical,1733145
Simple,caso48f.txt,Matrix-only,role-blind,identical,1733145
SG-Ter-Mer,instance001.txt,Augmented,selective,identical,1041889
SG-Ter-Mer,instance001.txt,Augmented,role-blind,identical,1116161
SG-Ter-Mer,instance001.txt,Matrix-only,selective,identical,1025032
SG-Ter-Mer,instance001.txt,Matrix-only,role-blind,identical,1086041
SG-Ter-Mer,instance002.txt,Augmented,selective,identical,1042397
SG-Ter-Mer,instance002.txt,Augmented,role-blind,identical,1116263
SG-Ter-Mer,instance002.txt,Matrix-only,selective,identical,1025800
SG-Ter-Mer,instance002.txt,Matrix-only,role-blind,identical,1086282
SG-Ter-Mer,instance003.txt,Augmented,selective,identical,1028597
SG-Ter-Mer,instance003.txt,Augmented,role-blind,identical,1102416
SG-Ter-Mer,instance003.txt,Matrix-only,selective,identical,1011257
SG-Ter-Mer,instance003.txt,Matrix-only,role-blind,identical,1071650
SG-Ter-Mer,instance004.txt,Augmented,selective,identical,1042376
SG-Ter-Mer,instance004.txt,Augmented,role-blind,identical,1116117
SG-Ter-Mer,instance004.txt,Matrix-only,selective,identical,1024771
SG-Ter-Mer,instance004.txt,Matrix-only,role-blind,identical,1085336
SG-Ter-Mer,instance005.txt,Augmented,selective,identical,1042860
SG-Ter-Mer,instance005.txt,Augmented,role-blind,identical,1116836
SG-Ter-Mer,instance005.txt,Matrix-only,selective,identical,1025658
SG-Ter-Mer,instance005.txt,Matrix-only,role-blind,identical,1086394
SG-Ter-Mer,instance009.txt,Augmented,selective,identical,1037708
SG-Ter-Mer,instance009.txt,Augmented,role-blind,identical,1112728
SG-Ter-Mer,instance009.txt,Matrix-only,selective,identical,1020396
SG-Ter-Mer,instance009.txt,Matrix-only,role-blind,identical,1082455
SG-Ter-Mer,instance010.txt,Augmented,selective,identical,1043825
SG-Ter-Mer,instance010.txt,Augmented,role-blind,identical,1117756
SG-Ter-Mer,instance010.txt,Matrix-only,selective,identical,1026316
SG-Ter-Mer,instance010.txt,Matrix-only,role-blind,identical,1087077
SG-Ter-Mer,instance011.txt,Augmented,selective,identical,1042954
SG-Ter-Mer,instance011.txt,Augmented,role-blind,identical,1117020
SG-Ter-Mer,instance011.txt,Matrix-only,selective,identical,1026206
SG-Ter-Mer,instance011.txt,Matrix-only,role-blind,identical,1087125
SG-Ter-Mer,instance012.txt,Augmented,selective,identical,1044697
SG-Ter-Mer,instance012.txt,Augmented,role-blind,identical,1117162
SG-Ter-Mer,instance012.txt,Matrix-only,selective,identical,1027261
SG-Ter-Mer,instance012.txt,Matrix-only,role-blind,identical,1086327
SG-Ter-Mer,instance014.txt,Augmented,selective,identical,1041500
SG-Ter-Mer,instance014.txt,Augmented,role-blind,identical,1115287
SG-Ter-Mer,instance014.txt,Matrix-only,selective,identical,1023996
SG-Ter-Mer,instance014.txt,Matrix-only,role-blind,identical,1084534
SG-Ter-Mer,instance019.txt,Augmented,selective,identical,1042549
SG-Ter-Mer,instance019.txt,Augmented,role-blind,identical,1117359
SG-Ter-Mer,instance019.txt,Matrix-only,selective,identical,1024666
SG-Ter-Mer,instance019.txt,Matrix-only,role-blind,identical,1086691
SG-Ter-Mer,instance020.txt,Augmented,selective,identical,1040919
SG-Ter-Mer,instance020.txt,Augmented,role-blind,identical,1116126
SG-Ter-Mer,instance020.txt,Matrix-only,selective,identical,1023441
SG-Ter-Mer,instance020.txt,Matrix-only,role-blind,identical,1085969
SG-Ter-Mer,instance021.txt,Augmented,selective,identical,1041306
SG-Ter-Mer,instance021.txt,Augmented,role-blind,identical,1117017
SG-Ter-Mer,instance021.txt,Matrix-only,selective,identical,1024129
SG-Ter-Mer,instance021.txt,Matrix-only,role-blind,identical,1087123
SG-Ter-Mer,instance022.txt,Augmented,selective,identical,1039766
SG-Ter-Mer,instance022.txt,Augmented,role-blind,identical,1115955
SG-Ter-Mer,instance022.txt,Matrix-only,selective,identical,1022529
SG-Ter-Mer,instance022.txt,Matrix-only,role-blind,identical,1086036
SG-Ter-Mer,instance023.txt,Augmented,selective,identical,1039494
SG-Ter-Mer,instance023.txt,Augmented,role-blind,identical,1114955
SG-Ter-Mer,instance023.txt,Matrix-only,selective,identical,1022372
SG-Ter-Mer,instance023.txt,Matrix-only,role-blind,identical,1085200
SG-Ter-Mer,instance024.txt,Augmented,selective,identical,1040874
SG-Ter-Mer,instance024.txt,Augmented,role-blind,identical,1115068
SG-Ter-Mer,instance024.txt,Matrix-only,selective,identical,1023784
SG-Ter-Mer,instance024.txt,Matrix-only,role-blind,identical,1084761
SG-Ter-Mer,instance025.txt,Augmented,selective,identical,1038090
SG-Ter-Mer,instance025.txt,Augmented,role-blind,identical,1115158
SG-Ter-Mer,instance025.txt,Matrix-only,selective,identical,1021233
SG-Ter-Mer,instance025.txt,Matrix-only,role-blind,identical,1086021
SG-Ter-Mer,instance026.txt,Augmented,selective,identical,1039600
SG-Ter-Mer,instance026.txt,Augmented,role-blind,identical,1115694
SG-Ter-Mer,instance026.txt,Matrix-only,selective,identical,1023003
SG-Ter-Mer,instance026.txt,Matrix-only,role-blind,identical,1086245
SG-Ter-Mer,instance027.txt,Augmented,selective,identical,1024681
SG-Ter-Mer,instance027.txt,Augmented,role-blind,identical,1101451
SG-Ter-Mer,instance027.txt,Matrix-only,selective,identical,1007341
SG-Ter-Mer,instance027.txt,Matrix-only,role-blind,identical,1071634
SG-Ter-Mer,instance028.txt,Augmented,selective,identical,1038764
SG-Ter-Mer,instance028.txt,Augmented,role-blind,identical,1115413
SG-Ter-Mer,instance028.txt,Matrix-only,selective,identical,1021159
SG-Ter-Mer,instance028.txt,Matrix-only,role-blind,identical,1085293
SG-Ter-Mer,instance029.txt,Augmented,selective,identical,1039848
SG-Ter-Mer,instance029.txt,Augmented,role-blind,identical,1116116
SG-Ter-Mer,instance029.txt,Matrix-only,selective,identical,1022646
SG-Ter-Mer,instance029.txt,Matrix-only,role-blind,identical,1086390
SG-Ter-Mer,instance030.txt,Augmented,selective,identical,1038694
SG-Ter-Mer,instance030.txt,Augmented,role-blind,identical,1115756
SG-Ter-Mer,instance030.txt,Matrix-only,selective,identical,1021749
SG-Ter-Mer,instance030.txt,Matrix-only,role-blind,identical,1086400
SG-Ter-Mer,instance031.txt,Augmented,selective,identical,1032336
SG-Ter-Mer,instance031.txt,Augmented,role-blind,identical,1108437
SG-Ter-Mer,instance031.txt,Matrix-only,selective,identical,1014910
SG-Ter-Mer,instance031.txt,Matrix-only,role-blind,identical,1078505
SG-Ter-Mer,instance032.txt,Augmented,selective,identical,1041088
SG-Ter-Mer,instance032.txt,Augmented,role-blind,identical,1116829
SG-Ter-Mer,instance032.txt,Matrix-only,selective,identical,1023522
SG-Ter-Mer,instance032.txt,Matrix-only,role-blind,identical,1086753
SG-Ter-Mer,instance033.txt,Augmented,selective,identical,1034775
SG-Ter-Mer,instance033.txt,Augmented,role-blind,identical,1111966
SG-Ter-Mer,instance033.txt,Matrix-only,selective,identical,1017463
SG-Ter-Mer,instance033.txt,Matrix-only,role-blind,identical,1082364
SG-Ter-Mer,instance034.txt,Augmented,selective,identical,1041894
SG-Ter-Mer,instance034.txt,Augmented,role-blind,identical,1117317
SG-Ter-Mer,instance034.txt,Matrix-only,selective,identical,1024385
SG-Ter-Mer,instance034.txt,Matrix-only,role-blind,identical,1087052
SG-Ter-Mer,instance035.txt,Augmented,selective,identical,1043335
SG-Ter-Mer,instance035.txt,Augmented,role-blind,identical,1117034
SG-Ter-Mer,instance035.txt,Matrix-only,selective,identical,1026587
SG-Ter-Mer,instance035.txt,Matrix-only,role-blind,identical,1087106
SG-Ter-Mer,instance042.txt,Augmented,selective,identical,1045508
SG-Ter-Mer,instance042.txt,Augmented,role-blind,identical,1117840
SG-Ter-Mer,instance042.txt,Matrix-only,selective,identical,1028085
SG-Ter-Mer,instance042.txt,Matrix-only,role-blind,identical,1086774
SG-Ter-Mer,instance043.txt,Augmented,selective,identical,1044458
SG-Ter-Mer,instance043.txt,Augmented,role-blind,identical,1117870
SG-Ter-Mer,instance043.txt,Matrix-only,selective,identical,1026575
SG-Ter-Mer,instance043.txt,Matrix-only,role-blind,identical,1086683
SG-Ter-Mer,instance044.txt,Augmented,selective,identical,1046228
SG-Ter-Mer,instance044.txt,Augmented,role-blind,identical,1117331
SG-Ter-Mer,instance044.txt,Matrix-only,selective,identical,1028750
SG-Ter-Mer,instance044.txt,Matrix-only,role-blind,identical,1086032
SG-Ter-Mer,instance045.txt,Augmented,selective,identical,1044957
SG-Ter-Mer,instance045.txt,Augmented,role-blind,identical,1117814
SG-Ter-Mer,instance045.txt,Matrix-only,selective,identical,1027780
SG-Ter-Mer,instance045.txt,Matrix-only,role-blind,identical,1087103
SG-Ter-Mer,instance046.txt,Augmented,selective,identical,1040211
SG-Ter-Mer,instance046.txt,Augmented,role-blind,identical,1116127
SG-Ter-Mer,instance046.txt,Matrix-only,selective,identical,1022974
SG-Ter-Mer,instance046.txt,Matrix-only,role-blind,identical,1086047
SG-Ter-Mer,instance047.txt,Augmented,selective,identical,1037134
SG-Ter-Mer,instance047.txt,Augmented,role-blind,identical,1114681
SG-Ter-Mer,instance047.txt,Matrix-only,selective,identical,1020012
SG-Ter-Mer,instance047.txt,Matrix-only,role-blind,identical,1085186
SG-Ter-Mer,instance048.txt,Augmented,selective,identical,1037488
SG-Ter-Mer,instance048.txt,Augmented,role-blind,identical,1114618
SG-Ter-Mer,instance048.txt,Matrix-only,selective,identical,1020398
SG-Ter-Mer,instance048.txt,Matrix-only,role-blind,identical,1084792
SG-Ter-Mer,instance049.txt,Augmented,selective,identical,1045267
SG-Ter-Mer,instance049.txt,Augmented,role-blind,identical,1116381
SG-Ter-Mer,instance049.txt,Matrix-only,selective,identical,1028410
SG-Ter-Mer,instance049.txt,Matrix-only,role-blind,identical,1086377
SG-Ter-Mer,instance050.txt,Augmented,selective,identical,1045644
SG-Ter-Mer,instance050.txt,Augmented,role-blind,identical,1116485
SG-Ter-Mer,instance050.txt,Matrix-only,selective,identical,1029047
SG-Ter-Mer,instance050.txt,Matrix-only,role-blind,identical,1086670
SG-Ter-Mer,instance051.txt,Augmented,selective,identical,1031902
SG-Ter-Mer,instance051.txt,Augmented,role-blind,identical,1102779
SG-Ter-Mer,instance051.txt,Matrix-only,selective,identical,1014562
SG-Ter-Mer,instance051.txt,Matrix-only,role-blind,identical,1072047
SG-Ter-Mer,instance052.txt,Augmented,selective,identical,1045758
SG-Ter-Mer,instance052.txt,Augmented,role-blind,identical,1116833
SG-Ter-Mer,instance052.txt,Matrix-only,selective,identical,1028153
SG-Ter-Mer,instance052.txt,Matrix-only,role-blind,identical,1085718
SG-Ter-Mer,instance053.txt,Augmented,selective,identical,1046426
SG-Ter-Mer,instance053.txt,Augmented,role-blind,identical,1117078
SG-Ter-Mer,instance053.txt,Matrix-only,selective,identical,1029224
SG-Ter-Mer,instance053.txt,Matrix-only,role-blind,identical,1086791
SG-Ter-Mer,instance057.txt,Augmented,selective,identical,1040945
SG-Ter-Mer,instance057.txt,Augmented,role-blind,identical,1113274
SG-Ter-Mer,instance057.txt,Matrix-only,selective,identical,1023633
SG-Ter-Mer,instance057.txt,Matrix-only,role-blind,identical,1082865
SG-Ter-Mer,instance058.txt,Augmented,selective,identical,1046625
SG-Ter-Mer,instance058.txt,Augmented,role-blind,identical,1118204
SG-Ter-Mer,instance058.txt,Matrix-only,selective,identical,1029116
SG-Ter-Mer,instance058.txt,Matrix-only,role-blind,identical,1087580
SG-Ter-Mer,instance059.txt,Augmented,selective,identical,1045964
SG-Ter-Mer,instance059.txt,Augmented,role-blind,identical,1117680
SG-Ter-Mer,instance059.txt,Matrix-only,selective,identical,1029216
SG-Ter-Mer,instance059.txt,Matrix-only,role-blind,identical,1087574
SG-Ter-Mer,instance060.txt,Augmented,selective,identical,1047637
SG-Ter-Mer,instance060.txt,Augmented,role-blind,identical,1117575
SG-Ter-Mer,instance060.txt,Matrix-only,selective,identical,1030201
SG-Ter-Mer,instance060.txt,Matrix-only,role-blind,identical,1086892
SG-Ter-Mer,instance062.txt,Augmented,selective,identical,1044736
SG-Ter-Mer,instance062.txt,Augmented,role-blind,identical,1115690
SG-Ter-Mer,instance062.txt,Matrix-only,selective,identical,1027232
SG-Ter-Mer,instance062.txt,Matrix-only,role-blind,identical,1085021
SG-Ter-Mer,instance067.txt,Augmented,selective,identical,1046227
SG-Ter-Mer,instance067.txt,Augmented,role-blind,identical,1118370
SG-Ter-Mer,instance067.txt,Matrix-only,selective,identical,1028344
SG-Ter-Mer,instance067.txt,Matrix-only,role-blind,identical,1087025
SG-Ter-Mer,instance068.txt,Augmented,selective,identical,1044988
SG-Ter-Mer,instance068.txt,Augmented,role-blind,identical,1116939
SG-Ter-Mer,instance068.txt,Matrix-only,selective,identical,1027510
SG-Ter-Mer,instance068.txt,Matrix-only,role-blind,identical,1086386
SG-Ter-Mer,instance069.txt,Augmented,selective,identical,1044923
SG-Ter-Mer,instance069.txt,Augmented,role-blind,identical,1117500
SG-Ter-Mer,instance069.txt,Matrix-only,selective,identical,1027746
SG-Ter-Mer,instance069.txt,Matrix-only,role-blind,identical,1087459
SG-Ter-Mer,instance070.txt,Augmented,selective,identical,1043084
SG-Ter-Mer,instance070.txt,Augmented,role-blind,identical,1116706
SG-Ter-Mer,instance070.txt,Matrix-only,selective,identical,1025847
SG-Ter-Mer,instance070.txt,Matrix-only,role-blind,identical,1086289
SG-Ter-Mer,instance071.txt,Augmented,selective,identical,1043301
SG-Ter-Mer,instance071.txt,Augmented,role-blind,identical,1115888
SG-Ter-Mer,instance071.txt,Matrix-only,selective,identical,1026179
SG-Ter-Mer,instance071.txt,Matrix-only,role-blind,identical,1085552
SG-Ter-Mer,instance072.txt,Augmented,selective,identical,1044220
SG-Ter-Mer,instance072.txt,Augmented,role-blind,identical,1115609
SG-Ter-Mer,instance072.txt,Matrix-only,selective,identical,1027130
SG-Ter-Mer,instance072.txt,Matrix-only,role-blind,identical,1085206
SG-Ter-Mer,instance073.txt,Augmented,selective,identical,1041121
SG-Ter-Mer,instance073.txt,Augmented,role-blind,identical,1115769
SG-Ter-Mer,instance073.txt,Matrix-only,selective,identical,1024264
SG-Ter-Mer,instance073.txt,Matrix-only,role-blind,identical,1086400
SG-Ter-Mer,instance074.txt,Augmented,selective,identical,1043507
SG-Ter-Mer,instance074.txt,Augmented,role-blind,identical,1116312
SG-Ter-Mer,instance074.txt,Matrix-only,selective,identical,1026910
SG-Ter-Mer,instance074.txt,Matrix-only,role-blind,identical,1086619
SG-Ter-Mer,instance075.txt,Augmented,selective,identical,1029107
SG-Ter-Mer,instance075.txt,Augmented,role-blind,identical,1102425
SG-Ter-Mer,instance075.txt,Matrix-only,selective,identical,1011767
SG-Ter-Mer,instance075.txt,Matrix-only,role-blind,identical,1071977
SG-Ter-Mer,instance076.txt,Augmented,selective,identical,1043946
SG-Ter-Mer,instance076.txt,Augmented,role-blind,identical,1116575
SG-Ter-Mer,instance076.txt,Matrix-only,selective,identical,1026341
SG-Ter-Mer,instance076.txt,Matrix-only,role-blind,identical,1085747
SG-Ter-Mer,instance077.txt,Augmented,selective,identical,1044038
SG-Ter-Mer,instance077.txt,Augmented,role-blind,identical,1116954
SG-Ter-Mer,instance077.txt,Matrix-only,selective,identical,1026836
SG-Ter-Mer,instance077.txt,Matrix-only,role-blind,identical,1086738
SG-Ter-Mer,instance078.txt,Augmented,selective,identical,1042610
SG-Ter-Mer,instance078.txt,Augmented,role-blind,identical,1116523
SG-Ter-Mer,instance078.txt,Matrix-only,selective,identical,1025665
SG-Ter-Mer,instance078.txt,Matrix-only,role-blind,identical,1086802
SG-Ter-Mer,instance079.txt,Augmented,selective,identical,1036935
SG-Ter-Mer,instance079.txt,Augmented,role-blind,identical,1109526
SG-Ter-Mer,instance079.txt,Matrix-only,selective,identical,1019509
SG-Ter-Mer,instance079.txt,Matrix-only,role-blind,identical,1078873
SG-Ter-Mer,instance080.txt,Augmented,selective,identical,1045806
SG-Ter-Mer,instance080.txt,Augmented,role-blind,identical,1118121
SG-Ter-Mer,instance080.txt,Matrix-only,selective,identical,1028240
SG-Ter-Mer,instance080.txt,Matrix-only,role-blind,identical,1087096
SG-Ter-Mer,instance081.txt,Augmented,selective,identical,1038372
SG-Ter-Mer,instance081.txt,Augmented,role-blind,identical,1112583
SG-Ter-Mer,instance081.txt,Matrix-only,selective,identical,1021060
SG-Ter-Mer,instance081.txt,Matrix-only,role-blind,identical,1082800
SG-Ter-Mer,instance082.txt,Augmented,selective,identical,1045288
SG-Ter-Mer,instance082.txt,Augmented,role-blind,identical,1117969
SG-Ter-Mer,instance082.txt,Matrix-only,selective,identical,1027779
SG-Ter-Mer,instance082.txt,Matrix-only,role-blind,identical,1087473
SG-Ter-Mer,instance083.txt,Augmented,selective,identical,1047060
SG-Ter-Mer,instance083.txt,Augmented,role-blind,identical,1118009
SG-Ter-Mer,instance083.txt,Matrix-only,selective,identical,1030312
SG-Ter-Mer,instance083.txt,Matrix-only,role-blind,identical,1087492
SG-Ter-Mer,instance090.txt,Augmented,selective,identical,1048750
SG-Ter-Mer,instance090.txt,Augmented,role-blind,identical,1117987
SG-Ter-Mer,instance090.txt,Matrix-only,selective,identical,1031327
SG-Ter-Mer,instance090.txt,Matrix-only,role-blind,identical,1087192
SG-Ter-Mer,instance091.txt,Augmented,selective,identical,1048423
SG-Ter-Mer,instance091.txt,Augmented,role-blind,identical,1118196
SG-Ter-Mer,instance091.txt,Matrix-only,selective,identical,1030540
SG-Ter-Mer,instance091.txt,Matrix-only,role-blind,identical,1087139
SG-Ter-Mer,instance092.txt,Augmented,selective,identical,1048491
SG-Ter-Mer,instance092.txt,Augmented,role-blind,identical,1117631
SG-Ter-Mer,instance092.txt,Matrix-only,selective,identical,1031013
SG-Ter-Mer,instance092.txt,Matrix-only,role-blind,identical,1086503
SG-Ter-Mer,instance093.txt,Augmented,selective,identical,1048548
SG-Ter-Mer,instance093.txt,Augmented,role-blind,identical,1118351
SG-Ter-Mer,instance093.txt,Matrix-only,selective,identical,1031371
SG-Ter-Mer,instance093.txt,Matrix-only,role-blind,identical,1087505
SG-Ter-Mer,instance094.txt,Augmented,selective,identical,1043871
SG-Ter-Mer,instance094.txt,Augmented,role-blind,identical,1116732
SG-Ter-Mer,instance094.txt,Matrix-only,selective,identical,1026634
SG-Ter-Mer,instance094.txt,Matrix-only,role-blind,identical,1086418
SG-Ter-Mer,instance095.txt,Augmented,selective,identical,1040277
SG-Ter-Mer,instance095.txt,Augmented,role-blind,identical,1115385
SG-Ter-Mer,instance095.txt,Matrix-only,selective,identical,1023155
SG-Ter-Mer,instance095.txt,Matrix-only,role-blind,identical,1085533
SG-Ter-Mer,instance096.txt,Augmented,selective,identical,1040367
SG-Ter-Mer,instance096.txt,Augmented,role-blind,identical,1115029
SG-Ter-Mer,instance096.txt,Matrix-only,selective,identical,1023277
SG-Ter-Mer,instance096.txt,Matrix-only,role-blind,identical,1085165
Full,instance001.txt,Augmented,selective,identical,2785686
Full,instance001.txt,Augmented,role-blind,identical,2855561
Full,instance001.txt,Matrix-only,selective,identical,2730273
Full,instance001.txt,Matrix-only,role-blind,identical,2786703
Full,instance002.txt,Augmented,selective,identical,2785600
Full,instance002.txt,Augmented,role-blind,identical,2855241
Full,instance002.txt,Matrix-only,selective,identical,2730748
Full,instance002.txt,Matrix-only,role-blind,identical,2786895
Full,instance003.txt,Augmented,selective,identical,2781169
Full,instance003.txt,Augmented,role-blind,identical,2851258
Full,instance003.txt,Matrix-only,selective,identical,2718487
Full,instance003.txt,Matrix-only,role-blind,identical,2774974
Full,instance004.txt,Augmented,selective,identical,2773092
Full,instance004.txt,Augmented,role-blind,identical,2842693
Full,instance004.txt,Matrix-only,selective,identical,2726968
Full,instance004.txt,Matrix-only,role-blind,identical,2782946
Full,instance005.txt,Augmented,selective,identical,2777753
Full,instance005.txt,Augmented,role-blind,identical,2847436
Full,instance005.txt,Matrix-only,selective,identical,2731578
Full,instance005.txt,Matrix-only,role-blind,identical,2787751
Full,instance009.txt,Augmented,selective,identical,2769463
Full,instance009.txt,Augmented,role-blind,identical,2840050
Full,instance009.txt,Matrix-only,selective,identical,2726836
Full,instance009.txt,Matrix-only,role-blind,identical,2784424
Full,instance010.txt,Augmented,selective,identical,2801883
Full,instance010.txt,Augmented,role-blind,identical,2872050
Full,instance010.txt,Matrix-only,selective,identical,2737333
Full,instance010.txt,Matrix-only,role-blind,identical,2794402
Full,instance011.txt,Augmented,selective,identical,2787024
Full,instance011.txt,Augmented,role-blind,identical,2856801
Full,instance011.txt,Matrix-only,selective,identical,2731221
Full,instance011.txt,Matrix-only,role-blind,identical,2787779
Full,instance012.txt,Augmented,selective,identical,2804288
Full,instance012.txt,Augmented,role-blind,identical,2873362
Full,instance012.txt,Matrix-only,selective,identical,2734824
Full,instance012.txt,Matrix-only,role-blind,identical,2790194
Full,instance014.txt,Augmented,selective,identical,2803296
Full,instance014.txt,Augmented,role-blind,identical,2873319
Full,instance014.txt,Matrix-only,selective,identical,2734372
Full,instance014.txt,Matrix-only,role-blind,identical,2790800
Full,instance019.txt,Augmented,selective,identical,2803631
Full,instance019.txt,Augmented,role-blind,identical,2874306
Full,instance019.txt,Matrix-only,selective,identical,2733333
Full,instance019.txt,Matrix-only,role-blind,identical,2790938
Full,instance020.txt,Augmented,selective,identical,2800737
Full,instance020.txt,Augmented,role-blind,identical,2871798
Full,instance020.txt,Matrix-only,selective,identical,2732331
Full,instance020.txt,Matrix-only,role-blind,identical,2789795
Full,instance021.txt,Augmented,selective,identical,2784703
Full,instance021.txt,Augmented,role-blind,identical,2856586
Full,instance021.txt,Matrix-only,selective,identical,2731124
Full,instance021.txt,Matrix-only,role-blind,identical,2789246
Full,instance022.txt,Augmented,selective,identical,2792727
Full,instance022.txt,Augmented,role-blind,identical,2864323
Full,instance022.txt,Matrix-only,selective,identical,2732671
Full,instance022.txt,Matrix-only,role-blind,identical,2791487
Full,instance023.txt,Augmented,selective,identical,2762142
Full,instance023.txt,Augmented,role-blind,identical,2833312
Full,instance023.txt,Matrix-only,selective,identical,2724276
Full,instance023.txt,Matrix-only,role-blind,identical,2782214
Full,instance024.txt,Augmented,selective,identical,2779512
Full,instance024.txt,Augmented,role-blind,identical,2849658
Full,instance024.txt,Matrix-only,selective,identical,2729349
Full,instance024.txt,Matrix-only,role-blind,identical,2785788
Full,instance025.txt,Augmented,selective,identical,2780991
Full,instance025.txt,Augmented,role-blind,identical,2854705
Full,instance025.txt,Matrix-only,selective,identical,2725578
Full,instance025.txt,Matrix-only,role-blind,identical,2786643
Full,instance026.txt,Augmented,selective,identical,2783141
Full,instance026.txt,Augmented,role-blind,identical,2854187
Full,instance026.txt,Matrix-only,selective,identical,2729733
Full,instance026.txt,Matrix-only,role-blind,identical,2787523
Full,instance027.txt,Augmented,selective,identical,2774429
Full,instance027.txt,Augmented,role-blind,identical,2846769
Full,instance027.txt,Matrix-only,selective,identical,2711751
Full,instance027.txt,Matrix-only,role-blind,identical,2770715
Full,instance028.txt,Augmented,selective,identical,2775126
Full,instance028.txt,Augmented,role-blind,identical,2846557
Full,instance028.txt,Matrix-only,selective,identical,2729004
Full,instance028.txt,Matrix-only,role-blind,identical,2786941
Full,instance029.txt,Augmented,selective,DIFFERENT,2772331
Full,instance029.txt,Augmented,role-blind,DIFFERENT,2843928
Full,instance029.txt,Matrix-only,selective,DIFFERENT,2728687
Full,instance029.txt,Matrix-only,role-blind,DIFFERENT,2787005
Full,instance030.txt,Augmented,selective,identical,2793953
Full,instance030.txt,Augmented,role-blind,identical,2867057
Full,instance030.txt,Matrix-only,selective,identical,2729583
Full,instance030.txt,Matrix-only,role-blind,identical,2789743
Full,instance031.txt,Augmented,selective,identical,2775225
Full,instance031.txt,Augmented,role-blind,identical,2846866
Full,instance031.txt,Matrix-only,selective,identical,2722295
Full,instance031.txt,Matrix-only,role-blind,identical,2780622
Full,instance032.txt,Augmented,selective,identical,2798058
Full,instance032.txt,Augmented,role-blind,identical,2868710
Full,instance032.txt,Matrix-only,selective,identical,2732463
Full,instance032.txt,Matrix-only,role-blind,identical,2789637
Full,instance033.txt,Augmented,selective,identical,2767895
Full,instance033.txt,Augmented,role-blind,identical,2841569
Full,instance033.txt,Matrix-only,selective,identical,2724542
Full,instance033.txt,Matrix-only,role-blind,identical,2785428
Full,instance034.txt,Augmented,selective,identical,2799795
Full,instance034.txt,Augmented,role-blind,identical,2870768
Full,instance034.txt,Matrix-only,selective,identical,2734871
Full,instance034.txt,Matrix-only,role-blind,identical,2792850
Full,instance035.txt,Augmented,selective,DIFFERENT,2788807
Full,instance035.txt,Augmented,role-blind,DIFFERENT,2858379
Full,instance035.txt,Matrix-only,selective,DIFFERENT,2734099
Full,instance035.txt,Matrix-only,role-blind,DIFFERENT,2789843
Full,instance042.txt,Augmented,selective,identical,2794852
Full,instance042.txt,Augmented,role-blind,identical,2863083
Full,instance042.txt,Matrix-only,selective,identical,2736622
Full,instance042.txt,Matrix-only,role-blind,identical,2790995
Full,instance043.txt,Augmented,selective,identical,2805337
Full,instance043.txt,Augmented,role-blind,identical,2874277
Full,instance043.txt,Matrix-only,selective,identical,2736833
Full,instance043.txt,Matrix-only,role-blind,identical,2792041
Full,instance044.txt,Augmented,selective,identical,2804615
Full,instance044.txt,Augmented,role-blind,identical,2872416
Full,instance044.txt,Matrix-only,selective,identical,2736216
Full,instance044.txt,Matrix-only,role-blind,identical,2790418
Full,instance045.txt,Augmented,selective,DIFFERENT,2786731
Full,instance045.txt,Augmented,role-blind,DIFFERENT,2855033
Full,instance045.txt,Matrix-only,selective,DIFFERENT,2734962
Full,instance045.txt,Matrix-only,role-blind,DIFFERENT,2789683
Full,instance046.txt,Augmented,selective,identical,2792620
Full,instance046.txt,Augmented,role-blind,identical,2864358
Full,instance046.txt,Matrix-only,selective,identical,2732567
Full,instance046.txt,Matrix-only,role-blind,identical,2790779
Full,instance047.txt,Augmented,selective,DIFFERENT,2760809
Full,instance047.txt,Augmented,role-blind,DIFFERENT,2834952
Full,instance047.txt,Matrix-only,selective,DIFFERENT,2722944
Full,instance047.txt,Matrix-only,role-blind,DIFFERENT,2784342
Full,instance048.txt,Augmented,selective,DIFFERENT,2776732
Full,instance048.txt,Augmented,role-blind,DIFFERENT,2849925
Full,instance048.txt,Matrix-only,selective,DIFFERENT,2727287
Full,instance048.txt,Matrix-only,role-blind,DIFFERENT,2787589
