instance,variant,rows,cols,sigma_max,sigma_min,sigma_min_pos,kappa2,kappa2_pos,range_proxy,rank_deficient
coupling_S6_seed20250803,Base,43,38,1178729.6638860297,6.999741984054721e-19,0.005121098528817647,1.6839615896859532e+24,230171252.76013258,234258818.78590655,1
coupling_S6_seed20250803,Flat,43,38,17.830408141922646,2.4840782060949876e-18,0.0005999983649022213,7.177877128897784e+18,29717.42788803829,16475.202118262965,1
coupling_S6_seed20250803,FlatMat,43,38,118.09905293417192,1.4019885015592526e-16,0.0062433584523757845,8.423681991886912e+17,18915.949458136864,13920.30588570283,1
coupling_S6_seed20250803,Ruiz,43,38,680.8069187761794,2.364844058368591e-18,0.0007673955117098738,2.8788660138793258e+20,887165.6250102872,23546673.488898505,1
coupling_S6_seed20250803,SAAug,43,38,680.806905534849,7.518027886598282e-18,0.0005994367061497362,9.055658156688441e+19,1135744.4389880036,23546673.488898505,1
coupling_S6_seed20250803,SAMat,43,38,10.00058163380746,1.0073067776597227e-16,0.005534084908436638,9.92803965544819e+16,1807.088579100351,139322.9892408597,1
coupling_S6_seed20250804,Base,43,38,5263754.703969566,1.011876910274201e-17,0.0060906032593272584,5.2019713569145286e+23,864241928.0731442,1004893982.0822976,1
coupling_S6_seed20250804,Flat,43,38,26.4489407073105,2.735185018949853e-18,0.0004856276057931184,9.66989089369366e+18,54463.42092541168,27584.29481731716,1
coupling_S6_seed20250804,FlatMat,43,38,138.64748390753834,2.9548474845276954e-16,0.005208080949563632,4.6922044076227456e+17,26621.606931657843,19180.368289439513,1
coupling_S6_seed20250804,Ruiz,43,38,24.58043114178405,1.2558720102857095e-18,0.00043086241257085135,1.9572401439372816e+19,57049.37452101841,12185945.812099593,1
coupling_S6_seed20250804,SAAug,43,38,10.00069192607542,3.68324108251316e-18,0.00040149867856505817,2.715187983093335e+18,24908.40558135218,4957828.061341174,1
coupling_S6_seed20250804,SAMat,43,38,10.000536086803121,3.2163626966254623e-16,0.004722909560630777,3.1092687703707876e+16,2117.4523793903604,192009.80488530212,1
coupling_S6_seed20250805,Base,43,38,230314.93495559797,1.573081102600965e-19,1.4643178639912655e-05,1.4641008310047743e+24,15728479493.36851,4367294447119.4062,1
coupling_S6_seed20250805,Flat,43,38,13.286695775351275,4.469794435389956e-18,0.0015715974650795485,2.972551862822324e+18,8454.261393631576,13977.768670236785,1
coupling_S6_seed20250805,FlatMat,43,38,118.35280587127035,2.0108959093792796e-16,0.016857783754694263,5.885575942506309e+17,7020.6622408662415,13977.768670236761,1
coupling_S6_seed20250805,Ruiz,43,38,23.609864153289813,1.6662550665127665e-18,1.464306689611748e-05,1.4169417772695437e+19,1612357.8701637853,448055216.9983628,1
coupling_S6_seed20250805,SAAug,43,38,10.00050031797631,1.6590209206937318e-18,1.4642973176424547e-05,6.027953109713968e+18,682955.5854187658,189784073.7697861,1
coupling_S6_seed20250805,SAMat,43,38,10.000527806913261,8.405528785902681e-17,0.011501076811105284,1.1897559406001477e+17,869.5296945810228,139896.54253667855,1
coupling_S6_seed20250806,Base,43,38,986.7199624482395,5.473087295305059e-22,0.00011767124344879501,1.8028580748103007e+24,8385395.900720754,824140990.2547026,1
coupling_S6_seed20250806,Flat,43,38,15.408959775235264,2.6503258735050816e-18,0.00043527643741108176,5.813986849419678e+18,35400.39949528167,12568.64296816589,1
coupling_S6_seed20250806,FlatMat,43,38,112.26099825223861,1.4343984388624804e-16,0.005215198674243778,7.826346934765549e+17,21525.73761123623,12568.64296816592,1
coupling_S6_seed20250806,Ruiz,43,38,24.801474999157946,8.047759288087045e-20,0.00011747745680529024,3.0817863844251815e+20,211116.88721917488,21487707.170200586,1
coupling_S6_seed20250806,SAAug,43,38,10.000501041866833,1.6437658543522084e-19,0.00011737077588012203,6.0838963258595795e+19,85204.35318652881,8664315.972697366,1
coupling_S6_seed20250806,SAMat,43,38,10.000547927555013,7.925303149194004e-17,0.004692334264081806,1.2618505234808664e+17,2131.25224349547,125845.04788785825,1
coupling_S6_seed20250807,Base,43,38,900.7485740691068,5.05688738734373e-19,3.894105251367008e-05,1.781231229952799e+21,23131079.3089864,3623213522.898135,1
coupling_S6_seed20250807,Flat,43,38,17.360604814869273,2.3301203192589435e-18,0.0006914546204107862,7.45051861544666e+18,25107.36685012751,18438.875013910798,1
coupling_S6_seed20250807,FlatMat,43,38,128.10816238482235,6.06104085427039e-17,0.007324188221345457,2.1136330452971948e+18,17491.107343673484,16379.67688943989,1
coupling_S6_seed20250807,Ruiz,43,38,24.73876449246848,1.5810289718764243e-19,2.9725104621630953e-05,1.564725563700935e+20,832251.5532700963,102635789.66637215,1
coupling_S6_seed20250807,SAAug,43,38,10.000506500768234,4.4455175743623295e-20,2.9722621441830905e-05,2.2495707942854594e+20,336461.1200374729,41489914.19873007,1
coupling_S6_seed20250807,SAMat,43,38,10.000546095147042,3.1674507472001815e-16,0.0058721175643568265,3.1572854302428756e+16,1703.056177868333,163947.77026688267,1
coupling_S6_seed20250808,Base,43,38,4511776.6637941785,3.252397570662332e-18,0.005994961610836996,1.3872156050329913e+24,752594754.8418512,897800603.2039766,1
coupling_S6_seed20250808,Flat,43,38,29.23283392452157,4.196581773991099e-18,0.001181668552922264,6.965867817874094e+18,24738.60699113032,21220.166604960697,1
coupling_S6_seed20250808,FlatMat,43,38,145.7177304820382,3.0220578375750163e-16,0.012712582165667384,4.821804820220323e+17,11462.480917179451,21220.16660496077,1
coupling_S6_seed20250808,Ruiz,43,38,25.093703646054124,1.0853120882953053e-18,0.00014124558880978806,2.3121186907139944e+19,177660.08735215932,36215842.64529742,1
coupling_S6_seed20250808,SAAug,43,38,10.000500552894541,2.898762142506223e-18,0.000141033723861247,3.449921056388666e+18,70908.57618375956,14432964.563168414,1
coupling_S6_seed20250808,SAMat,43,38,10.000572235782471,3.3531466220141714e-17,0.007839289486609414,2.982444063175298e+17,1275.6988057227413,212243.16156939152,1
coupling_S6_seed20250809,Base,43,38,376.51910113946167,3.946253250230047e-19,7.007183252935629e-06,9.541179373561808e+20,53733303.03324387,2236985493.3935595,1
coupling_S6_seed20250809,Flat,43,38,18.269632055585383,3.0658189462550497e-18,0.0010235743189962163,5.959136001133417e+18,17848.85739757693,25948.649938698672,1
coupling_S6_seed20250809,FlatMat,43,38,159.37638404281586,1.2353740085236182e-16,0.00995713247922165,1.2901063398062326e+18,16006.253243632078,25326.692175084456,1
coupling_S6_seed20250809,Ruiz,43,38,23.33291779177296,3.509788138715924e-18,7.0071078021194456e-06,6.647956192680462e+18,3329892.796099902,351351123.33468026,1
coupling_S6_seed20250809,SAAug,43,38,10.000781028062384,8.831390043733233e-19,7.0070582954453905e-06,1.1324130152261763e+19,1427243.8741608476,150589264.0122538,1
coupling_S6_seed20250809,SAMat,43,38,10.000545395585162,1.1311496708672102e-16,0.007456221147173401,8.841045224296549e+16,1341.235083856961,253598.87103707026,1
coupling_S6_seed20250810,Base,43,38,689578.4062851039,1.8342301551385938e-18,0.0009871517405179644,3.75949770727109e+23,698553604.2546792,100413446421.62558,1
coupling_S6_seed20250810,Flat,43,38,27.456543245997043,2.55511336347763e-18,0.0014494096202477846,1.0745724099155972e+19,18943.259974570334,25114.274124283296,1
coupling_S6_seed20250810,FlatMat,43,38,158.55854239675423,9.260761180699607e-17,0.01674229797283052,1.7121545335518075e+18,9470.536401518106,25114.274124283274,1
coupling_S6_seed20250810,Ruiz,43,38,300.88133778290035,8.188435188453777e-19,0.000924454511355568,3.674466865258487e+20,325469.0567107568,43663860.57134367,1
coupling_S6_seed20250810,SAAug,43,38,300.8813262017754,6.570471801526576e-19,0.0009080133247942166,4.579295601449335e+20,331362.23663894384,43663860.57134367,1
coupling_S6_seed20250810,SAMat,43,38,10.000550082679268,6.6023445561208226e-18,0.009159626839269333,1.5146967865238234e+18,1091.8075875978607,251243.15900171234,1
coupling_S6_seed20250811,Base,43,38,3449023.702063588,1.1704547351827438e-23,0.000173936667233746,2.9467382192486835e+29,19829192756.858986,4754644233877.58,1
coupling_S6_seed20250811,Flat,43,38,22.131978003745676,1.9513288053387292e-18,0.0007703797004313455,1.1342003430274687e+19,28728.66197195188,24282.708861528143,1
coupling_S6_seed20250811,FlatMat,43,38,123.8748630872309,8.703615580405501e-17,0.008838655460495396,1.4232575180148244e+18,14015.125223614936,15313.776052602394,1
coupling_S6_seed20250811,Ruiz,43,38,23.977482567297074,2.508025700296905e-19,0.00012939624770185807,9.560301780184539e+19,185302.7656763556,33080151.294658843,1
coupling_S6_seed20250811,SAAug,43,38,10.000567804703937,1.754736819478772e-18,0.00012906116694561326,5.699183885407108e+18,77487.03999335605,13797030.288433822,1
coupling_S6_seed20250811,SAMat,43,38,10.000548439376608,1.3223597986364363e-16,0.0075399010663087206,7.562653106732954e+16,1326.3500875446548,153266.08403550548,1
coupling_S6_seed20250812,Base,43,38,381.6878331551064,9.466507096988015e-23,1.4157394329450078e-05,4.031981693401456e+24,26960316.586020563,1701035000.0092847,1
coupling_S6_seed20250812,Flat,43,38,21.395347108273107,4.351317645740769e-18,0.0006238608753167602,4.91698121124659e+18,34295.06153500938,20149.459542237233,1
coupling_S6_seed20250812,FlatMat,43,38,110.75550646582238,1.509747838370344e-17,0.006686518336908564,7.336026828518224e+18,16564.002502538402,12241.999418266394,1
coupling_S6_seed20250812,Ruiz,43,38,23.050068505142033,3.1635406230406804e-18,1.4157014667613754e-05,7.286161694041135e+18,1628172.962049156,283762645.8652176,1
coupling_S6_seed20250812,SAAug,43,38,10.000500319386125,8.162087732413958e-18,1.4156861776973546e-05,1.2252380331163694e+18,706406.5805637916,123113228.19058685,1
coupling_S6_seed20250812,SAMat,43,38,10.000548861782647,4.003681731019058e-17,0.005941297043671703,2.4978381234207658e+17,1683.2265393016503,122526.35275608311,1
coupling_S6_seed20250813,Base,43,38,91619206.40262695,1.8467367455964337e-18,0.005599784562536517,4.961140596844356e+25,16361202003.301083,17960826583.41771,1
coupling_S6_seed20250813,Flat,43,38,16.951928237284093,2.506116103958719e-18,0.0007771779826396194,6.764223018441339e+18,21812.157081069512,18163.551553591376,1
coupling_S6_seed20250813,FlatMat,43,38,119.43129805377431,2.111393544882029e-16,0.009080212575517374,5.6565152594727366e+17,13152.918729655328,18557.42018425611,1
coupling_S6_seed20250813,Ruiz,43,38,91.61952279283466,4.65417028964035e-18,0.0007740240967263777,1.9685468534911414e+19,118367.79136505711,8751888.905064927,1
coupling_S6_seed20250813,SAAug,43,38,91.61941417159763,3.893497675050524e-18,0.0007101062785546792,2.3531390492074385e+19,129022.11533472987,8751888.905064927,1
coupling_S6_seed20250813,SAMat,43,38,10.000563454876398,5.318121309447845e-17,0.007137459990507169,1.880469224556803e+17,1401.137585104107,142449.56280850468,1
coupling_S6_seed20250814,Base,43,38,516.5551724023164,2.4800071744221416e-22,4.5556335071814664e-05,2.0828777341044476e+24,11338821.957210183,1558485187.5211844,1
coupling_S6_seed20250814,Flat,43,38,18.642002107772385,1.874553088932224e-18,0.0004159071937429688,9.944771485981852e+18,44822.50460734557,17981.882915293034,1
coupling_S6_seed20250814,FlatMat,43,38,119.15951271956861,6.811750179007568e-17,0.0049641876920356355,1.7493230019913833e+18,24003.829047548676,14159.238576430313,1
coupling_S6_seed20250814,Ruiz,43,38,24.217643405838768,1.5921055344040385e-21,4.54676981268939e-05,1.5211079217122365e+22,532634.0325883831,80453335.33468653,1
coupling_S6_seed20250814,SAAug,43,38,10.000507297229104,2.00840697478997e-20,4.5389995691715366e-05,4.979323126616263e+20,220324.04156086774,33222620.686331775,1
coupling_S6_seed20250814,SAMat,43,38,10.000597731715875,6.397097842000334e-17,0.004479429209030777,1.5633022940585114e+17,2232.560727057393,141749.9296141252,1
coupling_S6_seed20250815,Base,43,38,387.58409023282036,1.0827933175212464e-20,3.2419986627660704e-05,3.5794835815951113e+22,11955097.165343491,562681079.6763183,1
coupling_S6_seed20250815,Flat,43,38,21.14034425151159,3.799691051177856e-18,0.0006859633742369346,5.563700829034073e+18,30818.473763308575,23585.62323440999,1
coupling_S6_seed20250815,FlatMat,43,38,153.7727311401524,1.6740120804008077e-16,0.0074452711138306045,9.185879417509023e+17,20653.745013327803,23585.623234409915,1
coupling_S6_seed20250815,Ruiz,43,38,23.83181245974407,2.7462725136653043e-18,3.2416772793979555e-05,8.677876045133269e+18,735169.1857546695,90731014.57476982,1
coupling_S6_seed20250815,SAAug,43,38,10.000507151621353,1.896223351045542e-18,3.2414389793256305e-05,5.273907815820989e+18,308520.6050586188,38073290.34163077,1
coupling_S6_seed20250815,SAMat,43,38,10.000562826408023,4.830381692766832e-17,0.0062615114865123235,2.070346291967607e+17,1597.1483639293554,203251.68781182464,1
coupling_S6_seed20250816,Base,43,38,27987571.4806875,4.2568759182574753e-26,0.0003507163086090399,6.574674014022948e+32,79801169189.10255,2095172234380287.8,1
coupling_S6_seed20250816,Flat,43,38,17.16190231040151,1.9140851777306448e-18,0.0007933307820786091,8.966112119811096e+18,21632.719539049704,18271.48499212662,1
coupling_S6_seed20250816,FlatMat,43,38,135.3670652444392,1.4461865486431656e-16,0.009341965886761118,9.36027688623177e+17,14490.211898148054,18271.48499212663,1
coupling_S6_seed20250816,Ruiz,43,38,27.989440492334737,1.5403308828025944e-23,2.598110459457814e-06,1.817105714416933e+24,10772998.657715155,2095172234.3802874,1
coupling_S6_seed20250816,SAAug,43,38,27.988505022530585,7.656934795873298e-23,2.598107678667259e-06,3.6553145310333554e+23,10772650.13006995,2095172234.3802874,1
coupling_S6_seed20250816,SAMat,43,38,10.000568261267105,9.780394653334416e-17,0.007237969856506417,1.0225117304297763e+17,1381.681391264335,182946.51006614108,1
coupling_S6_seed20250817,Base,43,38,253355.1851240384,1.74480967579394e-18,0.004233113361683998,1.452050551065143e+23,59850791.480634905,191250455.46793586,1
coupling_S6_seed20250817,Flat,43,38,29.38411452050902,3.640901863554768e-18,0.0010438914852489603,8.070559334389764e+18,28148.62936974826,31054.434140257807,1
coupling_S6_seed20250817,FlatMat,43,38,149.42577178774826,1.5757362423370168e-16,0.011497814985402411,9.482917748095384e+17,12996.014632124343,22281.913653281383,1
coupling_S6_seed20250817,Ruiz,43,38,29.38468240795215,1.707180684974046e-18,0.001025085461289593,1.7212403272005669e+19,28665.592789683313,3074281.4302742467,1
coupling_S6_seed20250817,SAAug,43,38,29.38411451658267,1.3804396732587164e-18,0.0009273571214240914,2.128605478804985e+19,31685.86711391087,3074281.4302742467,1
coupling_S6_seed20250817,SAMat,43,38,10.000556308385695,1.5628548477534974e-16,0.007999954589403132,6.398902830138606e+16,1250.076634388974,223006.28715152742,1
coupling_S6_seed20250818,Base,43,38,9368803.82123712,3.584888959110829e-24,0.006934063368868826,2.613415346499573e+30,1351127516.8466597,261750225184703.9,1
coupling_S6_seed20250818,Flat,43,38,18.78956086610763,8.687663130239455e-18,0.0008549590132212307,2.1627865381550241e+18,21977.148115339667,17251.110996660624,1
coupling_S6_seed20250818,FlatMat,43,38,121.96316336183946,1.4214407761107157e-16,0.00994850743432303,8.580249378771148e+17,12259.44335539804,14782.595972270763,1
coupling_S6_seed20250818,Ruiz,43,38,24.597118028994203,1.1585123850261204e-21,9.073429020040592e-06,2.1231640116164683e+22,2710895.514216979,688385080.6355007,1
coupling_S6_seed20250818,SAAug,43,38,10.004076869808959,2.4267575602641742e-21,9.073376516158191e-06,4.1224047402246173e+21,1102574.8630615452,279878114.92814434,1
coupling_S6_seed20250818,SAMat,43,38,10.000564897812577,2.6885033705806214e-17,0.007922709826300361,3.7197516682498374e+17,1262.2657041678508,148262.99458891328,1
coupling_S6_seed20250819,Base,43,37,1762.611702744769,3.3163193772589934e-19,0.0011356682743600991,5.314963675789284e+21,1552048.0254129893,180249993.78937757,1
coupling_S6_seed20250819,Flat,43,37,10.004215795115073,6.494164782716719e-18,0.0008532223166599165,1.540493062593645e+18,11725.215808088884,7929.699343187397,1
coupling_S6_seed20250819,FlatMat,43,37,88.16203475568098,1.2995836692128855e-16,0.010097730127469205,6.783867544986756e+17,8730.876508162042,7737.6482180741905,1
coupling_S6_seed20250819,Ruiz,43,37,24.780719169627428,2.015007871565633e-18,0.000937393139917054,1.2298075615145441e+19,26435.780372598172,2552930.5714845452,1
coupling_S6_seed20250819,SAAug,43,37,10.000503345065688,1.2893703574012236e-18,0.0008497658991981884,7.756113895174458e+18,11768.539258284945,1030259.9393297805,1
coupling_S6_seed20250819,SAMat,43,37,10.000553923135485,1.5097933634017956e-16,0.008152593956580658,6.623789828167416e+16,1226.6714099091344,84233.60913415796,1
coupling_S6_seed20250820,Base,43,38,10462139.72122241,1.2491483198425651e-18,0.00022757720170396263,8.37541831905197e+24,45971826891.65758,11917623686345.34,1
coupling_S6_seed20250820,Flat,43,38,21.73909499328384,6.563388578698273e-18,0.0008522138394625782,3.312175522235404e+18,25508.96733499765,29652.05014337392,1
coupling_S6_seed20250820,FlatMat,43,38,154.0762546630222,1.2755099010936163e-16,0.009900913740328945,1.2079581234996134e+18,15561.821737263537,23724.313360550037,1
coupling_S6_seed20250820,Ruiz,43,38,24.848936653495777,4.7809255929823606e-20,5.459888539125131e-05,5.1975158722340435e+20,455118.02073302877,127517756.8218365,1
coupling_S6_seed20250820,SAAug,43,38,10.464195250827089,7.263297964236973e-20,5.4592087793682455e-05,1.4406947508350468e+20,191679.70439917914,53680206.848207995,1
coupling_S6_seed20250820,SAMat,43,38,10.00055792587623,6.278005151009074e-17,0.007113868920546048,1.592951532425682e+17,1405.7832717430229,237292.79774919242,1
coupling_S6_seed20250821,Base,43,38,6049709.341821256,1.7226187879175717e-18,0.004436858809308831,3.511925786630128e+24,1363511800.0889628,1157938056.0001132,1
coupling_S6_seed20250821,Flat,43,38,18.138903599528657,1.7468777038090636e-18,0.0008122477444053081,1.0383613895796376e+19,22331.737729612483,11585.854835534314,1
coupling_S6_seed20250821,FlatMat,43,38,102.89189373675381,1.2636696507315413e-16,0.009055781166859348,8.14230947757505e+17,11362.011939212742,10512.809407341729,1
coupling_S6_seed20250821,Ruiz,43,38,24.646633455034934,1.6565723089562997e-18,0.0007394168948844968,1.4878090936195355e+19,33332.52678637394,2802453.5222120355,1
coupling_S6_seed20250821,SAAug,43,38,10.000601397839416,1.983196489097462e-18,0.0006797474341555177,5.042667961958028e+18,14712.231183724341,1137110.1270646448,1
coupling_S6_seed20250821,SAMat,43,38,10.00055220572622,1.04863123927063e-16,0.007977888734390481,9.536767388965117e+16,1253.533677728118,105466.88411790453,1
coupling_S6_seed20250822,Base,43,38,362.8979041024322,1.1997771602115777e-20,0.0005416956475532055,3.0247108891324124e+22,669929.5180635327,35301623.335136436,1
coupling_S6_seed20250822,Flat,43,38,20.520577717812632,2.788675423293811e-18,0.0003286079736599349,7.35853930737303e+18,62446.98656962193,17270.973242858505,1
coupling_S6_seed20250822,FlatMat,43,38,121.09603330102097,9.645625498282295e-17,0.003783976286570882,1.2554502901090852e+18,32002.323516345474,14649.985193304678,1
coupling_S6_seed20250822,Ruiz,43,38,24.925714889694685,1.4305882920215722e-18,0.0003486759083513265,1.7423401986935052e+19,71486.77121844474,5933758.2821328165,1
coupling_S6_seed20250822,SAAug,43,38,10.000500678785077,5.942526264262216e-18,0.0003015848726142631,1.6828702531660872e+18,33159.821950274156,2380696.0101362355,1
coupling_S6_seed20250822,SAMat,43,38,10.000561446299898,2.975427307408482e-17,0.003410502305982865,3.361050502359649e+17,2932.2840300551734,210338.06392616162,1
coupling_S6_seed20250823,Base,43,38,9229024.72887359,2.691232083732304e-18,0.002523928789291505,3.4292935137999785e+24,3656610585.8574085,1751731950.633993,1
coupling_S6_seed20250823,Flat,43,38,20.71513882120844,3.0334590870898087e-18,0.001170157929553029,6.828883537401455e+18,17702.8572793769,19681.85434092741,1
coupling_S6_seed20250823,FlatMat,43,38,140.53115546828215,1.1461311491486104e-16,0.01361397520491876,1.2261350332610191e+18,10322.565845243198,19681.85434092743,1
coupling_S6_seed20250823,Ruiz,43,38,24.52014473764484,1.739871379022313e-18,0.0006576391187328632,1.4093078967379452e+19,37285.106738921146,6185539.97439266,1
coupling_S6_seed20250823,SAAug,43,38,10.003367958104828,2.1926487709185985e-18,0.0006406418216375731,4.5622299799132764e+18,15614.603387170031,2522762.1278884294,1
coupling_S6_seed20250823,SAMat,43,38,10.000551473563295,3.538657257013956e-17,0.010934018011781725,2.8260864919147648e+17,914.6273092642986,197131.85204552131,1
coupling_S6_seed20250824,Base,43,38,33813.085955702794,6.413763504379294e-25,5.093607903404831e-06,5.271957086134427e+28,6638337028.867176,1052927427187.2615,1
coupling_S6_seed20250824,Flat,43,38,17.62694991163527,1.6214850145595481e-18,0.0004985500605790404,1.0870868218552955e+19,35356.429184187575,15184.418952532018,1
coupling_S6_seed20250824,FlatMat,43,38,107.88048490516609,1.7556665956483434e-16,0.005640913773716793,6.144702255688092e+17,19124.647039957097,11597.213383882146,1
coupling_S6_seed20250824,Ruiz,43,38,23.932429191692638,1.847684388305323e-21,5.09359587764363e-06,1.2952660824094107e+22,4698533.171179674,746439366.2492048,1
coupling_S6_seed20250824,SAAug,43,38,10.000509343876832,1.4991425070714381e-21,5.093587009348236e-06,6.670819683055176e+21,1963353.001631845,311910122.01040024,1
coupling_S6_seed20250824,SAMat,43,38,10.00056141658964,1.5271582848324206e-16,0.005178316804912318,6.548477335921358e+16,1931.2378507052304,116161.66225933342,1
coupling_S6_seed20250825,Base,43,38,55386.73699568893,4.462313457774007e-25,3.101243915712576e-05,1.2412112577882013e+29,1785952298.5299487,174950034766.2252,1
coupling_S6_seed20250825,Flat,43,38,12.265106888860842,2.0704994845109235e-18,0.0013465381586595685,5.923743029454559e+18,9108.62184631316,9223.83801688409,1
coupling_S6_seed20250825,FlatMat,43,38,96.15424651045028,3.194772254481886e-16,0.015408630653174323,3.009737122123722e+17,6240.284985391716,9223.838016884112,1
coupling_S6_seed20250825,Ruiz,43,38,24.78008595765345,2.5637696903253963e-21,3.101056290588558e-05,9.6654883046489e+21,799085.3320805205,78396429.74756931,1
coupling_S6_seed20250825,SAAug,43,38,10.000506532581488,8.339224784029932e-21,3.1009454192573126e-05,1.1992129714182787e+21,322498.6312392639,31638449.46129194,1
coupling_S6_seed20250825,SAMat,43,38,10.000561258958971,3.5855916530131337e-17,0.010829555991897782,2.7890965360082346e+17,923.4507182419085,92328.09375838429,1
coupling_S6_seed20250826,Base,43,38,1640.6962915873007,5.362026325973221e-20,0.003898743770899209,3.059843782638479e+22,420826.909383914,58465886.91683959,1
coupling_S6_seed20250826,Flat,43,38,13.699652558481402,2.6680160528769296e-18,0.001135176368631855,5.134771413278802e+18,12068.303161554175,13874.59596233076,1
coupling_S6_seed20250826,FlatMat,43,38,116.71111490940899,8.840184582302795e-17,0.012818014917528594,1.320233913928149e+18,9105.240995608994,13587.228334487976,1
coupling_S6_seed20250826,Ruiz,43,38,25.112197515420554,1.6013930091873847e-18,0.0008921874285359042,1.5681470676685142e+19,28146.77355029551,3322842.729637791,1
coupling_S6_seed20250826,SAAug,43,38,10.000508659850276,3.3432647736299656e-18,0.0008584406838044498,2.9912404003204854e+18,11649.621049563817,1323264.8694441714,1
coupling_S6_seed20250826,SAMat,43,38,10.00056271607857,1.9097226886043918e-16,0.008317328613117375,5.236657016096348e+16,1202.3767703859316,136022.74433532186,1
coupling_S6_seed20250827,Base,43,38,13757.022118733325,4.791265842026725e-19,0.004085341291429412,2.871270885882226e+22,3367410.7344700955,2671024.087104973,1
coupling_S6_seed20250827,Flat,43,38,18.232222665815687,1.536267526884043e-18,5.435106391437651e-05,1.1867869590913933e+19,335452.9121000894,15769.673858684113,1
coupling_S6_seed20250827,FlatMat,43,38,125.99159893342626,1.6753901768614873e-17,0.0005869277755893403,7.520134752696631e+18,214662.86683556045,15769.673858684151,1
coupling_S6_seed20250827,Ruiz,43,38,24.820480473458332,5.894778374223491e-19,7.474413735645424e-05,4.2105875569457504e+19,332072.6059769697,7310625.252125537,1
coupling_S6_seed20250827,SAAug,43,38,10.000509883413569,2.733814684967489e-18,5.421941104306948e-05,3.658078924809235e+18,184445.19575230373,2339731.667978712,1
coupling_S6_seed20250827,SAMat,43,38,10.000563625612996,5.710886841487196e-17,0.0005866069427120531,1.7511402174813024e+17,17048.15081011061,158193.66338820546,1
coupling_S6_seed20250828,Base,43,38,478.67775557646087,7.697257319508324e-26,1.9380858613780113e-06,6.218809320084381e+27,246984803.46795008,46371642619.98454,1
coupling_S6_seed20250828,Flat,43,38,24.0660989175218,1.321711368472646e-18,0.0008231590027570944,1.8208286235240829e+19,29236.27007287127,30651.667899540753,1
coupling_S6_seed20250828,FlatMat,43,38,140.01580370364022,9.742698955989986e-17,0.008434076986384197,1.4371356883356844e+18,16601.200573539805,19568.85075924086,1
coupling_S6_seed20250828,Ruiz,43,38,25.113729661909684,8.92509557378506e-23,1.9380833726879063e-06,2.813833135375508e+23,12958023.383214794,2573511351.984867,1
coupling_S6_seed20250828,SAAug,43,38,10.000506688591923,2.1539258637955017e-35,1.9380822287356693e-06,4.642920565041969e+35,5160001.232308843,1024794033.8975447,1
coupling_S6_seed20250828,SAMat,43,38,10.00055201787217,1.8607345482250916e-17,0.0064516897532039645,5.3745183736237114e+17,1550.0670987636704,195825.42511467222,1
coupling_S6_seed20250829,Base,43,38,123815.71174924004,1.6847076504796696e-21,0.0003060294684160198,7.3493885846596155e+25,404587546.3892373,70776727514.19405,1
coupling_S6_seed20250829,Flat,43,38,13.42089719174118,3.6172570061686575e-18,0.001425759385065247,3.7102415362950354e+18,9413.157179482287,14239.214715724745,1
coupling_S6_seed20250829,FlatMat,43,38,117.39688084717136,1.1982421270044904e-16,0.01323012263788402,9.79742559549748e+17,8873.453713196071,13754.55142803731,1
coupling_S6_seed20250829,Ruiz,43,38,21.805383602229238,1.792453991501621e-19,0.00011618141136870179,1.216510086485504e+20,187683.92762100158,24421439.416995514,1
coupling_S6_seed20250829,SAAug,43,38,10.000500571160151,1.069979759727894e-18,0.00011611737125575184,9.346439014606567e+18,86124.06966339052,11200289.326644465,1
coupling_S6_seed20250829,SAMat,43,38,10.000546704224693,1.7567476099536912e-16,0.0077972264695333185,5.6926485327555464e+16,1282.5774322832062,137664.5942953506,1
coupling_S6_seed20250830,Base,43,38,17008.734296799168,5.565597445862176e-21,2.592792302171422e-05,3.056048243202454e+24,656000647.7400687,155735706964.90482,1
coupling_S6_seed20250830,Flat,43,38,17.923619543809195,1.4233493112136245e-18,0.0009641833728505113,1.2592565579370359e+19,18589.43023547462,18373.18730057503,1
coupling_S6_seed20250830,FlatMat,43,38,135.67278310742486,2.8625125538931206e-16,0.010349646312724385,4.7396397588861216e+17,13108.929426952667,18373.187300574977,1
coupling_S6_seed20250830,Ruiz,43,38,23.906875894898022,1.3685989830221472e-18,2.59212347417102e-05,1.7468137994744623e+19,922289.2401969245,219065219.32763276,1
coupling_S6_seed20250830,SAAug,43,38,10.000500659030877,2.430638766738322e-18,2.591948427802033e-05,4.1143508430298614e+18,385829.4614106686,91637307.23111446,1
coupling_S6_seed20250830,SAMat,43,38,10.00055830915829,4.197557043614274e-17,0.008130774039632778,2.38247109098186e+17,1229.9638706488956,183876.4216570514,1
coupling_S6_seed20250831,Base,43,38,121006.81791075056,1.5733672853866428e-18,0.0006470076284947247,7.690945339632766e+22,187025334.14061156,27198996651.167984,1
coupling_S6_seed20250831,Flat,43,38,15.913862278235253,4.015310031599034e-18,0.0011280673058716648,3.9632960227227607e+18,14107.192182064447,14578.282554528272,1
coupling_S6_seed20250831,FlatMat,43,38,120.80215491436658,6.763832311378481e-17,0.010371204041411083,1.7860016238301286e+18,11647.842857205083,14578.282554528318,1
coupling_S6_seed20250831,Ruiz,43,38,22.954741203738337,2.5911261098181718e-18,0.0006207873854080706,8.858982631821479e+18,36976.81644843538,5178696.912537355,1
coupling_S6_seed20250831,SAAug,43,38,10.000507751020727,7.211440874545962e-19,0.0006104362179661121,1.386755840475551e+19,16382.559646183867,2256159.551255611,1
coupling_S6_seed20250831,SAMat,43,38,10.000547307270844,1.0267224865321727e-16,0.007644592684107433,9.740263253655226e+16,1308.1857622135021,145825.64976123945,1
coupling_S6_seed20250832,Base,43,38,6054589.099769791,3.379087054645536e-19,2.7040226507204596e-05,1.791782514583636e+25,223910443137.61966,24256580114455.383,1
coupling_S6_seed20250832,Flat,43,38,16.519411916099493,5.2265251296631364e-18,0.0015658375488143,3.1606873603923937e+18,10549.888734376369,14055.963578969291,1
coupling_S6_seed20250832,FlatMat,43,38,118.63003503443434,1.1678469777450522e-16,0.017651944564478307,1.0158011905249111e+18,6720.508021147889,14055.963578969287,1
coupling_S6_seed20250832,Ruiz,43,38,24.525008630484574,3.1183870551940596e-18,2.70375017001073e-05,7.864645471008846e+18,907073.7711830544,98410355.49716334,1
coupling_S6_seed20250832,SAAug,43,38,10.000789392536726,5.6854115861836975e-18,2.7036695852492848e-05,1.7590264558576494e+18,369896.87819470104,40128538.83350192,1
coupling_S6_seed20250832,SAMat,43,38,10.000573618594078,7.414974611574416e-18,0.009764699655138693,1.3486996439588165e+18,1024.1557827466056,140620.04842789762,1
